Workbook

Sheet Capas
A1: Barrido vertical por capas y factor de recuperación
A2: Modelo de 20 capas con desplazamiento tipo pistón y sin flujo cruzado. Ejemplo didáctico.
A4: Parámetro | B4: Valor | C4: Unidad
A5: Heterogeneidad Dykstra-Parsons V | B5: 0.7 | C5: 0 a 0,9
A6: Viscosidad del agua inyectada | B6: 0.5 | C6: cP
A7: Viscosidad del petróleo | B7: 6 | C7: cP
A8: Permeabilidad relativa final del agua krw0 | B8: 0.35
A9: Permeabilidad relativa final del petróleo kro0 | B9: 0.9
A10: Saturación de agua connata Swc | B10: 0.2
A11: Saturación de petróleo residual Sor | B11: 0.3
A12: Corte de agua límite | B12: 0.95
A14: σ de ln k = −ln(1 − V) | B14: =IF(B5=0,0,-LN(1-B5)) -> 1.2039728
A15: Razón de movilidad M | B15: =(B8/B6)/(B9/B7) -> 4.6666667
A16: Eficiencia de desplazamiento Ed | B16: =(1-B10-B11)/(1-B10) -> 0.625
A17: Barrido vertical Ev al corte límite | B17: =INDEX(Tiempo!D50:BK50,MATCH(1,Tiempo!D51:BK51,0)) -> 0.91961818
A18: Factor de recuperación = Ev × Ed (barrido areal supuesto 100 %) | B18: =B17*B16 -> 0.57476136
A20: Si M > 1 el desplazamiento es desfavorable. Un polímero baja M al subir la viscosidad del agua; un tensioactivo o un gas miscible bajan Sor. Los cálculos por capa están en la hoja Tiempo.

Sheet Tiempo
A1: Posición del frente por capa a lo largo del tiempo
A2: Filas 6–25: posición x del frente (1 = ya irrumpió). Filas 28–47: caudal relativo de cada capa.
A4: Capa | B4: k relativa | C4: Irrupción (tb) | D4: 1 | E4: 2 | F4: 3 | G4: 4 | H4: 5 | I4: 6 | J4: 7 | K4: 8 | L4: 9 | M4: 10 | N4: 11 | O4: 12 | P4: 13 | Q4: 14 | R4: 15 | S4: 16 | T4: 17 | U4: 18 | V4: 19 | W4: 20 | X4: 21 | Y4: 22 | Z4: 23 | AA4: 24 | AB4: 25 | AC4: 26 | AD4: 27 | AE4: 28 | AF4: 29 | AG4: 30 | AH4: 31 | AI4: 32 | AJ4: 33 | AK4: 34 | AL4: 35 | AM4: 36 | AN4: 37 | AO4: 38 | AP4: 39 | AQ4: 40 | AR4: 41 | AS4: 42 | AT4: 43 | AU4: 44 | AV4: 45 | AW4: 46 | AX4: 47 | AY4: 48 | AZ4: 49 | BA4: 50 | BB4: 51 | BC4: 52 | BD4: 53 | BE4: 54 | BF4: 55 | BG4: 56 | BH4: 57 | BI4: 58 | BJ4: 59 | BK4: 60
A5: Tiempo | D5: =MIN($C$6:$C$25)*0.2*(MAX($C$6:$C$25)*3/(MIN($C$6:$C$25)*0.2))^(0/59) -> 0.053518528 | E5: =MIN($C$6:$C$25)*0.2*(MAX($C$6:$C$25)*3/(MIN($C$6:$C$25)*0.2))^(1/59) -> 0.060698462 | F5: =MIN($C$6:$C$25)*0.2*(MAX($C$6:$C$25)*3/(MIN($C$6:$C$25)*0.2))^(2/59) -> 0.068841642 | G5: =MIN($C$6:$C$25)*0.2*(MAX($C$6:$C$25)*3/(MIN($C$6:$C$25)*0.2))^(3/59) -> 0.078077293 | H5: =MIN($C$6:$C$25)*0.2*(MAX($C$6:$C$25)*3/(MIN($C$6:$C$25)*0.2))^(4/59) -> 0.08855198 | I5: =MIN($C$6:$C$25)*0.2*(MAX($C$6:$C$25)*3/(MIN($C$6:$C$25)*0.2))^(5/59) -> 0.10043193 | J5: =MIN($C$6:$C$25)*0.2*(MAX($C$6:$C$25)*3/(MIN($C$6:$C$25)*0.2))^(6/59) -> 0.11390567 | K5: =MIN($C$6:$C$25)*0.2*(MAX($C$6:$C$25)*3/(MIN($C$6:$C$25)*0.2))^(7/59) -> 0.12918702 | L5: =MIN($C$6:$C$25)*0.2*(MAX($C$6:$C$25)*3/(MIN($C$6:$C$25)*0.2))^(8/59) -> 0.14651848 | M5: =MIN($C$6:$C$25)*0.2*(MAX($C$6:$C$25)*3/(MIN($C$6:$C$25)*0.2))^(9/59) -> 0.16617509 | N5: =MIN($C$6:$C$25)*0.2*(MAX($C$6:$C$25)*3/(MIN($C$6:$C$25)*0.2))^(10/59) -> 0.1884688 | O5: =MIN($C$6:$C$25)*0.2*(MAX($C$6:$C$25)*3/(MIN($C$6:$C$25)*0.2))^(11/59) -> 0.21375338 | P5: =MIN($C$6:$C$25)*0.2*(MAX($C$6:$C$25)*3/(MIN($C$6:$C$25)*0.2))^(12/59) -> 0.24243009 | Q5: =MIN($C$6:$C$25)*0.2*(MAX($C$6:$C$25)*3/(MIN($C$6:$C$25)*0.2))^(13/59) -> 0.274954 | R5: =MIN($C$6:$C$25)*0.2*(MAX($C$6:$C$25)*3/(MIN($C$6:$C$25)*0.2))^(14/59) -> 0.31184126 | S5: =MIN($C$6:$C$25)*0.2*(MAX($C$6:$C$25)*3/(MIN($C$6:$C$25)*0.2))^(15/59) -> 0.35367724 | T5: =MIN($C$6:$C$25)*0.2*(MAX($C$6:$C$25)*3/(MIN($C$6:$C$25)*0.2))^(16/59) -> 0.40112584 | U5: =MIN($C$6:$C$25)*0.2*(MAX($C$6:$C$25)*3/(MIN($C$6:$C$25)*0.2))^(17/59) -> 0.45494005 | V5: =MIN($C$6:$C$25)*0.2*(MAX($C$6:$C$25)*3/(MIN($C$6:$C$25)*0.2))^(18/59) -> 0.51597386 | W5: =MIN($C$6:$C$25)*0.2*(MAX($C$6:$C$25)*3/(MIN($C$6:$C$25)*0.2))^(19/59) -> 0.58519584 | X5: =MIN($C$6:$C$25)*0.2*(MAX($C$6:$C$25)*3/(MIN($C$6:$C$25)*0.2))^(20/59) -> 0.6637045 | Y5: =MIN($C$6:$C$25)*0.2*(MAX($C$6:$C$25)*3/(MIN($C$6:$C$25)*0.2))^(21/59) -> 0.75274571 | Z5: =MIN($C$6:$C$25)*0.2*(MAX($C$6:$C$25)*3/(MIN($C$6:$C$25)*0.2))^(22/59) -> 0.85373251 | AA5: =MIN($C$6:$C$25)*0.2*(MAX($C$6:$C$25)*3/(MIN($C$6:$C$25)*0.2))^(23/59) -> 0.96826749 | AB5: =MIN($C$6:$C$25)*0.2*(MAX($C$6:$C$25)*3/(MIN($C$6:$C$25)*0.2))^(24/59) -> 1.0981682 | AC5: =MIN($C$6:$C$25)*0.2*(MAX($C$6:$C$25)*3/(MIN($C$6:$C$25)*0.2))^(25/59) -> 1.2454962 | AD5: =MIN($C$6:$C$25)*0.2*(MAX($C$6:$C$25)*3/(MIN($C$6:$C$25)*0.2))^(26/59) -> 1.4125894 | AE5: =MIN($C$6:$C$25)*0.2*(MAX($C$6:$C$25)*3/(MIN($C$6:$C$25)*0.2))^(27/59) -> 1.6020994 | AF5: =MIN($C$6:$C$25)*0.2*(MAX($C$6:$C$25)*3/(MIN($C$6:$C$25)*0.2))^(28/59) -> 1.8170338 | AG5: =MIN($C$6:$C$25)*0.2*(MAX($C$6:$C$25)*3/(MIN($C$6:$C$25)*0.2))^(29/59) -> 2.0608033 | AH5: =MIN($C$6:$C$25)*0.2*(MAX($C$6:$C$25)*3/(MIN($C$6:$C$25)*0.2))^(30/59) -> 2.3372763 | AI5: =MIN($C$6:$C$25)*0.2*(MAX($C$6:$C$25)*3/(MIN($C$6:$C$25)*0.2))^(31/59) -> 2.6508405 | AJ5: =MIN($C$6:$C$25)*0.2*(MAX($C$6:$C$25)*3/(MIN($C$6:$C$25)*0.2))^(32/59) -> 3.0064717 | AK5: =MIN($C$6:$C$25)*0.2*(MAX($C$6:$C$25)*3/(MIN($C$6:$C$25)*0.2))^(33/59) -> 3.4098137 | AL5: =MIN($C$6:$C$25)*0.2*(MAX($C$6:$C$25)*3/(MIN($C$6:$C$25)*0.2))^(34/59) -> 3.8672672 | AM5: =MIN($C$6:$C$25)*0.2*(MAX($C$6:$C$25)*3/(MIN($C$6:$C$25)*0.2))^(35/59) -> 4.3860917 | AN5: =MIN($C$6:$C$25)*0.2*(MAX($C$6:$C$25)*3/(MIN($C$6:$C$25)*0.2))^(36/59) -> 4.9745207 | AO5: =MIN($C$6:$C$25)*0.2*(MAX($C$6:$C$25)*3/(MIN($C$6:$C$25)*0.2))^(37/59) -> 5.641892 | AP5: =MIN($C$6:$C$25)*0.2*(MAX($C$6:$C$25)*3/(MIN($C$6:$C$25)*0.2))^(38/59) -> 6.3987966 | AQ5: =MIN($C$6:$C$25)*0.2*(MAX($C$6:$C$25)*3/(MIN($C$6:$C$25)*0.2))^(39/59) -> 7.2572458 | AR5: =MIN($C$6:$C$25)*0.2*(MAX($C$6:$C$25)*3/(MIN($C$6:$C$25)*0.2))^(40/59) -> 8.2308628 | AS5: =MIN($C$6:$C$25)*0.2*(MAX($C$6:$C$25)*3/(MIN($C$6:$C$25)*0.2))^(41/59) -> 9.3350982 | AT5: =MIN($C$6:$C$25)*0.2*(MAX($C$6:$C$25)*3/(MIN($C$6:$C$25)*0.2))^(42/59) -> 10.587476 | AU5: =MIN($C$6:$C$25)*0.2*(MAX($C$6:$C$25)*3/(MIN($C$6:$C$25)*0.2))^(43/59) -> 12.007869 | AV5: =MIN($C$6:$C$25)*0.2*(MAX($C$6:$C$25)*3/(MIN($C$6:$C$25)*0.2))^(44/59) -> 13.61882 | AW5: =MIN($C$6:$C$25)*0.2*(MAX($C$6:$C$25)*3/(MIN($C$6:$C$25)*0.2))^(45/59) -> 15.445893 | AX5: =MIN($C$6:$C$25)*0.2*(MAX($C$6:$C$25)*3/(MIN($C$6:$C$25)*0.2))^(46/59) -> 17.518082 | AY5: =MIN($C$6:$C$25)*0.2*(MAX($C$6:$C$25)*3/(MIN($C$6:$C$25)*0.2))^(47/59) -> 19.868271 | AZ5: =MIN($C$6:$C$25)*0.2*(MAX($C$6:$C$25)*3/(MIN($C$6:$C$25)*0.2))^(48/59) -> 22.533757 | BA5: =MIN($C$6:$C$25)*0.2*(MAX($C$6:$C$25)*3/(MIN($C$6:$C$25)*0.2))^(49/59) -> 25.556839 | BB5: =MIN($C$6:$C$25)*0.2*(MAX($C$6:$C$25)*3/(MIN($C$6:$C$25)*0.2))^(50/59) -> 28.985491 | BC5: =MIN($C$6:$C$25)*0.2*(MAX($C$6:$C$25)*3/(MIN($C$6:$C$25)*0.2))^(51/59) -> 32.874124 | BD5: =MIN($C$6:$C$25)*0.2*(MAX($C$6:$C$25)*3/(MIN($C$6:$C$25)*0.2))^(52/59) -> 37.284449 | BE5: =MIN($C$6:$C$25)*0.2*(MAX($C$6:$C$25)*3/(MIN($C$6:$C$25)*0.2))^(53/59) -> 42.286453 | BF5: =MIN($C$6:$C$25)*0.2*(MAX($C$6:$C$25)*3/(MIN($C$6:$C$25)*0.2))^(54/59) -> 47.959515 | BG5: =MIN($C$6:$C$25)*0.2*(MAX($C$6:$C$25)*3/(MIN($C$6:$C$25)*0.2))^(55/59) -> 54.393664 | BH5: =MIN($C$6:$C$25)*0.2*(MAX($C$6:$C$25)*3/(MIN($C$6:$C$25)*0.2))^(56/59) -> 61.691005 | BI5: =MIN($C$6:$C$25)*0.2*(MAX($C$6:$C$25)*3/(MIN($C$6:$C$25)*0.2))^(57/59) -> 69.967342 | BJ5: =MIN($C$6:$C$25)*0.2*(MAX($C$6:$C$25)*3/(MIN($C$6:$C$25)*0.2))^(58/59) -> 79.354015 | BK5: =MIN($C$6:$C$25)*0.2*(MAX($C$6:$C$25)*3/(MIN($C$6:$C$25)*0.2))^(59/59) -> 89.999985
A6: 1 | B6: =EXP(Capas!$B$14*NORMSINV((A6-0.5)/20)) -> 0.094444461 | C6: =(Capas!$B$15+1)/(2*B6) -> 29.999995 | D6: =IF(D$5>=$C6,1,IF(ABS(Capas!$B$15-1)<0.000001,$B6*D$5,(-1+SQRT(1+2*(Capas!$B$15-1)*$B6*D$5))/(Capas!$B$15-1))) -> 0.0050085385 | E6: =IF(E$5>=$C6,1,IF(ABS(Capas!$B$15-1)<0.000001,$B6*E$5,(-1+SQRT(1+2*(Capas!$B$15-1)*$B6*E$5))/(Capas!$B$15-1))) -> 0.0056736186 | F6: =IF(F$5>=$C6,1,IF(ABS(Capas!$B$15-1)<0.000001,$B6*F$5,(-1+SQRT(1+2*(Capas!$B$15-1)*$B6*F$5))/(Capas!$B$15-1))) -> 0.0064260068 | G6: =IF(G$5>=$C6,1,IF(ABS(Capas!$B$15-1)<0.000001,$B6*G$5,(-1+SQRT(1+2*(Capas!$B$15-1)*$B6*G$5))/(Capas!$B$15-1))) -> 0.0072768872 | H6: =IF(H$5>=$C6,1,IF(ABS(Capas!$B$15-1)<0.000001,$B6*H$5,(-1+SQRT(1+2*(Capas!$B$15-1)*$B6*H$5))/(Capas!$B$15-1))) -> 0.0082388013 | I6: =IF(I$5>=$C6,1,IF(ABS(Capas!$B$15-1)<0.000001,$B6*I$5,(-1+SQRT(1+2*(Capas!$B$15-1)*$B6*I$5))/(Capas!$B$15-1))) -> 0.0093257937 | J6: =IF(J$5>=$C6,1,IF(ABS(Capas!$B$15-1)<0.000001,$B6*J$5,(-1+SQRT(1+2*(Capas!$B$15-1)*$B6*J$5))/(Capas!$B$15-1))) -> 0.010553567 | K6: =IF(K$5>=$C6,1,IF(ABS(Capas!$B$15-1)<0.000001,$B6*K$5,(-1+SQRT(1+2*(Capas!$B$15-1)*$B6*K$5))/(Capas!$B$15-1))) -> 0.011939647 | ... BK6: =IF(BK$5>=$C6,1,IF(ABS(Capas!$B$15-1)<0.000001,$B6*BK$5,(-1+SQRT(1+2*(Capas!$B$15-1)*$B6*BK$5))/(Capas!$B$15-1))) -> 1
A7: 2 | B7: =EXP(Capas!$B$14*NORMSINV((A7-0.5)/20)) -> 0.17672565 | C7: =(Capas!$B$15+1)/(2*B7) -> 16.032383 | D7: =IF(D$5>=$C7,1,IF(ABS(Capas!$B$15-1)<0.000001,$B7*D$5,(-1+SQRT(1+2*(Capas!$B$15-1)*$B7*D$5))/(Capas!$B$15-1))) -> 0.0092995471 | E7: =IF(E$5>=$C7,1,IF(ABS(Capas!$B$15-1)<0.000001,$B7*E$5,(-1+SQRT(1+2*(Capas!$B$15-1)*$B7*E$5))/(Capas!$B$15-1))) -> 0.010523928 | F7: =IF(F$5>=$C7,1,IF(ABS(Capas!$B$15-1)<0.000001,$B7*F$5,(-1+SQRT(1+2*(Capas!$B$15-1)*$B7*F$5))/(Capas!$B$15-1))) -> 0.011906195 | G7: =IF(G$5>=$C7,1,IF(ABS(Capas!$B$15-1)<0.000001,$B7*G$5,(-1+SQRT(1+2*(Capas!$B$15-1)*$B7*G$5))/(Capas!$B$15-1))) -> 0.013465825 | H7: =IF(H$5>=$C7,1,IF(ABS(Capas!$B$15-1)<0.000001,$B7*H$5,(-1+SQRT(1+2*(Capas!$B$15-1)*$B7*H$5))/(Capas!$B$15-1))) -> 0.015224468 | I7: =IF(I$5>=$C7,1,IF(ABS(Capas!$B$15-1)<0.000001,$B7*I$5,(-1+SQRT(1+2*(Capas!$B$15-1)*$B7*I$5))/(Capas!$B$15-1))) -> 0.017206138 | J7: =IF(J$5>=$C7,1,IF(ABS(Capas!$B$15-1)<0.000001,$B7*J$5,(-1+SQRT(1+2*(Capas!$B$15-1)*$B7*J$5))/(Capas!$B$15-1))) -> 0.019437397 | K7: =IF(K$5>=$C7,1,IF(ABS(Capas!$B$15-1)<0.000001,$B7*K$5,(-1+SQRT(1+2*(Capas!$B$15-1)*$B7*K$5))/(Capas!$B$15-1))) -> 0.021947552 | ... BK7: =IF(BK$5>=$C7,1,IF(ABS(Capas!$B$15-1)<0.000001,$B7*BK$5,(-1+SQRT(1+2*(Capas!$B$15-1)*$B7*BK$5))/(Capas!$B$15-1))) -> 1
A8: 3 | B8: =EXP(Capas!$B$14*NORMSINV((A8-0.5)/20)) -> 0.25032646 | C8: =(Capas!$B$15+1)/(2*B8) -> 11.318553 | D8: =IF(D$5>=$C8,1,IF(ABS(Capas!$B$15-1)<0.000001,$B8*D$5,(-1+SQRT(1+2*(Capas!$B$15-1)*$B8*D$5))/(Capas!$B$15-1))) -> 0.013083288 | E8: =IF(E$5>=$C8,1,IF(ABS(Capas!$B$15-1)<0.000001,$B8*E$5,(-1+SQRT(1+2*(Capas!$B$15-1)*$B8*E$5))/(Capas!$B$15-1))) -> 0.014793225 | F8: =IF(F$5>=$C8,1,IF(ABS(Capas!$B$15-1)<0.000001,$B8*F$5,(-1+SQRT(1+2*(Capas!$B$15-1)*$B8*F$5))/(Capas!$B$15-1))) -> 0.01672034 | G8: =IF(G$5>=$C8,1,IF(ABS(Capas!$B$15-1)<0.000001,$B8*G$5,(-1+SQRT(1+2*(Capas!$B$15-1)*$B8*G$5))/(Capas!$B$15-1))) -> 0.01889058 | H8: =IF(H$5>=$C8,1,IF(ABS(Capas!$B$15-1)<0.000001,$B8*H$5,(-1+SQRT(1+2*(Capas!$B$15-1)*$B8*H$5))/(Capas!$B$15-1))) -> 0.021332592 | I8: =IF(I$5>=$C8,1,IF(ABS(Capas!$B$15-1)<0.000001,$B8*I$5,(-1+SQRT(1+2*(Capas!$B$15-1)*$B8*I$5))/(Capas!$B$15-1))) -> 0.024077903 | J8: =IF(J$5>=$C8,1,IF(ABS(Capas!$B$15-1)<0.000001,$B8*J$5,(-1+SQRT(1+2*(Capas!$B$15-1)*$B8*J$5))/(Capas!$B$15-1))) -> 0.027161106 | K8: =IF(K$5>=$C8,1,IF(ABS(Capas!$B$15-1)<0.000001,$B8*K$5,(-1+SQRT(1+2*(Capas!$B$15-1)*$B8*K$5))/(Capas!$B$15-1))) -> 0.030620021 | ... BK8: =IF(BK$5>=$C8,1,IF(ABS(Capas!$B$15-1)<0.000001,$B8*BK$5,(-1+SQRT(1+2*(Capas!$B$15-1)*$B8*BK$5))/(Capas!$B$15-1))) -> 1
A9: 4 | B9: =EXP(Capas!$B$14*NORMSINV((A9-0.5)/20)) -> 0.32458102 | C9: =(Capas!$B$15+1)/(2*B9) -> 8.7292021 | D9: =IF(D$5>=$C9,1,IF(ABS(Capas!$B$15-1)<0.000001,$B9*D$5,(-1+SQRT(1+2*(Capas!$B$15-1)*$B9*D$5))/(Capas!$B$15-1))) -> 0.01685054 | E9: =IF(E$5>=$C9,1,IF(ABS(Capas!$B$15-1)<0.000001,$B9*E$5,(-1+SQRT(1+2*(Capas!$B$15-1)*$B9*E$5))/(Capas!$B$15-1))) -> 0.019037145 | F9: =IF(F$5>=$C9,1,IF(ABS(Capas!$B$15-1)<0.000001,$B9*F$5,(-1+SQRT(1+2*(Capas!$B$15-1)*$B9*F$5))/(Capas!$B$15-1))) -> 0.021497434 | G9: =IF(G$5>=$C9,1,IF(ABS(Capas!$B$15-1)<0.000001,$B9*G$5,(-1+SQRT(1+2*(Capas!$B$15-1)*$B9*G$5))/(Capas!$B$15-1))) -> 0.024263126 | H9: =IF(H$5>=$C9,1,IF(ABS(Capas!$B$15-1)<0.000001,$B9*H$5,(-1+SQRT(1+2*(Capas!$B$15-1)*$B9*H$5))/(Capas!$B$15-1))) -> 0.027369011 | I9: =IF(I$5>=$C9,1,IF(ABS(Capas!$B$15-1)<0.000001,$B9*I$5,(-1+SQRT(1+2*(Capas!$B$15-1)*$B9*I$5))/(Capas!$B$15-1))) -> 0.030853121 | J9: =IF(J$5>=$C9,1,IF(ABS(Capas!$B$15-1)<0.000001,$B9*J$5,(-1+SQRT(1+2*(Capas!$B$15-1)*$B9*J$5))/(Capas!$B$15-1))) -> 0.034756877 | K9: =IF(K$5>=$C9,1,IF(ABS(Capas!$B$15-1)<0.000001,$B9*K$5,(-1+SQRT(1+2*(Capas!$B$15-1)*$B9*K$5))/(Capas!$B$15-1))) -> 0.039125219 | ... BK9: =IF(BK$5>=$C9,1,IF(ABS(Capas!$B$15-1)<0.000001,$B9*BK$5,(-1+SQRT(1+2*(Capas!$B$15-1)*$B9*BK$5))/(Capas!$B$15-1))) -> 1
A10: 5 | B10: =EXP(Capas!$B$14*NORMSINV((A10-0.5)/20)) -> 0.40272588 | C10: =(Capas!$B$15+1)/(2*B10) -> 7.0353893 | D10: =IF(D$5>=$C10,1,IF(ABS(Capas!$B$15-1)<0.000001,$B10*D$5,(-1+SQRT(1+2*(Capas!$B$15-1)*$B10*D$5))/(Capas!$B$15-1))) -> 0.020762946 | E10: =IF(E$5>=$C10,1,IF(ABS(Capas!$B$15-1)<0.000001,$B10*E$5,(-1+SQRT(1+2*(Capas!$B$15-1)*$B10*E$5))/(Capas!$B$15-1))) -> 0.023437741 | F10: =IF(F$5>=$C10,1,IF(ABS(Capas!$B$15-1)<0.000001,$B10*F$5,(-1+SQRT(1+2*(Capas!$B$15-1)*$B10*F$5))/(Capas!$B$15-1))) -> 0.026442439 | G10: =IF(G$5>=$C10,1,IF(ABS(Capas!$B$15-1)<0.000001,$B10*G$5,(-1+SQRT(1+2*(Capas!$B$15-1)*$B10*G$5))/(Capas!$B$15-1))) -> 0.029814129 | H10: =IF(H$5>=$C10,1,IF(ABS(Capas!$B$15-1)<0.000001,$B10*H$5,(-1+SQRT(1+2*(Capas!$B$15-1)*$B10*H$5))/(Capas!$B$15-1))) -> 0.033593246 | I10: =IF(I$5>=$C10,1,IF(ABS(Capas!$B$15-1)<0.000001,$B10*I$5,(-1+SQRT(1+2*(Capas!$B$15-1)*$B10*I$5))/(Capas!$B$15-1))) -> 0.03782371 | J10: =IF(J$5>=$C10,1,IF(ABS(Capas!$B$15-1)<0.000001,$B10*J$5,(-1+SQRT(1+2*(Capas!$B$15-1)*$B10*J$5))/(Capas!$B$15-1))) -> 0.042553033 | K10: =IF(K$5>=$C10,1,IF(ABS(Capas!$B$15-1)<0.000001,$B10*K$5,(-1+SQRT(1+2*(Capas!$B$15-1)*$B10*K$5))/(Capas!$B$15-1))) -> 0.047832401 | ... BK10: =IF(BK$5>=$C10,1,IF(ABS(Capas!$B$15-1)<0.000001,$B10*BK$5,(-1+SQRT(1+2*(Capas!$B$15-1)*$B10*BK$5))/(Capas!$B$15-1))) -> 1
A11: 6 | B11: =EXP(Capas!$B$14*NORMSINV((A11-0.5)/20)) -> 0.48690466 | C11: =(Capas!$B$15+1)/(2*B11) -> 5.8190721 | D11: =IF(D$5>=$C11,1,IF(ABS(Capas!$B$15-1)<0.000001,$B11*D$5,(-1+SQRT(1+2*(Capas!$B$15-1)*$B11*D$5))/(Capas!$B$15-1))) -> 0.024919917 | E11: =IF(E$5>=$C11,1,IF(ABS(Capas!$B$15-1)<0.000001,$B11*E$5,(-1+SQRT(1+2*(Capas!$B$15-1)*$B11*E$5))/(Capas!$B$15-1))) -> 0.028106116 | F11: =IF(F$5>=$C11,1,IF(ABS(Capas!$B$15-1)<0.000001,$B11*F$5,(-1+SQRT(1+2*(Capas!$B$15-1)*$B11*F$5))/(Capas!$B$15-1))) -> 0.03167941 | G11: =IF(G$5>=$C11,1,IF(ABS(Capas!$B$15-1)<0.000001,$B11*G$5,(-1+SQRT(1+2*(Capas!$B$15-1)*$B11*G$5))/(Capas!$B$15-1))) -> 0.03568199 | H11: =IF(H$5>=$C11,1,IF(ABS(Capas!$B$15-1)<0.000001,$B11*H$5,(-1+SQRT(1+2*(Capas!$B$15-1)*$B11*H$5))/(Capas!$B$15-1))) -> 0.040159586 | I11: =IF(I$5>=$C11,1,IF(ABS(Capas!$B$15-1)<0.000001,$B11*I$5,(-1+SQRT(1+2*(Capas!$B$15-1)*$B11*I$5))/(Capas!$B$15-1))) -> 0.045161569 | J11: =IF(J$5>=$C11,1,IF(ABS(Capas!$B$15-1)<0.000001,$B11*J$5,(-1+SQRT(1+2*(Capas!$B$15-1)*$B11*J$5))/(Capas!$B$15-1))) -> 0.05074101 | K11: =IF(K$5>=$C11,1,IF(ABS(Capas!$B$15-1)<0.000001,$B11*K$5,(-1+SQRT(1+2*(Capas!$B$15-1)*$B11*K$5))/(Capas!$B$15-1))) -> 0.056954721 | ... BK11: =IF(BK$5>=$C11,1,IF(ABS(Capas!$B$15-1)<0.000001,$B11*BK$5,(-1+SQRT(1+2*(Capas!$B$15-1)*$B11*BK$5))/(Capas!$B$15-1))) -> 1
A12: 7 | B12: =EXP(Capas!$B$14*NORMSINV((A12-0.5)/20)) -> 0.57907844 | C12: =(Capas!$B$15+1)/(2*B12) -> 4.8928317 | D12: =IF(D$5>=$C12,1,IF(ABS(Capas!$B$15-1)<0.000001,$B12*D$5,(-1+SQRT(1+2*(Capas!$B$15-1)*$B12*D$5))/(Capas!$B$15-1))) -> 0.029406107 | E12: =IF(E$5>=$C12,1,IF(ABS(Capas!$B$15-1)<0.000001,$B12*E$5,(-1+SQRT(1+2*(Capas!$B$15-1)*$B12*E$5))/(Capas!$B$15-1))) -> 0.033136161 | F12: =IF(F$5>=$C12,1,IF(ABS(Capas!$B$15-1)<0.000001,$B12*F$5,(-1+SQRT(1+2*(Capas!$B$15-1)*$B12*F$5))/(Capas!$B$15-1))) -> 0.037312326 | G12: =IF(G$5>=$C12,1,IF(ABS(Capas!$B$15-1)<0.000001,$B12*G$5,(-1+SQRT(1+2*(Capas!$B$15-1)*$B12*G$5))/(Capas!$B$15-1))) -> 0.041981695 | H12: =IF(H$5>=$C12,1,IF(ABS(Capas!$B$15-1)<0.000001,$B12*H$5,(-1+SQRT(1+2*(Capas!$B$15-1)*$B12*H$5))/(Capas!$B$15-1))) -> 0.047195029 | I12: =IF(I$5>=$C12,1,IF(ABS(Capas!$B$15-1)<0.000001,$B12*I$5,(-1+SQRT(1+2*(Capas!$B$15-1)*$B12*I$5))/(Capas!$B$15-1))) -> 0.053006809 | J12: =IF(J$5>=$C12,1,IF(ABS(Capas!$B$15-1)<0.000001,$B12*J$5,(-1+SQRT(1+2*(Capas!$B$15-1)*$B12*J$5))/(Capas!$B$15-1))) -> 0.059475256 | K12: =IF(K$5>=$C12,1,IF(ABS(Capas!$B$15-1)<0.000001,$B12*K$5,(-1+SQRT(1+2*(Capas!$B$15-1)*$B12*K$5))/(Capas!$B$15-1))) -> 0.066662328 | ... BK12: =IF(BK$5>=$C12,1,IF(ABS(Capas!$B$15-1)<0.000001,$B12*BK$5,(-1+SQRT(1+2*(Capas!$B$15-1)*$B12*BK$5))/(Capas!$B$15-1))) -> 1
A13: 8 | B13: =EXP(Capas!$B$14*NORMSINV((A13-0.5)/20)) -> 0.68138136 | C13: =(Capas!$B$15+1)/(2*B13) -> 4.1582196 | D13: =IF(D$5>=$C13,1,IF(ABS(Capas!$B$15-1)<0.000001,$B13*D$5,(-1+SQRT(1+2*(Capas!$B$15-1)*$B13*D$5))/(Capas!$B$15-1))) -> 0.034308553 | E13: =IF(E$5>=$C13,1,IF(ABS(Capas!$B$15-1)<0.000001,$B13*E$5,(-1+SQRT(1+2*(Capas!$B$15-1)*$B13*E$5))/(Capas!$B$15-1))) -> 0.038623833 | F13: =IF(F$5>=$C13,1,IF(ABS(Capas!$B$15-1)<0.000001,$B13*F$5,(-1+SQRT(1+2*(Capas!$B$15-1)*$B13*F$5))/(Capas!$B$15-1))) -> 0.043446771 | G13: =IF(G$5>=$C13,1,IF(ABS(Capas!$B$15-1)<0.000001,$B13*G$5,(-1+SQRT(1+2*(Capas!$B$15-1)*$B13*G$5))/(Capas!$B$15-1))) -> 0.048829211 | H13: =IF(H$5>=$C13,1,IF(ABS(Capas!$B$15-1)<0.000001,$B13*H$5,(-1+SQRT(1+2*(Capas!$B$15-1)*$B13*H$5))/(Capas!$B$15-1))) -> 0.054826724 | I13: =IF(I$5>=$C13,1,IF(ABS(Capas!$B$15-1)<0.000001,$B13*I$5,(-1+SQRT(1+2*(Capas!$B$15-1)*$B13*I$5))/(Capas!$B$15-1))) -> 0.061498629 | J13: =IF(J$5>=$C13,1,IF(ABS(Capas!$B$15-1)<0.000001,$B13*J$5,(-1+SQRT(1+2*(Capas!$B$15-1)*$B13*J$5))/(Capas!$B$15-1))) -> 0.068907968 | K13: =IF(K$5>=$C13,1,IF(ABS(Capas!$B$15-1)<0.000001,$B13*K$5,(-1+SQRT(1+2*(Capas!$B$15-1)*$B13*K$5))/(Capas!$B$15-1))) -> 0.07712147 | ... BK13: =IF(BK$5>=$C13,1,IF(ABS(Capas!$B$15-1)<0.000001,$B13*BK$5,(-1+SQRT(1+2*(Capas!$B$15-1)*$B13*BK$5))/(Capas!$B$15-1))) -> 1
A14: 9 | B14: =EXP(Capas!$B$14*NORMSINV((A14-0.5)/20)) -> 0.79636836 | C14: =(Capas!$B$15+1)/(2*B14) -> 3.5578176 | D14: =IF(D$5>=$C14,1,IF(ABS(Capas!$B$15-1)<0.000001,$B14*D$5,(-1+SQRT(1+2*(Capas!$B$15-1)*$B14*D$5))/(Capas!$B$15-1))) -> 0.039727028 | E14: =IF(E$5>=$C14,1,IF(ABS(Capas!$B$15-1)<0.000001,$B14*E$5,(-1+SQRT(1+2*(Capas!$B$15-1)*$B14*E$5))/(Capas!$B$15-1))) -> 0.044678665 | F14: =IF(F$5>=$C14,1,IF(ABS(Capas!$B$15-1)<0.000001,$B14*F$5,(-1+SQRT(1+2*(Capas!$B$15-1)*$B14*F$5))/(Capas!$B$15-1))) -> 0.050202729 | G14: =IF(G$5>=$C14,1,IF(ABS(Capas!$B$15-1)<0.000001,$B14*G$5,(-1+SQRT(1+2*(Capas!$B$15-1)*$B14*G$5))/(Capas!$B$15-1))) -> 0.056355686 | H14: =IF(H$5>=$C14,1,IF(ABS(Capas!$B$15-1)<0.000001,$B14*H$5,(-1+SQRT(1+2*(Capas!$B$15-1)*$B14*H$5))/(Capas!$B$15-1))) -> 0.063197744 | I14: =IF(I$5>=$C14,1,IF(ABS(Capas!$B$15-1)<0.000001,$B14*I$5,(-1+SQRT(1+2*(Capas!$B$15-1)*$B14*I$5))/(Capas!$B$15-1))) -> 0.070792832 | J14: =IF(J$5>=$C14,1,IF(ABS(Capas!$B$15-1)<0.000001,$B14*J$5,(-1+SQRT(1+2*(Capas!$B$15-1)*$B14*J$5))/(Capas!$B$15-1))) -> 0.079208548 | K14: =IF(K$5>=$C14,1,IF(ABS(Capas!$B$15-1)<0.000001,$B14*K$5,(-1+SQRT(1+2*(Capas!$B$15-1)*$B14*K$5))/(Capas!$B$15-1))) -> 0.088516101 | ... BK14: =IF(BK$5>=$C14,1,IF(ABS(Capas!$B$15-1)<0.000001,$B14*BK$5,(-1+SQRT(1+2*(Capas!$B$15-1)*$B14*BK$5))/(Capas!$B$15-1))) -> 1
A15: 10 | B15: =EXP(Capas!$B$14*NORMSINV((A15-0.5)/20)) -> 0.92728228 | C15: =(Capas!$B$15+1)/(2*B15) -> 3.0555241 | D15: =IF(D$5>=$C15,1,IF(ABS(Capas!$B$15-1)<0.000001,$B15*D$5,(-1+SQRT(1+2*(Capas!$B$15-1)*$B15*D$5))/(Capas!$B$15-1))) -> 0.045783825 | E15: =IF(E$5>=$C15,1,IF(ABS(Capas!$B$15-1)<0.000001,$B15*E$5,(-1+SQRT(1+2*(Capas!$B$15-1)*$B15*E$5))/(Capas!$B$15-1))) -> 0.051434509 | F15: =IF(F$5>=$C15,1,IF(ABS(Capas!$B$15-1)<0.000001,$B15*F$5,(-1+SQRT(1+2*(Capas!$B$15-1)*$B15*F$5))/(Capas!$B$15-1))) -> 0.057726358 | G15: =IF(G$5>=$C15,1,IF(ABS(Capas!$B$15-1)<0.000001,$B15*G$5,(-1+SQRT(1+2*(Capas!$B$15-1)*$B15*G$5))/(Capas!$B$15-1))) -> 0.064720361 | H15: =IF(H$5>=$C15,1,IF(ABS(Capas!$B$15-1)<0.000001,$B15*H$5,(-1+SQRT(1+2*(Capas!$B$15-1)*$B15*H$5))/(Capas!$B$15-1))) -> 0.072481216 | I15: =IF(I$5>=$C15,1,IF(ABS(Capas!$B$15-1)<0.000001,$B15*I$5,(-1+SQRT(1+2*(Capas!$B$15-1)*$B15*I$5))/(Capas!$B$15-1))) -> 0.081077284 | J15: =IF(J$5>=$C15,1,IF(ABS(Capas!$B$15-1)<0.000001,$B15*J$5,(-1+SQRT(1+2*(Capas!$B$15-1)*$B15*J$5))/(Capas!$B$15-1))) -> 0.090580519 | K15: =IF(K$5>=$C15,1,IF(ABS(Capas!$B$15-1)<0.000001,$B15*K$5,(-1+SQRT(1+2*(Capas!$B$15-1)*$B15*K$5))/(Capas!$B$15-1))) -> 0.1010664 | ... BK15: =IF(BK$5>=$C15,1,IF(ABS(Capas!$B$15-1)<0.000001,$B15*BK$5,(-1+SQRT(1+2*(Capas!$B$15-1)*$B15*BK$5))/(Capas!$B$15-1))) -> 1
A16: 11 | B16: =EXP(Capas!$B$14*NORMSINV((A16-0.5)/20)) -> 1.0784203 | C16: =(Capas!$B$15+1)/(2*B16) -> 2.6272998 | D16: =IF(D$5>=$C16,1,IF(ABS(Capas!$B$15-1)<0.000001,$B16*D$5,(-1+SQRT(1+2*(Capas!$B$15-1)*$B16*D$5))/(Capas!$B$15-1))) -> 0.052636106 | E16: =IF(E$5>=$C16,1,IF(ABS(Capas!$B$15-1)<0.000001,$B16*E$5,(-1+SQRT(1+2*(Capas!$B$15-1)*$B16*E$5))/(Capas!$B$15-1))) -> 0.059062985 | F16: =IF(F$5>=$C16,1,IF(ABS(Capas!$B$15-1)<0.000001,$B16*F$5,(-1+SQRT(1+2*(Capas!$B$15-1)*$B16*F$5))/(Capas!$B$15-1))) -> 0.066204625 | G16: =IF(G$5>=$C16,1,IF(ABS(Capas!$B$15-1)<0.000001,$B16*G$5,(-1+SQRT(1+2*(Capas!$B$15-1)*$B16*G$5))/(Capas!$B$15-1))) -> 0.07412646 | H16: =IF(H$5>=$C16,1,IF(ABS(Capas!$B$15-1)<0.000001,$B16*H$5,(-1+SQRT(1+2*(Capas!$B$15-1)*$B16*H$5))/(Capas!$B$15-1))) -> 0.082897571 | I16: =IF(I$5>=$C16,1,IF(ABS(Capas!$B$15-1)<0.000001,$B16*I$5,(-1+SQRT(1+2*(Capas!$B$15-1)*$B16*I$5))/(Capas!$B$15-1))) -> 0.09259062 | J16: =IF(J$5>=$C16,1,IF(ABS(Capas!$B$15-1)<0.000001,$B16*J$5,(-1+SQRT(1+2*(Capas!$B$15-1)*$B16*J$5))/(Capas!$B$15-1))) -> 0.10328178 | K16: =IF(K$5>=$C16,1,IF(ABS(Capas!$B$15-1)<0.000001,$B16*K$5,(-1+SQRT(1+2*(Capas!$B$15-1)*$B16*K$5))/(Capas!$B$15-1))) -> 0.11505069 | ... BK16: =IF(BK$5>=$C16,1,IF(ABS(Capas!$B$15-1)<0.000001,$B16*BK$5,(-1+SQRT(1+2*(Capas!$B$15-1)*$B16*BK$5))/(Capas!$B$15-1))) -> 1
A17: 12 | B17: =EXP(Capas!$B$14*NORMSINV((A17-0.5)/20)) -> 1.2557003 | C17: =(Capas!$B$15+1)/(2*B17) -> 2.256377 | D17: =IF(D$5>=$C17,1,IF(ABS(Capas!$B$15-1)<0.000001,$B17*D$5,(-1+SQRT(1+2*(Capas!$B$15-1)*$B17*D$5))/(Capas!$B$15-1))) -> 0.060494086 | E17: =IF(E$5>=$C17,1,IF(ABS(Capas!$B$15-1)<0.000001,$B17*E$5,(-1+SQRT(1+2*(Capas!$B$15-1)*$B17*E$5))/(Capas!$B$15-1))) -> 0.067793223 | F17: =IF(F$5>=$C17,1,IF(ABS(Capas!$B$15-1)<0.000001,$B17*F$5,(-1+SQRT(1+2*(Capas!$B$15-1)*$B17*F$5))/(Capas!$B$15-1))) -> 0.07588669 | G17: =IF(G$5>=$C17,1,IF(ABS(Capas!$B$15-1)<0.000001,$B17*G$5,(-1+SQRT(1+2*(Capas!$B$15-1)*$B17*G$5))/(Capas!$B$15-1))) -> 0.084844323 | H17: =IF(H$5>=$C17,1,IF(ABS(Capas!$B$15-1)<0.000001,$B17*H$5,(-1+SQRT(1+2*(Capas!$B$15-1)*$B17*H$5))/(Capas!$B$15-1))) -> 0.094739525 | I17: =IF(I$5>=$C17,1,IF(ABS(Capas!$B$15-1)<0.000001,$B17*I$5,(-1+SQRT(1+2*(Capas!$B$15-1)*$B17*I$5))/(Capas!$B$15-1))) -> 0.10564919 | J17: =IF(J$5>=$C17,1,IF(ABS(Capas!$B$15-1)<0.000001,$B17*J$5,(-1+SQRT(1+2*(Capas!$B$15-1)*$B17*J$5))/(Capas!$B$15-1))) -> 0.11765367 | K17: =IF(K$5>=$C17,1,IF(ABS(Capas!$B$15-1)<0.000001,$B17*K$5,(-1+SQRT(1+2*(Capas!$B$15-1)*$B17*K$5))/(Capas!$B$15-1))) -> 0.13083672 | ... BK17: =IF(BK$5>=$C17,1,IF(ABS(Capas!$B$15-1)<0.000001,$B17*BK$5,(-1+SQRT(1+2*(Capas!$B$15-1)*$B17*BK$5))/(Capas!$B$15-1))) -> 1
... A25: 20 | B25: =EXP(Capas!$B$14*NORMSINV((A25-0.5)/20)) -> 10.588233 | C25: =(Capas!$B$15+1)/(2*B25) -> 0.26759264 | D25: =IF(D$5>=$C25,1,IF(ABS(Capas!$B$15-1)<0.000001,$B25*D$5,(-1+SQRT(1+2*(Capas!$B$15-1)*$B25*D$5))/(Capas!$B$15-1))) -> 0.34652314 | E25: =IF(E$5>=$C25,1,IF(ABS(Capas!$B$15-1)<0.000001,$B25*E$5,(-1+SQRT(1+2*(Capas!$B$15-1)*$B25*E$5))/(Capas!$B$15-1))) -> 0.37914547 | F25: =IF(F$5>=$C25,1,IF(ABS(Capas!$B$15-1)<0.000001,$B25*F$5,(-1+SQRT(1+2*(Capas!$B$15-1)*$B25*F$5))/(Capas!$B$15-1))) -> 0.41427214 | G25: =IF(G$5>=$C25,1,IF(ABS(Capas!$B$15-1)<0.000001,$B25*G$5,(-1+SQRT(1+2*(Capas!$B$15-1)*$B25*G$5))/(Capas!$B$15-1))) -> 0.45205391 | H25: =IF(H$5>=$C25,1,IF(ABS(Capas!$B$15-1)<0.000001,$B25*H$5,(-1+SQRT(1+2*(Capas!$B$15-1)*$B25*H$5))/(Capas!$B$15-1))) -> 0.49265059 | I25: =IF(I$5>=$C25,1,IF(ABS(Capas!$B$15-1)<0.000001,$B25*I$5,(-1+SQRT(1+2*(Capas!$B$15-1)*$B25*I$5))/(Capas!$B$15-1))) -> 0.53623178 | J25: =IF(J$5>=$C25,1,IF(ABS(Capas!$B$15-1)<0.000001,$B25*J$5,(-1+SQRT(1+2*(Capas!$B$15-1)*$B25*J$5))/(Capas!$B$15-1))) -> 0.58297768 | K25: =IF(K$5>=$C25,1,IF(ABS(Capas!$B$15-1)<0.000001,$B25*K$5,(-1+SQRT(1+2*(Capas!$B$15-1)*$B25*K$5))/(Capas!$B$15-1))) -> 0.63308003 | ... BK25: =IF(BK$5>=$C25,1,IF(ABS(Capas!$B$15-1)<0.000001,$B25*BK$5,(-1+SQRT(1+2*(Capas!$B$15-1)*$B25*BK$5))/(Capas!$B$15-1))) -> 1
A28: 1 | D28: =IF(D6>=1,$B6/Capas!$B$15,$B6/(Capas!$B$15*D6+1-D6)) -> 0.0927413 | E28: =IF(E6>=1,$B6/Capas!$B$15,$B6/(Capas!$B$15*E6+1-E6)) -> 0.092519748 | F28: =IF(F6>=1,$B6/Capas!$B$15,$B6/(Capas!$B$15*F6+1-F6)) -> 0.092270384 | G28: =IF(G6>=1,$B6/Capas!$B$15,$B6/(Capas!$B$15*G6+1-G6)) -> 0.091989991 | H28: =IF(H6>=1,$B6/Capas!$B$15,$B6/(Capas!$B$15*H6+1-H6)) -> 0.091675055 | I28: =IF(I6>=1,$B6/Capas!$B$15,$B6/(Capas!$B$15*I6+1-I6)) -> 0.091321752 | J28: =IF(J6>=1,$B6/Capas!$B$15,$B6/(Capas!$B$15*J6+1-J6)) -> 0.090925953 | K28: =IF(K6>=1,$B6/Capas!$B$15,$B6/(Capas!$B$15*K6+1-K6)) -> 0.090483222 | ... BK28: =IF(BK6>=1,$B6/Capas!$B$15,$B6/(Capas!$B$15*BK6+1-BK6)) -> 0.020238099
A29: 2 | D29: =IF(D7>=1,$B7/Capas!$B$15,$B7/(Capas!$B$15*D7+1-D7)) -> 0.1708983 | E29: =IF(E7>=1,$B7/Capas!$B$15,$B7/(Capas!$B$15*E7+1-E7)) -> 0.17015958 | F29: =IF(F7>=1,$B7/Capas!$B$15,$B7/(Capas!$B$15*F7+1-F7)) -> 0.16933323 | G29: =IF(G7>=1,$B7/Capas!$B$15,$B7/(Capas!$B$15*G7+1-G7)) -> 0.16841044 | H29: =IF(H7>=1,$B7/Capas!$B$15,$B7/(Capas!$B$15*H7+1-H7)) -> 0.16738188 | I29: =IF(I7>=1,$B7/Capas!$B$15,$B7/(Capas!$B$15*I7+1-I7)) -> 0.16623784 | J29: =IF(J7>=1,$B7/Capas!$B$15,$B7/(Capas!$B$15*J7+1-J7)) -> 0.16496829 | K29: =IF(K7>=1,$B7/Capas!$B$15,$B7/(Capas!$B$15*K7+1-K7)) -> 0.16356302 | ... BK29: =IF(BK7>=1,$B7/Capas!$B$15,$B7/(Capas!$B$15*BK7+1-BK7)) -> 0.037869782
A30: 3 | D30: =IF(D8>=1,$B8/Capas!$B$15,$B8/(Capas!$B$15*D8+1-D8)) -> 0.2388675 | E30: =IF(E8>=1,$B8/Capas!$B$15,$B8/(Capas!$B$15*E8+1-E8)) -> 0.23744691 | F30: =IF(F8>=1,$B8/Capas!$B$15,$B8/(Capas!$B$15*F8+1-F8)) -> 0.23586601 | G30: =IF(G8>=1,$B8/Capas!$B$15,$B8/(Capas!$B$15*G8+1-G8)) -> 0.23411068 | H30: =IF(H8>=1,$B8/Capas!$B$15,$B8/(Capas!$B$15*H8+1-H8)) -> 0.23216651 | I30: =IF(I8>=1,$B8/Capas!$B$15,$B8/(Capas!$B$15*I8+1-I8)) -> 0.23001908 | J30: =IF(J8>=1,$B8/Capas!$B$15,$B8/(Capas!$B$15*J8+1-J8)) -> 0.22765421 | K30: =IF(K8>=1,$B8/Capas!$B$15,$B8/(Capas!$B$15*K8+1-K8)) -> 0.22505839 | ... BK30: =IF(BK8>=1,$B8/Capas!$B$15,$B8/(Capas!$B$15*BK8+1-BK8)) -> 0.053641384
A31: 4 | D31: =IF(D9>=1,$B9/Capas!$B$15,$B9/(Capas!$B$15*D9+1-D9)) -> 0.30569364 | E31: =IF(E9>=1,$B9/Capas!$B$15,$B9/(Capas!$B$15*E9+1-E9)) -> 0.30340265 | F31: =IF(F9>=1,$B9/Capas!$B$15,$B9/(Capas!$B$15*F9+1-F9)) -> 0.30086561 | G31: =IF(G9>=1,$B9/Capas!$B$15,$B9/(Capas!$B$15*G9+1-G9)) -> 0.29806383 | H31: =IF(H9>=1,$B9/Capas!$B$15,$B9/(Capas!$B$15*H9+1-H9)) -> 0.29497898 | I31: =IF(I9>=1,$B9/Capas!$B$15,$B9/(Capas!$B$15*I9+1-I9)) -> 0.29159359 | J31: =IF(J9>=1,$B9/Capas!$B$15,$B9/(Capas!$B$15*J9+1-J9)) -> 0.28789158 | K31: =IF(K9>=1,$B9/Capas!$B$15,$B9/(Capas!$B$15*K9+1-K9)) -> 0.28385887 | ... BK31: =IF(BK9>=1,$B9/Capas!$B$15,$B9/(Capas!$B$15*BK9+1-BK9)) -> 0.069553076
A32: 5 | D32: =IF(D10>=1,$B10/Capas!$B$15,$B10/(Capas!$B$15*D10+1-D10)) -> 0.37423506 | E32: =IF(E10>=1,$B10/Capas!$B$15,$B10/(Capas!$B$15*E10+1-E10)) -> 0.37085518 | F32: =IF(F10>=1,$B10/Capas!$B$15,$B10/(Capas!$B$15*F10+1-F10)) -> 0.36713052 | G32: =IF(G10>=1,$B10/Capas!$B$15,$B10/(Capas!$B$15*G10+1-G10)) -> 0.36303901 | H32: =IF(H10>=1,$B10/Capas!$B$15,$B10/(Capas!$B$15*H10+1-H10)) -> 0.35856015 | I32: =IF(I10>=1,$B10/Capas!$B$15,$B10/(Capas!$B$15*I10+1-I10)) -> 0.35367568 | J32: =IF(J10>=1,$B10/Capas!$B$15,$B10/(Capas!$B$15*J10+1-J10)) -> 0.34837041 | K32: =IF(K10>=1,$B10/Capas!$B$15,$B10/(Capas!$B$15*K10+1-K10)) -> 0.34263303 | ... BK32: =IF(BK10>=1,$B10/Capas!$B$15,$B10/(Capas!$B$15*BK10+1-BK10)) -> 0.086298403
A33: 6 | D33: =IF(D11>=1,$B11/Capas!$B$15,$B11/(Capas!$B$15*D11+1-D11)) -> 0.44613954 | E33: =IF(E11>=1,$B11/Capas!$B$15,$B11/(Capas!$B$15*E11+1-E11)) -> 0.44141437 | F33: =IF(F11>=1,$B11/Capas!$B$15,$B11/(Capas!$B$15*F11+1-F11)) -> 0.43623281 | G33: =IF(G11>=1,$B11/Capas!$B$15,$B11/(Capas!$B$15*G11+1-G11)) -> 0.43057131 | H33: =IF(H11>=1,$B11/Capas!$B$15,$B11/(Capas!$B$15*H11+1-H11)) -> 0.42440958 | I33: =IF(I11>=1,$B11/Capas!$B$15,$B11/(Capas!$B$15*I11+1-I11)) -> 0.4177315 | J33: =IF(J11>=1,$B11/Capas!$B$15,$B11/(Capas!$B$15*J11+1-J11)) -> 0.41052613 | K33: =IF(K11>=1,$B11/Capas!$B$15,$B11/(Capas!$B$15*K11+1-K11)) -> 0.4027887 | ... BK33: =IF(BK11>=1,$B11/Capas!$B$15,$B11/(Capas!$B$15*BK11+1-BK11)) -> 0.10433671
A34: 7 | D34: =IF(D12>=1,$B12/Capas!$B$15,$B12/(Capas!$B$15*D12+1-D12)) -> 0.52271776 | E34: =IF(E12>=1,$B12/Capas!$B$15,$B12/(Capas!$B$15*E12+1-E12)) -> 0.51634313 | F34: =IF(F12>=1,$B12/Capas!$B$15,$B12/(Capas!$B$15*F12+1-F12)) -> 0.5093881 | G34: =IF(G12>=1,$B12/Capas!$B$15,$B12/(Capas!$B$15*G12+1-G12)) -> 0.50183026 | H34: =IF(H12>=1,$B12/Capas!$B$15,$B12/(Capas!$B$15*H12+1-H12)) -> 0.49365262 | I34: =IF(I12>=1,$B12/Capas!$B$15,$B12/(Capas!$B$15*I12+1-I12)) -> 0.48484482 | J34: =IF(J12>=1,$B12/Capas!$B$15,$B12/(Capas!$B$15*J12+1-J12)) -> 0.47540422 | K34: =IF(K12>=1,$B12/Capas!$B$15,$B12/(Capas!$B$15*K12+1-K12)) -> 0.46533684 | ... BK34: =IF(BK12>=1,$B12/Capas!$B$15,$B12/(Capas!$B$15*BK12+1-BK12)) -> 0.12408824
A35: 8 | D35: =IF(D13>=1,$B13/Capas!$B$15,$B13/(Capas!$B$15*D13+1-D13)) -> 0.60524299 | E35: =IF(E13>=1,$B13/Capas!$B$15,$B13/(Capas!$B$15*E13+1-E13)) -> 0.59685441 | F35: =IF(F13>=1,$B13/Capas!$B$15,$B13/(Capas!$B$15*F13+1-F13)) -> 0.58774996 | G35: =IF(G13>=1,$B13/Capas!$B$15,$B13/(Capas!$B$15*G13+1-G13)) -> 0.57791178 | H35: =IF(H13>=1,$B13/Capas!$B$15,$B13/(Capas!$B$15*H13+1-H13)) -> 0.56733022 | I35: =IF(I13>=1,$B13/Capas!$B$15,$B13/(Capas!$B$15*I13+1-I13)) -> 0.55600502 | J35: =IF(J13>=1,$B13/Capas!$B$15,$B13/(Capas!$B$15*J13+1-J13)) -> 0.54394646 | K35: =IF(K13>=1,$B13/Capas!$B$15,$B13/(Capas!$B$15*K13+1-K13)) -> 0.53117607 | ... BK35: =IF(BK13>=1,$B13/Capas!$B$15,$B13/(Capas!$B$15*BK13+1-BK13)) -> 0.14601029
A36: 9 | D36: =IF(D14>=1,$B14/Capas!$B$15,$B14/(Capas!$B$15*D14+1-D14)) -> 0.69511404 | E36: =IF(E14>=1,$B14/Capas!$B$15,$B14/(Capas!$B$15*E14+1-E14)) -> 0.68427003 | F36: =IF(F14>=1,$B14/Capas!$B$15,$B14/(Capas!$B$15*F14+1-F14)) -> 0.67256485 | G36: =IF(G14>=1,$B14/Capas!$B$15,$B14/(Capas!$B$15*G14+1-G14)) -> 0.65998972 | H36: =IF(H14>=1,$B14/Capas!$B$15,$B14/(Capas!$B$15*H14+1-H14)) -> 0.64654717 | I36: =IF(I14>=1,$B14/Capas!$B$15,$B14/(Capas!$B$15*I14+1-I14)) -> 0.63225228 | J36: =IF(J14>=1,$B14/Capas!$B$15,$B14/(Capas!$B$15*J14+1-J14)) -> 0.61713346 | K36: =IF(K14>=1,$B14/Capas!$B$15,$B14/(Capas!$B$15*K14+1-K14)) -> 0.60123281 | ... BK36: =IF(BK14>=1,$B14/Capas!$B$15,$B14/(Capas!$B$15*BK14+1-BK14)) -> 0.17065036
A37: 10 | D37: =IF(D15>=1,$B15/Capas!$B$15,$B15/(Capas!$B$15*D15+1-D15)) -> 0.79399169 | E37: =IF(E15>=1,$B15/Capas!$B$15,$B15/(Capas!$B$15*E15+1-E15)) -> 0.78015109 | F37: =IF(F15>=1,$B15/Capas!$B$15,$B15/(Capas!$B$15*F15+1-F15)) -> 0.76529698 | G37: =IF(G15>=1,$B15/Capas!$B$15,$B15/(Capas!$B$15*G15+1-G15)) -> 0.74943529 | H37: =IF(H15>=1,$B15/Capas!$B$15,$B15/(Capas!$B$15*H15+1-H15)) -> 0.73258675 | I37: =IF(I15>=1,$B15/Capas!$B$15,$B15/(Capas!$B$15*I15+1-I15)) -> 0.71478776 | J37: =IF(J15>=1,$B15/Capas!$B$15,$B15/(Capas!$B$15*J15+1-J15)) -> 0.69609068 | K37: =IF(K15>=1,$B15/Capas!$B$15,$B15/(Capas!$B$15*K15+1-K15)) -> 0.67656353 | ... BK37: =IF(BK15>=1,$B15/Capas!$B$15,$B15/(Capas!$B$15*BK15+1-BK15)) -> 0.19870334
A38: 11 | D38: =IF(D16>=1,$B16/Capas!$B$15,$B16/(Capas!$B$15*D16+1-D16)) -> 0.90395735 | E38: =IF(E16>=1,$B16/Capas!$B$15,$B16/(Capas!$B$15*E16+1-E16)) -> 0.88644742 | F38: =IF(F16>=1,$B16/Capas!$B$15,$B16/(Capas!$B$15*F16+1-F16)) -> 0.86776907 | G38: =IF(G16>=1,$B16/Capas!$B$15,$B16/(Capas!$B$15*G16+1-G16)) -> 0.84794999 | H38: =IF(H16>=1,$B16/Capas!$B$15,$B16/(Capas!$B$15*H16+1-H16)) -> 0.8270362 | I38: =IF(I16>=1,$B16/Capas!$B$15,$B16/(Capas!$B$15*I16+1-I16)) -> 0.80509229 | J38: =IF(J16>=1,$B16/Capas!$B$15,$B16/(Capas!$B$15*J16+1-J16)) -> 0.78220089 | K38: =IF(K16>=1,$B16/Capas!$B$15,$B16/(Capas!$B$15*K16+1-K16)) -> 0.75846141 | ... BK38: =IF(BK16>=1,$B16/Capas!$B$15,$B16/(Capas!$B$15*BK16+1-BK16)) -> 0.23109006
A39: 12 | D39: =IF(D17>=1,$B17/Capas!$B$15,$B17/(Capas!$B$15*D17+1-D17)) -> 1.0277364 | E39: =IF(E17>=1,$B17/Capas!$B$15,$B17/(Capas!$B$15*E17+1-E17)) -> 1.0057066 | F39: =IF(F17>=1,$B17/Capas!$B$15,$B17/(Capas!$B$15*F17+1-F17)) -> 0.98235802 | G39: =IF(G17>=1,$B17/Capas!$B$15,$B17/(Capas!$B$15*G17+1-G17)) -> 0.95774868 | H39: =IF(H17>=1,$B17/Capas!$B$15,$B17/(Capas!$B$15*H17+1-H17)) -> 0.93195828 | I39: =IF(I17>=1,$B17/Capas!$B$15,$B17/(Capas!$B$15*I17+1-I17)) -> 0.90508727 | J39: =IF(J17>=1,$B17/Capas!$B$15,$B17/(Capas!$B$15*J17+1-J17)) -> 0.87725522 | K39: =IF(K17>=1,$B17/Capas!$B$15,$B17/(Capas!$B$15*K17+1-K17)) -> 0.84859831 | ... BK39: =IF(BK17>=1,$B17/Capas!$B$15,$B17/(Capas!$B$15*BK17+1-BK17)) -> 0.26907864
... A47: 20 | D47: =IF(D25>=1,$B25/Capas!$B$15,$B25/(Capas!$B$15*D25+1-D25)) -> 4.6632186 | E47: =IF(E25>=1,$B25/Capas!$B$15,$B25/(Capas!$B$15*E25+1-E25)) -> 4.4298524 | F47: =IF(F25>=1,$B25/Capas!$B$15,$B25/(Capas!$B$15*F25+1-F25)) -> 4.2033516 | G47: =IF(G25>=1,$B25/Capas!$B$15,$B25/(Capas!$B$15*G25+1-G25)) -> 3.984237 | H47: =IF(H25>=1,$B25/Capas!$B$15,$B25/(Capas!$B$15*H25+1-H25)) -> 3.7729077 | I47: =IF(I25>=1,$B25/Capas!$B$15,$B25/(Capas!$B$15*I25+1-I25)) -> 3.5696492 | J47: =IF(J25>=1,$B25/Capas!$B$15,$B25/(Capas!$B$15*J25+1-J25)) -> 3.3746445 | K47: =IF(K25>=1,$B25/Capas!$B$15,$B25/(Capas!$B$15*K25+1-K25)) -> 3.1879849 | ... BK47: =IF(BK25>=1,$B25/Capas!$B$15,$B25/(Capas!$B$15*BK25+1-BK25)) -> 2.2689072
A49: Corte de agua | D49: =SUMPRODUCT((D6:D25>=1)*$B$6:$B$25/Capas!$B$15)/SUM(D28:D47) -> 0 | E49: =SUMPRODUCT((E6:E25>=1)*$B$6:$B$25/Capas!$B$15)/SUM(E28:E47) -> 0 | F49: =SUMPRODUCT((F6:F25>=1)*$B$6:$B$25/Capas!$B$15)/SUM(F28:F47) -> 0 | G49: =SUMPRODUCT((G6:G25>=1)*$B$6:$B$25/Capas!$B$15)/SUM(G28:G47) -> 0 | H49: =SUMPRODUCT((H6:H25>=1)*$B$6:$B$25/Capas!$B$15)/SUM(H28:H47) -> 0 | I49: =SUMPRODUCT((I6:I25>=1)*$B$6:$B$25/Capas!$B$15)/SUM(I28:I47) -> 0 | J49: =SUMPRODUCT((J6:J25>=1)*$B$6:$B$25/Capas!$B$15)/SUM(J28:J47) -> 0 | K49: =SUMPRODUCT((K6:K25>=1)*$B$6:$B$25/Capas!$B$15)/SUM(K28:K47) -> 0 | ... BK49: =SUMPRODUCT((BK6:BK25>=1)*$B$6:$B$25/Capas!$B$15)/SUM(BK28:BK47) -> 1
A50: Barrido vertical Ev | D50: =AVERAGE(D6:D25) -> 0.078346897 | E50: =AVERAGE(E6:E25) -> 0.086946057 | F50: =AVERAGE(F6:F25) -> 0.096374967 | G50: =AVERAGE(G6:G25) -> 0.10669907 | H50: =AVERAGE(H6:H25) -> 0.11798757 | I50: =AVERAGE(I6:I25) -> 0.13031356 | J50: =AVERAGE(J6:J25) -> 0.14375419 | K50: =AVERAGE(K6:K25) -> 0.15839088 | ... BK50: =AVERAGE(BK6:BK25) -> 1
A51: ¿Alcanzó el límite? | D51: =IF(D49>=Capas!$B$12,1,0) -> 0 | E51: =IF(E49>=Capas!$B$12,1,0) -> 0 | F51: =IF(F49>=Capas!$B$12,1,0) -> 0 | G51: =IF(G49>=Capas!$B$12,1,0) -> 0 | H51: =IF(H49>=Capas!$B$12,1,0) -> 0 | I51: =IF(I49>=Capas!$B$12,1,0) -> 0 | J51: =IF(J49>=Capas!$B$12,1,0) -> 0 | K51: =IF(K49>=Capas!$B$12,1,0) -> 0 | ... BK51: =IF(BK49>=Capas!$B$12,1,0) -> 1

Sheet Seleccion
A1: Guía para completar con datos de un campo
A2: Criterios cualitativos de partida. Los rangos numéricos de referencia se consultan en Taber, Martin y Seright (1997) y se validan con laboratorio, simulación y piloto.
A4: Método | B4: Palanca principal | C4: Eficiencia que mejora | D4: Principales restricciones | E4: Dato del campo (completar)
A5: Inyección de agua | B5: Mantener presión y desplazar | C5: Areal y vertical | D5: Razón de movilidad, heterogeneidad
A6: Polímero | B6: Sube la viscosidad del agua | C6: Areal y vertical | D6: Salinidad, dureza, temperatura, cizalla
A7: Tensioactivo / ASP | B7: Baja la tensión interfacial | C7: Desplazamiento | D7: Salinidad, adsorción, costo del químico
A8: Gas inmiscible | B8: Empuje y presión | C8: Desplazamiento parcial | D8: Digitación, segregación gravitacional
A9: Gas miscible / CO₂ | B9: Elimina la tensión interfacial | C9: Desplazamiento | D9: Presión mínima de miscibilidad, fuente de gas
A10: Vapor | B10: Baja la viscosidad | C10: Movilidad | D10: Profundidad, espesor, agua y energía
A11: Combustión in situ | B11: Calor generado en el reservorio | C11: Movilidad | D11: Control y riesgo operativo
