Workbook

Sheet Tiempos
A1: Desglose de tiempos: real vs. mejor demostrado (límite técnico)
A2: Datos de ejemplo (sintéticos) con fines didácticos. Celdas azules sobre fondo crema = entradas editables; el resto son fórmulas.
A4: Operación | B4: Pozo A (d) | C4: Pozo B (d) | D4: Pozo C (d) | E4: Mejor demostrado (d)
A5: Mudanza y armado | B5: 3 | C5: 3.5 | D5: 2.8 | E5: 2.5
A6: Perforación rotando | B6: 14 | C6: 12.5 | D6: 15.5 | E6: 9
A7: Conexiones | B7: 3 | C7: 2.6 | D7: 3.4 | E7: 1.8
A8: Viajes de herramienta | B8: 6 | C8: 5.2 | D8: 6.8 | E8: 3.5
A9: Entubación y cementación | B9: 7 | C9: 6 | D9: 8 | E9: 5
A10: Registros y pruebas | B10: 3.5 | C10: 3 | D10: 3.2 | E10: 2.5
A11: Terminación del pozo | B11: 5 | C11: 4.5 | D11: 5.5 | E11: 4
A12: NPT (de la hoja NPT) | B12: =NPT!B12 -> 7.2 | C12: =NPT!C12 -> 4.8 | D12: =NPT!D12 -> 8.9
A13: Tiempo total (d) | B13: =SUM(B5:B12) -> 48.7 | C13: =SUM(C5:C12) -> 42.1 | D13: =SUM(D5:D12) -> 54.1 | E13: =SUM(E5:E11) -> 28.3
A14: Tiempo productivo (d) | B14: =B13-B12 -> 41.5 | C14: =C13-C12 -> 37.3 | D14: =D13-D12 -> 45.2
A15: Tiempo invisible (d) = productivo − límite técnico | B15: =B14-$E$13 -> 13.2 | C15: =C14-$E$13 -> 9 | D15: =D14-$E$13 -> 16.9
A16: NPT (% del total) | B16: =B12/B13 -> 0.14784394 | C16: =C12/C13 -> 0.11401425 | D16: =D12/D13 -> 0.16451017
A17: Tiempo invisible (% del total) | B17: =B15/B13 -> 0.27104723 | C17: =C15/C13 -> 0.21377672 | D17: =D15/D13 -> 0.31238447

Sheet NPT
A1: NPT por causa y Pareto
A2: Datos de ejemplo (sintéticos) con fines didácticos. Celdas azules sobre fondo crema = entradas editables; el resto son fórmulas.
A4: Causa | B4: Pozo A (d) | C4: Pozo B (d) | D4: Pozo C (d) | E4: Total (d) | F4: Clave orden
A5: Pérdida de circulación | B5: 2.5 | C5: 1.5 | D5: 3 | E5: =SUM(B5:D5) -> 7 | F5: =E5+ROW()/1000000 -> 7.000005
A6: Pega de herramienta | B6: 1 | C6: 0 | D6: 2.2 | E6: =SUM(B6:D6) -> 3.2 | F6: =E6+ROW()/1000000 -> 3.200006
A7: Falla de equipo de superficie | B7: 1.2 | C7: 0.8 | D7: 0.9 | E7: =SUM(B7:D7) -> 2.9 | F7: =E7+ROW()/1000000 -> 2.900007
A8: Espera por clima / logística | B8: 0.8 | C8: 1 | D8: 0.7 | E8: =SUM(B8:D8) -> 2.5 | F8: =E8+ROW()/1000000 -> 2.500008
A9: Problemas direccionales / BHA | B9: 0.9 | C9: 0.4 | D9: 1.1 | E9: =SUM(B9:D9) -> 2.4 | F9: =E9+ROW()/1000000 -> 2.400009
A10: Espera por decisión / aprobaciones | B10: 0.5 | C10: 0.6 | D10: 0.4 | E10: =SUM(B10:D10) -> 1.5 | F10: =E10+ROW()/1000000 -> 1.50001
A11: Falla de herramienta de fondo | B11: 0.3 | C11: 0.5 | D11: 0.6 | E11: =SUM(B11:D11) -> 1.4 | F11: =E11+ROW()/1000000 -> 1.400011
A12: TOTAL | B12: =SUM(B5:B11) -> 7.2 | C12: =SUM(C5:C11) -> 4.8 | D12: =SUM(D5:D11) -> 8.9 | E12: =SUM(E5:E11) -> 20.9
A14: Pareto (ordenado)
A15: Causa | B15: Días | C15: % del total | D15: % acumulado
A16: =INDEX($A$5:$A$11,MATCH(LARGE($F$5:$F$11,1),$F$5:$F$11,0)) -> Pérdida de circulación | B16: =INDEX($E$5:$E$11,MATCH(LARGE($F$5:$F$11,1),$F$5:$F$11,0)) -> 7 | C16: =B16/$E$12 -> 0.33492823 | D16: =SUM($C$16:C16) -> 0.33492823
A17: =INDEX($A$5:$A$11,MATCH(LARGE($F$5:$F$11,2),$F$5:$F$11,0)) -> Pega de herramienta | B17: =INDEX($E$5:$E$11,MATCH(LARGE($F$5:$F$11,2),$F$5:$F$11,0)) -> 3.2 | C17: =B17/$E$12 -> 0.15311005 | D17: =SUM($C$16:C17) -> 0.48803828
A18: =INDEX($A$5:$A$11,MATCH(LARGE($F$5:$F$11,3),$F$5:$F$11,0)) -> Falla de equipo de superficie | B18: =INDEX($E$5:$E$11,MATCH(LARGE($F$5:$F$11,3),$F$5:$F$11,0)) -> 2.9 | C18: =B18/$E$12 -> 0.13875598 | D18: =SUM($C$16:C18) -> 0.62679426
A19: =INDEX($A$5:$A$11,MATCH(LARGE($F$5:$F$11,4),$F$5:$F$11,0)) -> Espera por clima / logística | B19: =INDEX($E$5:$E$11,MATCH(LARGE($F$5:$F$11,4),$F$5:$F$11,0)) -> 2.5 | C19: =B19/$E$12 -> 0.11961722 | D19: =SUM($C$16:C19) -> 0.74641148
A20: =INDEX($A$5:$A$11,MATCH(LARGE($F$5:$F$11,5),$F$5:$F$11,0)) -> Problemas direccionales / BHA | B20: =INDEX($E$5:$E$11,MATCH(LARGE($F$5:$F$11,5),$F$5:$F$11,0)) -> 2.4 | C20: =B20/$E$12 -> 0.11483254 | D20: =SUM($C$16:C20) -> 0.86124402
A21: =INDEX($A$5:$A$11,MATCH(LARGE($F$5:$F$11,6),$F$5:$F$11,0)) -> Espera por decisión / aprobaciones | B21: =INDEX($E$5:$E$11,MATCH(LARGE($F$5:$F$11,6),$F$5:$F$11,0)) -> 1.5 | C21: =B21/$E$12 -> 0.071770335 | D21: =SUM($C$16:C21) -> 0.93301435
A22: =INDEX($A$5:$A$11,MATCH(LARGE($F$5:$F$11,7),$F$5:$F$11,0)) -> Falla de herramienta de fondo | B22: =INDEX($E$5:$E$11,MATCH(LARGE($F$5:$F$11,7),$F$5:$F$11,0)) -> 1.4 | C22: =B22/$E$12 -> 0.066985646 | D22: =SUM($C$16:C22) -> 1

Sheet KPIs
A1: KPIs por pozo
A2: Datos de ejemplo (sintéticos) con fines didácticos. Celdas azules sobre fondo crema = entradas editables; el resto son fórmulas.
A4: Indicador | B4: Pozo A | C4: Pozo B | D4: Pozo C
A5: Profundidad final (m) | B5: 3500 | C5: 3480 | D5: 3520
A6: Costo diario del equipo (USD/d) | B6: 180000 | C6: 180000 | D6: 180000
A7: Días totales | B7: =Tiempos!B13 -> 48.7 | C7: =Tiempos!C13 -> 42.1 | D7: =Tiempos!D13 -> 54.1
A8: ROP global (m/d) | B8: =B5/B7 -> 71.868583 | C8: =C5/C7 -> 82.660333 | D8: =D5/D7 -> 65.064695
A9: Costo de equipo (MUSD) | B9: =B7*B6/1000000 -> 8.766 | C9: =C7*C6/1000000 -> 7.578 | D9: =D7*D6/1000000 -> 9.738
A10: Costo por metro (USD/m) | B10: =B7*B6/B5 -> 2504.5714 | C10: =C7*C6/C5 -> 2177.5862 | D10: =D7*D6/D5 -> 2766.4773
A11: Costo del NPT (MUSD) | B11: =Tiempos!B12*B6/1000000 -> 1.296 | C11: =Tiempos!C12*C6/1000000 -> 0.864 | D11: =Tiempos!D12*D6/1000000 -> 1.602
A12: Costo del tiempo invisible (MUSD) | B12: =Tiempos!B15*B6/1000000 -> 2.376 | C12: =Tiempos!C15*C6/1000000 -> 1.62 | D12: =Tiempos!D15*D6/1000000 -> 3.042
A13: Ahorro potencial total (MUSD) | B13: =B11+B12 -> 3.672 | C13: =C11+C12 -> 2.484 | D13: =D11+D12 -> 4.644

Sheet Ventana de lodo
A1: Ventana de lodo por profundidad (ejemplo)
A2: Datos de ejemplo (sintéticos) con fines didácticos. Celdas azules sobre fondo crema = entradas editables; el resto son fórmulas.
A3: Margen mínimo de seguridad (ppg) | B3: 0.3
A5: Profundidad (m) | B5: Presión de poro (ppg) | C5: Gradiente de fractura (ppg) | D5: Peso de lodo (ppg) | E5: Margen sobre poro | F5: Margen bajo fractura | G5: ¿Dentro de ventana?
A6: 500 | B6: 8.9 | C6: 11.5 | D6: 9.6 | E6: =D6-B6 -> 0.7 | F6: =C6-D6 -> 1.9 | G6: =IF(AND(E6>=$B$3,F6>=$B$3),"OK","REVISAR") -> OK
A7: 1000 | B7: 9 | C7: 12.4 | D7: 9.8 | E7: =D7-B7 -> 0.8 | F7: =C7-D7 -> 2.6 | G7: =IF(AND(E7>=$B$3,F7>=$B$3),"OK","REVISAR") -> OK
A8: 1500 | B8: 9.2 | C8: 13 | D8: 10.2 | E8: =D8-B8 -> 1 | F8: =C8-D8 -> 2.8 | G8: =IF(AND(E8>=$B$3,F8>=$B$3),"OK","REVISAR") -> OK
A9: 2000 | B9: 9.8 | C9: 13.4 | D9: 10.8 | E9: =D9-B9 -> 1 | F9: =C9-D9 -> 2.6 | G9: =IF(AND(E9>=$B$3,F9>=$B$3),"OK","REVISAR") -> OK
A10: 2500 | B10: 11.2 | C10: 14 | D10: 12 | E10: =D10-B10 -> 0.8 | F10: =C10-D10 -> 2 | G10: =IF(AND(E10>=$B$3,F10>=$B$3),"OK","REVISAR") -> OK
A11: 3000 | B11: 12.6 | C11: 14.6 | D11: 13.6 | E11: =D11-B11 -> 1 | F11: =C11-D11 -> 1 | G11: =IF(AND(E11>=$B$3,F11>=$B$3),"OK","REVISAR") -> OK
A12: 3500 | B12: 13.2 | C12: 15 | D12: 14.1 | E12: =D12-B12 -> 0.9 | F12: =C12-D12 -> 0.9 | G12: =IF(AND(E12>=$B$3,F12>=$B$3),"OK","REVISAR") -> OK
A14: Un pozo seguro mantiene el peso de lodo por encima de la presión de poro y por debajo del gradiente de fractura, con margen. Si el margen es chico, hace falta otra cañería.
