Workbook

Sheet Ajuste
A1: Ajuste histórico con balance de materiales y acuífero
A2: Datos de ejemplo (sintéticos) con fines didácticos. Celdas azules sobre fondo crema = entradas editables; el resto son fórmulas.
A4: Parámetro | B4: Valor | C4: Unidad
A5: Presión inicial pi | B5: 4500 | C5: psi
A6: Compresibilidad total ct | B6: 1.2e-05 | C6: 1/psi
A7: Petróleo original N (a ajustar) | B7: 250 | C7: MMbbl
A8: Fuerza del acuífero Ca (a ajustar) | B8: 5 | C8: Mbbl/psi
A9: Incluir agua producida (1 = sí, 0 = no) | B9: 0
A10: Incertidumbre del dato de presión σp | B10: 25 | C10: psi
A11: Incertidumbre del dato de agua σw | B11: 0.12 | C11: MMbbl
A13: Ceff = N·ct + Ca (Mbbl/psi) | B13: =B7*B6*1000+B8 -> 8 | C13: Con solo presión, solo Ceff está restringido
A14: Error de ajuste (σ) | B14: =SQRT((SUMPRODUCT(((E19:E29-C19:C29)/B10)^2)+IF(B9=1,SUMPRODUCT(((F19:F29-D19:D29)/B11)^2),0))/IF(B9=1,22,11)) -> 0.84482338 | C14: Menor que 1,5: el modelo ajusta
A15: Agua acumulada a 20 años (pronóstico) | B15: =B8*(1.2*20*1000/B13)/1000 -> 15 | C15: MMbbl
A18: Año | B18: Np (MMbbl) | C18: p observada (psi) | D18: Wp observada (MMbbl) | E18: p modelo (psi) | F18: Wp modelo (MMbbl) | G18: Residual p (psi)
A19: 0 | B19: =1.2*A19 -> 0 | C19: 4470.5 | D19: 0 | E19: =$B$5-B19*1000/$B$13 -> 4500 | F19: =$B$8*(B19*1000/$B$13)/1000 -> 0 | G19: =E19-C19 -> 29.5
A20: 1 | B20: =1.2*A20 -> 1.2 | C20: 4366.7 | D20: 0.2 | E20: =$B$5-B20*1000/$B$13 -> 4350 | F20: =$B$8*(B20*1000/$B$13)/1000 -> 0.75 | G20: =E20-C20 -> -16.7
A21: 2 | B21: =1.2*A21 -> 2.4 | C21: 4196.4 | D21: 0.69 | E21: =$B$5-B21*1000/$B$13 -> 4200 | F21: =$B$8*(B21*1000/$B$13)/1000 -> 1.5 | G21: =E21-C21 -> 3.6
A22: 3 | B22: =1.2*A22 -> 3.6 | C22: 4077.5 | D22: 1.46 | E22: =$B$5-B22*1000/$B$13 -> 4050 | F22: =$B$8*(B22*1000/$B$13)/1000 -> 2.25 | G22: =E22-C22 -> -27.5
A23: 4 | B23: =1.2*A23 -> 4.8 | C23: 3933.9 | D23: 1.86 | E23: =$B$5-B23*1000/$B$13 -> 3900 | F23: =$B$8*(B23*1000/$B$13)/1000 -> 3 | G23: =E23-C23 -> -33.9
A24: 5 | B24: =1.2*A24 -> 6 | C24: 3760 | D24: 2.37 | E24: =$B$5-B24*1000/$B$13 -> 3750 | F24: =$B$8*(B24*1000/$B$13)/1000 -> 3.75 | G24: =E24-C24 -> -10
A25: 6 | B25: =1.2*A25 -> 7.2 | C25: 3581.5 | D25: 2.9 | E25: =$B$5-B25*1000/$B$13 -> 3600 | F25: =$B$8*(B25*1000/$B$13)/1000 -> 4.5 | G25: =E25-C25 -> 18.5
A26: 7 | B26: =1.2*A26 -> 8.4 | C26: 3418.6 | D26: 3.32 | E26: =$B$5-B26*1000/$B$13 -> 3450 | F26: =$B$8*(B26*1000/$B$13)/1000 -> 5.25 | G26: =E26-C26 -> 31.4
A27: 8 | B27: =1.2*A27 -> 9.6 | C27: 3317.4 | D27: 3.85 | E27: =$B$5-B27*1000/$B$13 -> 3300 | F27: =$B$8*(B27*1000/$B$13)/1000 -> 6 | G27: =E27-C27 -> -17.4
A28: 9 | B28: =1.2*A28 -> 10.8 | C28: 3139.7 | D28: 4.58 | E28: =$B$5-B28*1000/$B$13 -> 3150 | F28: =$B$8*(B28*1000/$B$13)/1000 -> 6.75 | G28: =E28-C28 -> 10.3
A29: 10 | B29: =1.2*A29 -> 12 | C29: 3001.5 | D29: 4.73 | E29: =$B$5-B29*1000/$B$13 -> 3000 | F29: =$B$8*(B29*1000/$B$13)/1000 -> 7.5 | G29: =E29-C29 -> -1.5
A32: Pronóstico (el mismo caudal de 1,2 MMbbl/año)
A33: Año | B33: Np (MMbbl) | C33: p modelo (psi) | D33: Wp modelo (MMbbl)
A34: 11 | B34: =1.2*A34 -> 13.2 | C34: =$B$5-B34*1000/$B$13 -> 2850 | D34: =$B$8*(B34*1000/$B$13)/1000 -> 8.25
A35: 12 | B35: =1.2*A35 -> 14.4 | C35: =$B$5-B35*1000/$B$13 -> 2700 | D35: =$B$8*(B35*1000/$B$13)/1000 -> 9
A36: 13 | B36: =1.2*A36 -> 15.6 | C36: =$B$5-B36*1000/$B$13 -> 2550 | D36: =$B$8*(B36*1000/$B$13)/1000 -> 9.75
A37: 14 | B37: =1.2*A37 -> 16.8 | C37: =$B$5-B37*1000/$B$13 -> 2400 | D37: =$B$8*(B37*1000/$B$13)/1000 -> 10.5
A38: 15 | B38: =1.2*A38 -> 18 | C38: =$B$5-B38*1000/$B$13 -> 2250 | D38: =$B$8*(B38*1000/$B$13)/1000 -> 11.25
A39: 16 | B39: =1.2*A39 -> 19.2 | C39: =$B$5-B39*1000/$B$13 -> 2100 | D39: =$B$8*(B39*1000/$B$13)/1000 -> 12
A40: 17 | B40: =1.2*A40 -> 20.4 | C40: =$B$5-B40*1000/$B$13 -> 1950 | D40: =$B$8*(B40*1000/$B$13)/1000 -> 12.75
A41: 18 | B41: =1.2*A41 -> 21.6 | C41: =$B$5-B41*1000/$B$13 -> 1800 | D41: =$B$8*(B41*1000/$B$13)/1000 -> 13.5
A42: 19 | B42: =1.2*A42 -> 22.8 | C42: =$B$5-B42*1000/$B$13 -> 1650 | D42: =$B$8*(B42*1000/$B$13)/1000 -> 14.25
A43: 20 | B43: =1.2*A43 -> 24 | C43: =$B$5-B43*1000/$B$13 -> 1500 | D43: =$B$8*(B43*1000/$B$13)/1000 -> 15
A46: Los datos son sintéticos (N = 400 MMbbl, Ca = 3,2 Mbbl/psi más ruido). Probá primero con solo presión, y encontrá varios pares (N, Ca) con error menor a 1,5 que den distinto pronóstico de agua. Después poné 1 en "Incluir agua" y repetí.

Sheet Mapa
A1: Mapa del error de ajuste (solo presión)
A2: Cada celda calcula σ con los datos de la hoja Ajuste. Verde: modelos que ajustan (σ < 1,5).
A4: Ca \ N | B4: 100 | C4: 150 | D4: 200 | E4: 250 | F4: 300 | G4: 350 | H4: 400 | I4: 450 | J4: 500 | K4: 550 | L4: 600 | M4: 650 | N4: 700 | O4: 750 | P4: 800
A5: 0 | B5: =SQRT(SUMPRODUCT(((Ajuste!$B$5-Ajuste!$B$19:$B$29*1000/(B$4*Ajuste!$B$6*1000+$A5)-Ajuste!$C$19:$C$29)/Ajuste!$B$10)^2)/11) -> 201.15359 | C5: =SQRT(SUMPRODUCT(((Ajuste!$B$5-Ajuste!$B$19:$B$29*1000/(C$4*Ajuste!$B$6*1000+$A5)-Ajuste!$C$19:$C$29)/Ajuste!$B$10)^2)/11) -> 122.27367 | D5: =SQRT(SUMPRODUCT(((Ajuste!$B$5-Ajuste!$B$19:$B$29*1000/(D$4*Ajuste!$B$6*1000+$A5)-Ajuste!$C$19:$C$29)/Ajuste!$B$10)^2)/11) -> 82.834527 | E5: =SQRT(SUMPRODUCT(((Ajuste!$B$5-Ajuste!$B$19:$B$29*1000/(E$4*Ajuste!$B$6*1000+$A5)-Ajuste!$C$19:$C$29)/Ajuste!$B$10)^2)/11) -> 59.171931 | F5: =SQRT(SUMPRODUCT(((Ajuste!$B$5-Ajuste!$B$19:$B$29*1000/(F$4*Ajuste!$B$6*1000+$A5)-Ajuste!$C$19:$C$29)/Ajuste!$B$10)^2)/11) -> 43.39791 | G5: =SQRT(SUMPRODUCT(((Ajuste!$B$5-Ajuste!$B$19:$B$29*1000/(G$4*Ajuste!$B$6*1000+$A5)-Ajuste!$C$19:$C$29)/Ajuste!$B$10)^2)/11) -> 32.132071 | H5: =SQRT(SUMPRODUCT(((Ajuste!$B$5-Ajuste!$B$19:$B$29*1000/(H$4*Ajuste!$B$6*1000+$A5)-Ajuste!$C$19:$C$29)/Ajuste!$B$10)^2)/11) -> 23.684492 | I5: =SQRT(SUMPRODUCT(((Ajuste!$B$5-Ajuste!$B$19:$B$29*1000/(I$4*Ajuste!$B$6*1000+$A5)-Ajuste!$C$19:$C$29)/Ajuste!$B$10)^2)/11) -> 17.116859 | ... P5: =SQRT(SUMPRODUCT(((Ajuste!$B$5-Ajuste!$B$19:$B$29*1000/(P$4*Ajuste!$B$6*1000+$A5)-Ajuste!$C$19:$C$29)/Ajuste!$B$10)^2)/11) -> 5.9710437
A6: 0.5 | B6: =SQRT(SUMPRODUCT(((Ajuste!$B$5-Ajuste!$B$19:$B$29*1000/(B$4*Ajuste!$B$6*1000+$A6)-Ajuste!$C$19:$C$29)/Ajuste!$B$10)^2)/11) -> 131.55359 | C6: =SQRT(SUMPRODUCT(((Ajuste!$B$5-Ajuste!$B$19:$B$29*1000/(C$4*Ajuste!$B$6*1000+$A6)-Ajuste!$C$19:$C$29)/Ajuste!$B$10)^2)/11) -> 87.978692 | D6: =SQRT(SUMPRODUCT(((Ajuste!$B$5-Ajuste!$B$19:$B$29*1000/(D$4*Ajuste!$B$6*1000+$A6)-Ajuste!$C$19:$C$29)/Ajuste!$B$10)^2)/11) -> 62.435659 | E6: =SQRT(SUMPRODUCT(((Ajuste!$B$5-Ajuste!$B$19:$B$29*1000/(E$4*Ajuste!$B$6*1000+$A6)-Ajuste!$C$19:$C$29)/Ajuste!$B$10)^2)/11) -> 45.651249 | F6: =SQRT(SUMPRODUCT(((Ajuste!$B$5-Ajuste!$B$19:$B$29*1000/(F$4*Ajuste!$B$6*1000+$A6)-Ajuste!$C$19:$C$29)/Ajuste!$B$10)^2)/11) -> 33.78061 | G6: =SQRT(SUMPRODUCT(((Ajuste!$B$5-Ajuste!$B$19:$B$29*1000/(G$4*Ajuste!$B$6*1000+$A6)-Ajuste!$C$19:$C$29)/Ajuste!$B$10)^2)/11) -> 24.942472 | H6: =SQRT(SUMPRODUCT(((Ajuste!$B$5-Ajuste!$B$19:$B$29*1000/(H$4*Ajuste!$B$6*1000+$A6)-Ajuste!$C$19:$C$29)/Ajuste!$B$10)^2)/11) -> 18.107931 | I6: =SQRT(SUMPRODUCT(((Ajuste!$B$5-Ajuste!$B$19:$B$29*1000/(I$4*Ajuste!$B$6*1000+$A6)-Ajuste!$C$19:$C$29)/Ajuste!$B$10)^2)/11) -> 12.667643 | ... P6: =SQRT(SUMPRODUCT(((Ajuste!$B$5-Ajuste!$B$19:$B$29*1000/(P$4*Ajuste!$B$6*1000+$A6)-Ajuste!$C$19:$C$29)/Ajuste!$B$10)^2)/11) -> 7.4235808
A7: 1 | B7: =SQRT(SUMPRODUCT(((Ajuste!$B$5-Ajuste!$B$19:$B$29*1000/(B$4*Ajuste!$B$6*1000+$A7)-Ajuste!$C$19:$C$29)/Ajuste!$B$10)^2)/11) -> 93.59054 | C7: =SQRT(SUMPRODUCT(((Ajuste!$B$5-Ajuste!$B$19:$B$29*1000/(C$4*Ajuste!$B$6*1000+$A7)-Ajuste!$C$19:$C$29)/Ajuste!$B$10)^2)/11) -> 65.932546 | D7: =SQRT(SUMPRODUCT(((Ajuste!$B$5-Ajuste!$B$19:$B$29*1000/(D$4*Ajuste!$B$6*1000+$A7)-Ajuste!$C$19:$C$29)/Ajuste!$B$10)^2)/11) -> 48.037179 | E7: =SQRT(SUMPRODUCT(((Ajuste!$B$5-Ajuste!$B$19:$B$29*1000/(E$4*Ajuste!$B$6*1000+$A7)-Ajuste!$C$19:$C$29)/Ajuste!$B$10)^2)/11) -> 35.511631 | F7: =SQRT(SUMPRODUCT(((Ajuste!$B$5-Ajuste!$B$19:$B$29*1000/(F$4*Ajuste!$B$6*1000+$A7)-Ajuste!$C$19:$C$29)/Ajuste!$B$10)^2)/11) -> 26.255225 | G7: =SQRT(SUMPRODUCT(((Ajuste!$B$5-Ajuste!$B$19:$B$29*1000/(G$4*Ajuste!$B$6*1000+$A7)-Ajuste!$C$19:$C$29)/Ajuste!$B$10)^2)/11) -> 19.137246 | H7: =SQRT(SUMPRODUCT(((Ajuste!$B$5-Ajuste!$B$19:$B$29*1000/(H$4*Ajuste!$B$6*1000+$A7)-Ajuste!$C$19:$C$29)/Ajuste!$B$10)^2)/11) -> 13.495751 | I7: =SQRT(SUMPRODUCT(((Ajuste!$B$5-Ajuste!$B$19:$B$29*1000/(I$4*Ajuste!$B$6*1000+$A7)-Ajuste!$C$19:$C$29)/Ajuste!$B$10)^2)/11) -> 8.9193202 | ... P7: =SQRT(SUMPRODUCT(((Ajuste!$B$5-Ajuste!$B$19:$B$29*1000/(P$4*Ajuste!$B$6*1000+$A7)-Ajuste!$C$19:$C$29)/Ajuste!$B$10)^2)/11) -> 8.7424954
A8: 1.5 | B8: =SQRT(SUMPRODUCT(((Ajuste!$B$5-Ajuste!$B$19:$B$29*1000/(B$4*Ajuste!$B$6*1000+$A8)-Ajuste!$C$19:$C$29)/Ajuste!$B$10)^2)/11) -> 69.688495 | C8: =SQRT(SUMPRODUCT(((Ajuste!$B$5-Ajuste!$B$19:$B$29*1000/(C$4*Ajuste!$B$6*1000+$A8)-Ajuste!$C$19:$C$29)/Ajuste!$B$10)^2)/11) -> 50.56775 | D8: =SQRT(SUMPRODUCT(((Ajuste!$B$5-Ajuste!$B$19:$B$29*1000/(D$4*Ajuste!$B$6*1000+$A8)-Ajuste!$C$19:$C$29)/Ajuste!$B$10)^2)/11) -> 37.331473 | E8: =SQRT(SUMPRODUCT(((Ajuste!$B$5-Ajuste!$B$19:$B$29*1000/(E$4*Ajuste!$B$6*1000+$A8)-Ajuste!$C$19:$C$29)/Ajuste!$B$10)^2)/11) -> 27.626394 | F8: =SQRT(SUMPRODUCT(((Ajuste!$B$5-Ajuste!$B$19:$B$29*1000/(F$4*Ajuste!$B$6*1000+$A8)-Ajuste!$C$19:$C$29)/Ajuste!$B$10)^2)/11) -> 20.207041 | G8: =SQRT(SUMPRODUCT(((Ajuste!$B$5-Ajuste!$B$19:$B$29*1000/(G$4*Ajuste!$B$6*1000+$A8)-Ajuste!$C$19:$C$29)/Ajuste!$B$10)^2)/11) -> 14.353126 | H8: =SQRT(SUMPRODUCT(((Ajuste!$B$5-Ajuste!$B$19:$B$29*1000/(H$4*Ajuste!$B$6*1000+$A8)-Ajuste!$C$19:$C$29)/Ajuste!$B$10)^2)/11) -> 9.6206803 | I8: =SQRT(SUMPRODUCT(((Ajuste!$B$5-Ajuste!$B$19:$B$29*1000/(I$4*Ajuste!$B$6*1000+$A8)-Ajuste!$C$19:$C$29)/Ajuste!$B$10)^2)/11) -> 5.7266177 | ... P8: =SQRT(SUMPRODUCT(((Ajuste!$B$5-Ajuste!$B$19:$B$29*1000/(P$4*Ajuste!$B$6*1000+$A8)-Ajuste!$C$19:$C$29)/Ajuste!$B$10)^2)/11) -> 9.9442793
A9: 2 | B9: =SQRT(SUMPRODUCT(((Ajuste!$B$5-Ajuste!$B$19:$B$29*1000/(B$4*Ajuste!$B$6*1000+$A9)-Ajuste!$C$19:$C$29)/Ajuste!$B$10)^2)/11) -> 53.256521 | C9: =SQRT(SUMPRODUCT(((Ajuste!$B$5-Ajuste!$B$19:$B$29*1000/(C$4*Ajuste!$B$6*1000+$A9)-Ajuste!$C$19:$C$29)/Ajuste!$B$10)^2)/11) -> 39.247145 | D9: =SQRT(SUMPRODUCT(((Ajuste!$B$5-Ajuste!$B$19:$B$29*1000/(D$4*Ajuste!$B$6*1000+$A9)-Ajuste!$C$19:$C$29)/Ajuste!$B$10)^2)/11) -> 29.059958 | E9: =SQRT(SUMPRODUCT(((Ajuste!$B$5-Ajuste!$B$19:$B$29*1000/(E$4*Ajuste!$B$6*1000+$A9)-Ajuste!$C$19:$C$29)/Ajuste!$B$10)^2)/11) -> 21.319733 | F9: =SQRT(SUMPRODUCT(((Ajuste!$B$5-Ajuste!$B$19:$B$29*1000/(F$4*Ajuste!$B$6*1000+$A9)-Ajuste!$C$19:$C$29)/Ajuste!$B$10)^2)/11) -> 15.24131 | G9: =SQRT(SUMPRODUCT(((Ajuste!$B$5-Ajuste!$B$19:$B$29*1000/(G$4*Ajuste!$B$6*1000+$A9)-Ajuste!$C$19:$C$29)/Ajuste!$B$10)^2)/11) -> 10.345083 | H9: =SQRT(SUMPRODUCT(((Ajuste!$B$5-Ajuste!$B$19:$B$29*1000/(H$4*Ajuste!$B$6*1000+$A9)-Ajuste!$C$19:$C$29)/Ajuste!$B$10)^2)/11) -> 6.3258514 | I9: =SQRT(SUMPRODUCT(((Ajuste!$B$5-Ajuste!$B$19:$B$29*1000/(I$4*Ajuste!$B$6*1000+$A9)-Ajuste!$C$19:$C$29)/Ajuste!$B$10)^2)/11) -> 3.0044153 | ... P9: =SQRT(SUMPRODUCT(((Ajuste!$B$5-Ajuste!$B$19:$B$29*1000/(P$4*Ajuste!$B$6*1000+$A9)-Ajuste!$C$19:$C$29)/Ajuste!$B$10)^2)/11) -> 11.043408
A10: 2.5 | B10: =SQRT(SUMPRODUCT(((Ajuste!$B$5-Ajuste!$B$19:$B$29*1000/(B$4*Ajuste!$B$6*1000+$A10)-Ajuste!$C$19:$C$29)/Ajuste!$B$10)^2)/11) -> 41.266414 | C10: =SQRT(SUMPRODUCT(((Ajuste!$B$5-Ajuste!$B$19:$B$29*1000/(C$4*Ajuste!$B$6*1000+$A10)-Ajuste!$C$19:$C$29)/Ajuste!$B$10)^2)/11) -> 30.560262 | D10: =SQRT(SUMPRODUCT(((Ajuste!$B$5-Ajuste!$B$19:$B$29*1000/(D$4*Ajuste!$B$6*1000+$A10)-Ajuste!$C$19:$C$29)/Ajuste!$B$10)^2)/11) -> 22.477939 | E10: =SQRT(SUMPRODUCT(((Ajuste!$B$5-Ajuste!$B$19:$B$29*1000/(E$4*Ajuste!$B$6*1000+$A10)-Ajuste!$C$19:$C$29)/Ajuste!$B$10)^2)/11) -> 16.161959 | F10: =SQRT(SUMPRODUCT(((Ajuste!$B$5-Ajuste!$B$19:$B$29*1000/(F$4*Ajuste!$B$6*1000+$A10)-Ajuste!$C$19:$C$29)/Ajuste!$B$10)^2)/11) -> 11.093596 | G10: =SQRT(SUMPRODUCT(((Ajuste!$B$5-Ajuste!$B$19:$B$29*1000/(G$4*Ajuste!$B$6*1000+$A10)-Ajuste!$C$19:$C$29)/Ajuste!$B$10)^2)/11) -> 6.944059 | H10: =SQRT(SUMPRODUCT(((Ajuste!$B$5-Ajuste!$B$19:$B$29*1000/(H$4*Ajuste!$B$6*1000+$A10)-Ajuste!$C$19:$C$29)/Ajuste!$B$10)^2)/11) -> 3.5119965 | I10: =SQRT(SUMPRODUCT(((Ajuste!$B$5-Ajuste!$B$19:$B$29*1000/(I$4*Ajuste!$B$6*1000+$A10)-Ajuste!$C$19:$C$29)/Ajuste!$B$10)^2)/11) -> 0.95927152 | ... P10: =SQRT(SUMPRODUCT(((Ajuste!$B$5-Ajuste!$B$19:$B$29*1000/(P$4*Ajuste!$B$6*1000+$A10)-Ajuste!$C$19:$C$29)/Ajuste!$B$10)^2)/11) -> 12.052276
A11: 3 | B11: =SQRT(SUMPRODUCT(((Ajuste!$B$5-Ajuste!$B$19:$B$29*1000/(B$4*Ajuste!$B$6*1000+$A11)-Ajuste!$C$19:$C$29)/Ajuste!$B$10)^2)/11) -> 32.132071 | C11: =SQRT(SUMPRODUCT(((Ajuste!$B$5-Ajuste!$B$19:$B$29*1000/(C$4*Ajuste!$B$6*1000+$A11)-Ajuste!$C$19:$C$29)/Ajuste!$B$10)^2)/11) -> 23.684492 | D11: =SQRT(SUMPRODUCT(((Ajuste!$B$5-Ajuste!$B$19:$B$29*1000/(D$4*Ajuste!$B$6*1000+$A11)-Ajuste!$C$19:$C$29)/Ajuste!$B$10)^2)/11) -> 17.116859 | E11: =SQRT(SUMPRODUCT(((Ajuste!$B$5-Ajuste!$B$19:$B$29*1000/(E$4*Ajuste!$B$6*1000+$A11)-Ajuste!$C$19:$C$29)/Ajuste!$B$10)^2)/11) -> 11.867369 | F11: =SQRT(SUMPRODUCT(((Ajuste!$B$5-Ajuste!$B$19:$B$29*1000/(F$4*Ajuste!$B$6*1000+$A11)-Ajuste!$C$19:$C$29)/Ajuste!$B$10)^2)/11) -> 7.581871 | G11: =SQRT(SUMPRODUCT(((Ajuste!$B$5-Ajuste!$B$19:$B$29*1000/(G$4*Ajuste!$B$6*1000+$A11)-Ajuste!$C$19:$C$29)/Ajuste!$B$10)^2)/11) -> 4.0385052 | H11: =SQRT(SUMPRODUCT(((Ajuste!$B$5-Ajuste!$B$19:$B$29*1000/(H$4*Ajuste!$B$6*1000+$A11)-Ajuste!$C$19:$C$29)/Ajuste!$B$10)^2)/11) -> 1.2455584 | I11: =SQRT(SUMPRODUCT(((Ajuste!$B$5-Ajuste!$B$19:$B$29*1000/(I$4*Ajuste!$B$6*1000+$A11)-Ajuste!$C$19:$C$29)/Ajuste!$B$10)^2)/11) -> 1.8851055 | ... P11: =SQRT(SUMPRODUCT(((Ajuste!$B$5-Ajuste!$B$19:$B$29*1000/(P$4*Ajuste!$B$6*1000+$A11)-Ajuste!$C$19:$C$29)/Ajuste!$B$10)^2)/11) -> 12.981449
A12: 3.5 | B12: =SQRT(SUMPRODUCT(((Ajuste!$B$5-Ajuste!$B$19:$B$29*1000/(B$4*Ajuste!$B$6*1000+$A12)-Ajuste!$C$19:$C$29)/Ajuste!$B$10)^2)/11) -> 24.942472 | C12: =SQRT(SUMPRODUCT(((Ajuste!$B$5-Ajuste!$B$19:$B$29*1000/(C$4*Ajuste!$B$6*1000+$A12)-Ajuste!$C$19:$C$29)/Ajuste!$B$10)^2)/11) -> 18.107931 | D12: =SQRT(SUMPRODUCT(((Ajuste!$B$5-Ajuste!$B$19:$B$29*1000/(D$4*Ajuste!$B$6*1000+$A12)-Ajuste!$C$19:$C$29)/Ajuste!$B$10)^2)/11) -> 12.667643 | E12: =SQRT(SUMPRODUCT(((Ajuste!$B$5-Ajuste!$B$19:$B$29*1000/(E$4*Ajuste!$B$6*1000+$A12)-Ajuste!$C$19:$C$29)/Ajuste!$B$10)^2)/11) -> 8.2400181 | F12: =SQRT(SUMPRODUCT(((Ajuste!$B$5-Ajuste!$B$19:$B$29*1000/(F$4*Ajuste!$B$6*1000+$A12)-Ajuste!$C$19:$C$29)/Ajuste!$B$10)^2)/11) -> 4.5831888 | G12: =SQRT(SUMPRODUCT(((Ajuste!$B$5-Ajuste!$B$19:$B$29*1000/(G$4*Ajuste!$B$6*1000+$A12)-Ajuste!$C$19:$C$29)/Ajuste!$B$10)^2)/11) -> 1.6249524 | H12: =SQRT(SUMPRODUCT(((Ajuste!$B$5-Ajuste!$B$19:$B$29*1000/(H$4*Ajuste!$B$6*1000+$A12)-Ajuste!$C$19:$C$29)/Ajuste!$B$10)^2)/11) -> 1.5319067 | I12: =SQRT(SUMPRODUCT(((Ajuste!$B$5-Ajuste!$B$19:$B$29*1000/(I$4*Ajuste!$B$6*1000+$A12)-Ajuste!$C$19:$C$29)/Ajuste!$B$10)^2)/11) -> 3.6826401 | ... P12: =SQRT(SUMPRODUCT(((Ajuste!$B$5-Ajuste!$B$19:$B$29*1000/(P$4*Ajuste!$B$6*1000+$A12)-Ajuste!$C$19:$C$29)/Ajuste!$B$10)^2)/11) -> 13.839946
A13: 4 | B13: =SQRT(SUMPRODUCT(((Ajuste!$B$5-Ajuste!$B$19:$B$29*1000/(B$4*Ajuste!$B$6*1000+$A13)-Ajuste!$C$19:$C$29)/Ajuste!$B$10)^2)/11) -> 19.137246 | C13: =SQRT(SUMPRODUCT(((Ajuste!$B$5-Ajuste!$B$19:$B$29*1000/(C$4*Ajuste!$B$6*1000+$A13)-Ajuste!$C$19:$C$29)/Ajuste!$B$10)^2)/11) -> 13.495751 | D13: =SQRT(SUMPRODUCT(((Ajuste!$B$5-Ajuste!$B$19:$B$29*1000/(D$4*Ajuste!$B$6*1000+$A13)-Ajuste!$C$19:$C$29)/Ajuste!$B$10)^2)/11) -> 8.9193202 | E13: =SQRT(SUMPRODUCT(((Ajuste!$B$5-Ajuste!$B$19:$B$29*1000/(E$4*Ajuste!$B$6*1000+$A13)-Ajuste!$C$19:$C$29)/Ajuste!$B$10)^2)/11) -> 5.1458481 | F13: =SQRT(SUMPRODUCT(((Ajuste!$B$5-Ajuste!$B$19:$B$29*1000/(F$4*Ajuste!$B$6*1000+$A13)-Ajuste!$C$19:$C$29)/Ajuste!$B$10)^2)/11) -> 2.0550167 | G13: =SQRT(SUMPRODUCT(((Ajuste!$B$5-Ajuste!$B$19:$B$29*1000/(G$4*Ajuste!$B$6*1000+$A13)-Ajuste!$C$19:$C$29)/Ajuste!$B$10)^2)/11) -> 1.2060044 | H13: =SQRT(SUMPRODUCT(((Ajuste!$B$5-Ajuste!$B$19:$B$29*1000/(H$4*Ajuste!$B$6*1000+$A13)-Ajuste!$C$19:$C$29)/Ajuste!$B$10)^2)/11) -> 3.3307693 | I13: =SQRT(SUMPRODUCT(((Ajuste!$B$5-Ajuste!$B$19:$B$29*1000/(I$4*Ajuste!$B$6*1000+$A13)-Ajuste!$C$19:$C$29)/Ajuste!$B$10)^2)/11) -> 5.3487459 | ... P13: =SQRT(SUMPRODUCT(((Ajuste!$B$5-Ajuste!$B$19:$B$29*1000/(P$4*Ajuste!$B$6*1000+$A13)-Ajuste!$C$19:$C$29)/Ajuste!$B$10)^2)/11) -> 14.635498
A14: 4.5 | B14: =SQRT(SUMPRODUCT(((Ajuste!$B$5-Ajuste!$B$19:$B$29*1000/(B$4*Ajuste!$B$6*1000+$A14)-Ajuste!$C$19:$C$29)/Ajuste!$B$10)^2)/11) -> 14.353126 | C14: =SQRT(SUMPRODUCT(((Ajuste!$B$5-Ajuste!$B$19:$B$29*1000/(C$4*Ajuste!$B$6*1000+$A14)-Ajuste!$C$19:$C$29)/Ajuste!$B$10)^2)/11) -> 9.6206803 | D14: =SQRT(SUMPRODUCT(((Ajuste!$B$5-Ajuste!$B$19:$B$29*1000/(D$4*Ajuste!$B$6*1000+$A14)-Ajuste!$C$19:$C$29)/Ajuste!$B$10)^2)/11) -> 5.7266177 | E14: =SQRT(SUMPRODUCT(((Ajuste!$B$5-Ajuste!$B$19:$B$29*1000/(E$4*Ajuste!$B$6*1000+$A14)-Ajuste!$C$19:$C$29)/Ajuste!$B$10)^2)/11) -> 2.5175131 | F14: =SQRT(SUMPRODUCT(((Ajuste!$B$5-Ajuste!$B$19:$B$29*1000/(F$4*Ajuste!$B$6*1000+$A14)-Ajuste!$C$19:$C$29)/Ajuste!$B$10)^2)/11) -> 0.94936772 | G14: =SQRT(SUMPRODUCT(((Ajuste!$B$5-Ajuste!$B$19:$B$29*1000/(G$4*Ajuste!$B$6*1000+$A14)-Ajuste!$C$19:$C$29)/Ajuste!$B$10)^2)/11) -> 2.973473 | H14: =SQRT(SUMPRODUCT(((Ajuste!$B$5-Ajuste!$B$19:$B$29*1000/(H$4*Ajuste!$B$6*1000+$A14)-Ajuste!$C$19:$C$29)/Ajuste!$B$10)^2)/11) -> 5.0282488 | I14: =SQRT(SUMPRODUCT(((Ajuste!$B$5-Ajuste!$B$19:$B$29*1000/(I$4*Ajuste!$B$6*1000+$A14)-Ajuste!$C$19:$C$29)/Ajuste!$B$10)^2)/11) -> 6.8595748 | ... P14: =SQRT(SUMPRODUCT(((Ajuste!$B$5-Ajuste!$B$19:$B$29*1000/(P$4*Ajuste!$B$6*1000+$A14)-Ajuste!$C$19:$C$29)/Ajuste!$B$10)^2)/11) -> 15.374759
A15: 5 | B15: =SQRT(SUMPRODUCT(((Ajuste!$B$5-Ajuste!$B$19:$B$29*1000/(B$4*Ajuste!$B$6*1000+$A15)-Ajuste!$C$19:$C$29)/Ajuste!$B$10)^2)/11) -> 10.345083 | C15: =SQRT(SUMPRODUCT(((Ajuste!$B$5-Ajuste!$B$19:$B$29*1000/(C$4*Ajuste!$B$6*1000+$A15)-Ajuste!$C$19:$C$29)/Ajuste!$B$10)^2)/11) -> 6.3258514 | D15: =SQRT(SUMPRODUCT(((Ajuste!$B$5-Ajuste!$B$19:$B$29*1000/(D$4*Ajuste!$B$6*1000+$A15)-Ajuste!$C$19:$C$29)/Ajuste!$B$10)^2)/11) -> 3.0044153 | E15: =SQRT(SUMPRODUCT(((Ajuste!$B$5-Ajuste!$B$19:$B$29*1000/(E$4*Ajuste!$B$6*1000+$A15)-Ajuste!$C$19:$C$29)/Ajuste!$B$10)^2)/11) -> 0.84482338 | F15: =SQRT(SUMPRODUCT(((Ajuste!$B$5-Ajuste!$B$19:$B$29*1000/(F$4*Ajuste!$B$6*1000+$A15)-Ajuste!$C$19:$C$29)/Ajuste!$B$10)^2)/11) -> 2.6118007 | G15: =SQRT(SUMPRODUCT(((Ajuste!$B$5-Ajuste!$B$19:$B$29*1000/(G$4*Ajuste!$B$6*1000+$A15)-Ajuste!$C$19:$C$29)/Ajuste!$B$10)^2)/11) -> 4.7013996 | H15: =SQRT(SUMPRODUCT(((Ajuste!$B$5-Ajuste!$B$19:$B$29*1000/(H$4*Ajuste!$B$6*1000+$A15)-Ajuste!$C$19:$C$29)/Ajuste!$B$10)^2)/11) -> 6.5692079 | I15: =SQRT(SUMPRODUCT(((Ajuste!$B$5-Ajuste!$B$19:$B$29*1000/(I$4*Ajuste!$B$6*1000+$A15)-Ajuste!$C$19:$C$29)/Ajuste!$B$10)^2)/11) -> 8.2298686 | ... P15: =SQRT(SUMPRODUCT(((Ajuste!$B$5-Ajuste!$B$19:$B$29*1000/(P$4*Ajuste!$B$6*1000+$A15)-Ajuste!$C$19:$C$29)/Ajuste!$B$10)^2)/11) -> 16.063482
A16: 5.5 | B16: =SQRT(SUMPRODUCT(((Ajuste!$B$5-Ajuste!$B$19:$B$29*1000/(B$4*Ajuste!$B$6*1000+$A16)-Ajuste!$C$19:$C$29)/Ajuste!$B$10)^2)/11) -> 6.944059 | C16: =SQRT(SUMPRODUCT(((Ajuste!$B$5-Ajuste!$B$19:$B$29*1000/(C$4*Ajuste!$B$6*1000+$A16)-Ajuste!$C$19:$C$29)/Ajuste!$B$10)^2)/11) -> 3.5119965 | D16: =SQRT(SUMPRODUCT(((Ajuste!$B$5-Ajuste!$B$19:$B$29*1000/(D$4*Ajuste!$B$6*1000+$A16)-Ajuste!$C$19:$C$29)/Ajuste!$B$10)^2)/11) -> 0.95927152 | E16: =SQRT(SUMPRODUCT(((Ajuste!$B$5-Ajuste!$B$19:$B$29*1000/(E$4*Ajuste!$B$6*1000+$A16)-Ajuste!$C$19:$C$29)/Ajuste!$B$10)^2)/11) -> 2.2477285 | F16: =SQRT(SUMPRODUCT(((Ajuste!$B$5-Ajuste!$B$19:$B$29*1000/(F$4*Ajuste!$B$6*1000+$A16)-Ajuste!$C$19:$C$29)/Ajuste!$B$10)^2)/11) -> 4.3681536 | G16: =SQRT(SUMPRODUCT(((Ajuste!$B$5-Ajuste!$B$19:$B$29*1000/(G$4*Ajuste!$B$6*1000+$A16)-Ajuste!$C$19:$C$29)/Ajuste!$B$10)^2)/11) -> 6.273077 | H16: =SQRT(SUMPRODUCT(((Ajuste!$B$5-Ajuste!$B$19:$B$29*1000/(H$4*Ajuste!$B$6*1000+$A16)-Ajuste!$C$19:$C$29)/Ajuste!$B$10)^2)/11) -> 7.9662186 | I16: =SQRT(SUMPRODUCT(((Ajuste!$B$5-Ajuste!$B$19:$B$29*1000/(I$4*Ajuste!$B$6*1000+$A16)-Ajuste!$C$19:$C$29)/Ajuste!$B$10)^2)/11) -> 9.4766465 | ... P16: =SQRT(SUMPRODUCT(((Ajuste!$B$5-Ajuste!$B$19:$B$29*1000/(P$4*Ajuste!$B$6*1000+$A16)-Ajuste!$C$19:$C$29)/Ajuste!$B$10)^2)/11) -> 16.706669
... A21: 8 | B21: =SQRT(SUMPRODUCT(((Ajuste!$B$5-Ajuste!$B$19:$B$29*1000/(B$4*Ajuste!$B$6*1000+$A21)-Ajuste!$C$19:$C$29)/Ajuste!$B$10)^2)/11) -> 4.7013996 | C21: =SQRT(SUMPRODUCT(((Ajuste!$B$5-Ajuste!$B$19:$B$29*1000/(C$4*Ajuste!$B$6*1000+$A21)-Ajuste!$C$19:$C$29)/Ajuste!$B$10)^2)/11) -> 6.5692079 | D21: =SQRT(SUMPRODUCT(((Ajuste!$B$5-Ajuste!$B$19:$B$29*1000/(D$4*Ajuste!$B$6*1000+$A21)-Ajuste!$C$19:$C$29)/Ajuste!$B$10)^2)/11) -> 8.2298686 | E21: =SQRT(SUMPRODUCT(((Ajuste!$B$5-Ajuste!$B$19:$B$29*1000/(E$4*Ajuste!$B$6*1000+$A21)-Ajuste!$C$19:$C$29)/Ajuste!$B$10)^2)/11) -> 9.712567 | F21: =SQRT(SUMPRODUCT(((Ajuste!$B$5-Ajuste!$B$19:$B$29*1000/(F$4*Ajuste!$B$6*1000+$A21)-Ajuste!$C$19:$C$29)/Ajuste!$B$10)^2)/11) -> 11.043408 | G21: =SQRT(SUMPRODUCT(((Ajuste!$B$5-Ajuste!$B$19:$B$29*1000/(G$4*Ajuste!$B$6*1000+$A21)-Ajuste!$C$19:$C$29)/Ajuste!$B$10)^2)/11) -> 12.244177 | H21: =SQRT(SUMPRODUCT(((Ajuste!$B$5-Ajuste!$B$19:$B$29*1000/(H$4*Ajuste!$B$6*1000+$A21)-Ajuste!$C$19:$C$29)/Ajuste!$B$10)^2)/11) -> 13.332869 | I21: =SQRT(SUMPRODUCT(((Ajuste!$B$5-Ajuste!$B$19:$B$29*1000/(I$4*Ajuste!$B$6*1000+$A21)-Ajuste!$C$19:$C$29)/Ajuste!$B$10)^2)/11) -> 14.324383 | ... P21: =SQRT(SUMPRODUCT(((Ajuste!$B$5-Ajuste!$B$19:$B$29*1000/(P$4*Ajuste!$B$6*1000+$A21)-Ajuste!$C$19:$C$29)/Ajuste!$B$10)^2)/11) -> 19.375041

Sheet Dispersion
A1: Dispersión numérica: esquema upwind de Buckley y Leverett
A2: Malla de 20 celdas. Cambiá M, el Courant y los volúmenes porales inyectados y mirá el perfil final contra el frente analítico.
A4: Parámetro | B4: Valor | D4: S | E4: f′(S) | F4: f(S)/S | G4: f(S)
A5: Razón de movilidad M | B5: 2 | L5: Evolución (cada fila es un paso; la fila 7 es el estado final elegido)
A6: 0.01 | B6: 0.8 | D6: =A6 -> 0.01 | E6: =(G6-0)/(A6-0) -> 0.020401918 | F6: =G6/A6 -> 0.020401918 | G6: =A6^2/(A6^2+(1-A6)^2/$B$5) -> 0.00020401918 | L6: Paso | M6: 1 | N6: 2 | O6: 3 | P6: 4 | Q6: 5 | R6: 6 | S6: 7 | T6: 8 | U6: 9 | V6: 10 | W6: 11 | X6: 12 | Y6: 13 | Z6: 14 | AA6: 15 | AB6: 16 | AC6: 17 | AD6: 18 | AE6: 19 | AF6: 20
A7: 0.02 | B7: 0.4 | D7: =A7 -> 0.02 | E7: =(G7-G6)/(A7-A6) -> 0.062827379 | F7: =G7/A7 -> 0.041614648 | G7: =A7^2/(A7^2+(1-A7)^2/$B$5) -> 0.00083229297 | L7: Final | M7: =INDEX(M10:M259,MIN($B$12,250)+1) -> 0.88216627 | N7: =INDEX(N10:N259,MIN($B$12,250)+1) -> 0.82879331 | O7: =INDEX(O10:O259,MIN($B$12,250)+1) -> 0.78715094 | P7: =INDEX(P10:P259,MIN($B$12,250)+1) -> 0.75188669 | Q7: =INDEX(Q10:Q259,MIN($B$12,250)+1) -> 0.72062189 | R7: =INDEX(R10:R259,MIN($B$12,250)+1) -> 0.69192396 | S7: =INDEX(S10:S259,MIN($B$12,250)+1) -> 0.6647061 | T7: =INDEX(T10:T259,MIN($B$12,250)+1) -> 0.6378864 | ... AF7: =INDEX(AF10:AF259,MIN($B$12,250)+1) -> 0
A8: 0.03 | B8: 20 | D8: =A8 -> 0.03 | E8: =(G8-G7)/(A8-A7) -> 0.10771162 | F8: =G8/A8 -> 0.063646971 | G8: =A8^2/(A8^2+(1-A8)^2/$B$5) -> 0.0019094091
A9: 0.04 | B9: =1/B8 -> 0.05 | D9: =A9 -> 0.04 | E9: =(G9-G8)/(A9-A8) -> 0.15507985 | F9: =G9/A9 -> 0.08650519 | G9: =A9^2/(A9^2+(1-A9)^2/$B$5) -> 0.0034602076 | L9: n | M9: celda 1 | N9: celda 2 | O9: celda 3 | P9: celda 4 | Q9: celda 5 | R9: celda 6 | S9: celda 7 | T9: celda 8 | U9: celda 9 | V9: celda 10 | W9: celda 11 | X9: celda 12 | Y9: celda 13 | Z9: celda 14 | AA9: celda 15 | AB9: celda 16 | AC9: celda 17 | AD9: celda 18 | AE9: celda 19 | AF9: celda 20
A10: 0.05 | B10: =MAX(E6:E105) -> 2.0804544 | D10: =A10 -> 0.05 | E10: =(G10-G9)/(A10-A9) -> 0.20494343 | F10: =G10/A10 -> 0.11019284 | G10: =A10^2/(A10^2+(1-A10)^2/$B$5) -> 0.0055096419 | L10: 0 | M10: 0 | N10: 0 | O10: 0 | P10: 0 | Q10: 0 | R10: 0 | S10: 0 | T10: 0 | U10: 0 | V10: 0 | W10: 0 | X10: 0 | Y10: 0 | Z10: 0 | AA10: 0 | AB10: 0 | AC10: 0 | AD10: 0 | AE10: 0 | AF10: 0
A11: 0.06 | B11: =B6*B9/B10 -> 0.019226569 | D11: =A11 -> 0.06 | E11: =(G11-G10)/(A11-A10) -> 0.25729805 | F11: =G11/A11 -> 0.13471037 | G11: =A11^2/(A11^2+(1-A11)^2/$B$5) -> 0.0080826224 | L11: 1 | M11: =IF(ABS(M10-$B$11/$B$9*((MAX(0,MIN(1,M10))^2/(MAX(0,MIN(1,M10))^2+(1-MAX(0,MIN(1,M10)))^2/$B$5))-(MAX(0,MIN(1,1))^2/(MAX(0,MIN(1,1))^2+(1-MAX(0,MIN(1,1)))^2/$B$5))))<0.000000001,0,M10-$B$11/$B$9*((MAX(0,MIN(1,M10))^2/(MAX(0,MIN(1,M10))^2+(1-MAX(0,MIN(1,M10)))^2/$B$5))-(MAX(0,MIN(1,1))^2/(MAX(0,MIN(1,1))^2+(1-MAX(0,MIN(1,1)))^2/$B$5)))) -> 0.38453139 | N11: =IF(ABS(N10-$B$11/$B$9*((MAX(0,MIN(1,N10))^2/(MAX(0,MIN(1,N10))^2+(1-MAX(0,MIN(1,N10)))^2/$B$5))-(MAX(0,MIN(1,M10))^2/(MAX(0,MIN(1,M10))^2+(1-MAX(0,MIN(1,M10)))^2/$B$5))))<0.000000001,0,N10-$B$11/$B$9*((MAX(0,MIN(1,N10))^2/(MAX(0,MIN(1,N10))^2+(1-MAX(0,MIN(1,N10)))^2/$B$5))-(MAX(0,MIN(1,M10))^2/(MAX(0,MIN(1,M10))^2+(1-MAX(0,MIN(1,M10)))^2/$B$5)))) -> 0 | O11: =IF(ABS(O10-$B$11/$B$9*((MAX(0,MIN(1,O10))^2/(MAX(0,MIN(1,O10))^2+(1-MAX(0,MIN(1,O10)))^2/$B$5))-(MAX(0,MIN(1,N10))^2/(MAX(0,MIN(1,N10))^2+(1-MAX(0,MIN(1,N10)))^2/$B$5))))<0.000000001,0,O10-$B$11/$B$9*((MAX(0,MIN(1,O10))^2/(MAX(0,MIN(1,O10))^2+(1-MAX(0,MIN(1,O10)))^2/$B$5))-(MAX(0,MIN(1,N10))^2/(MAX(0,MIN(1,N10))^2+(1-MAX(0,MIN(1,N10)))^2/$B$5)))) -> 0 | P11: =IF(ABS(P10-$B$11/$B$9*((MAX(0,MIN(1,P10))^2/(MAX(0,MIN(1,P10))^2+(1-MAX(0,MIN(1,P10)))^2/$B$5))-(MAX(0,MIN(1,O10))^2/(MAX(0,MIN(1,O10))^2+(1-MAX(0,MIN(1,O10)))^2/$B$5))))<0.000000001,0,P10-$B$11/$B$9*((MAX(0,MIN(1,P10))^2/(MAX(0,MIN(1,P10))^2+(1-MAX(0,MIN(1,P10)))^2/$B$5))-(MAX(0,MIN(1,O10))^2/(MAX(0,MIN(1,O10))^2+(1-MAX(0,MIN(1,O10)))^2/$B$5)))) -> 0 | Q11: =IF(ABS(Q10-$B$11/$B$9*((MAX(0,MIN(1,Q10))^2/(MAX(0,MIN(1,Q10))^2+(1-MAX(0,MIN(1,Q10)))^2/$B$5))-(MAX(0,MIN(1,P10))^2/(MAX(0,MIN(1,P10))^2+(1-MAX(0,MIN(1,P10)))^2/$B$5))))<0.000000001,0,Q10-$B$11/$B$9*((MAX(0,MIN(1,Q10))^2/(MAX(0,MIN(1,Q10))^2+(1-MAX(0,MIN(1,Q10)))^2/$B$5))-(MAX(0,MIN(1,P10))^2/(MAX(0,MIN(1,P10))^2+(1-MAX(0,MIN(1,P10)))^2/$B$5)))) -> 0 | R11: =IF(ABS(R10-$B$11/$B$9*((MAX(0,MIN(1,R10))^2/(MAX(0,MIN(1,R10))^2+(1-MAX(0,MIN(1,R10)))^2/$B$5))-(MAX(0,MIN(1,Q10))^2/(MAX(0,MIN(1,Q10))^2+(1-MAX(0,MIN(1,Q10)))^2/$B$5))))<0.000000001,0,R10-$B$11/$B$9*((MAX(0,MIN(1,R10))^2/(MAX(0,MIN(1,R10))^2+(1-MAX(0,MIN(1,R10)))^2/$B$5))-(MAX(0,MIN(1,Q10))^2/(MAX(0,MIN(1,Q10))^2+(1-MAX(0,MIN(1,Q10)))^2/$B$5)))) -> 0 | S11: =IF(ABS(S10-$B$11/$B$9*((MAX(0,MIN(1,S10))^2/(MAX(0,MIN(1,S10))^2+(1-MAX(0,MIN(1,S10)))^2/$B$5))-(MAX(0,MIN(1,R10))^2/(MAX(0,MIN(1,R10))^2+(1-MAX(0,MIN(1,R10)))^2/$B$5))))<0.000000001,0,S10-$B$11/$B$9*((MAX(0,MIN(1,S10))^2/(MAX(0,MIN(1,S10))^2+(1-MAX(0,MIN(1,S10)))^2/$B$5))-(MAX(0,MIN(1,R10))^2/(MAX(0,MIN(1,R10))^2+(1-MAX(0,MIN(1,R10)))^2/$B$5)))) -> 0 | T11: =IF(ABS(T10-$B$11/$B$9*((MAX(0,MIN(1,T10))^2/(MAX(0,MIN(1,T10))^2+(1-MAX(0,MIN(1,T10)))^2/$B$5))-(MAX(0,MIN(1,S10))^2/(MAX(0,MIN(1,S10))^2+(1-MAX(0,MIN(1,S10)))^2/$B$5))))<0.000000001,0,T10-$B$11/$B$9*((MAX(0,MIN(1,T10))^2/(MAX(0,MIN(1,T10))^2+(1-MAX(0,MIN(1,T10)))^2/$B$5))-(MAX(0,MIN(1,S10))^2/(MAX(0,MIN(1,S10))^2+(1-MAX(0,MIN(1,S10)))^2/$B$5)))) -> 0 | U11: =IF(ABS(U10-$B$11/$B$9*((MAX(0,MIN(1,U10))^2/(MAX(0,MIN(1,U10))^2+(1-MAX(0,MIN(1,U10)))^2/$B$5))-(MAX(0,MIN(1,T10))^2/(MAX(0,MIN(1,T10))^2+(1-MAX(0,MIN(1,T10)))^2/$B$5))))<0.000000001,0,U10-$B$11/$B$9*((MAX(0,MIN(1,U10))^2/(MAX(0,MIN(1,U10))^2+(1-MAX(0,MIN(1,U10)))^2/$B$5))-(MAX(0,MIN(1,T10))^2/(MAX(0,MIN(1,T10))^2+(1-MAX(0,MIN(1,T10)))^2/$B$5)))) -> 0 | ... AF11: =IF(ABS(AF10-$B$11/$B$9*((MAX(0,MIN(1,AF10))^2/(MAX(0,MIN(1,AF10))^2+(1-MAX(0,MIN(1,AF10)))^2/$B$5))-(MAX(0,MIN(1,AE10))^2/(MAX(0,MIN(1,AE10))^2+(1-MAX(0,MIN(1,AE10)))^2/$B$5))))<0.000000001,0,AF10-$B$11/$B$9*((MAX(0,MIN(1,AF10))^2/(MAX(0,MIN(1,AF10))^2+(1-MAX(0,MIN(1,AF10)))^2/$B$5))-(MAX(0,MIN(1,AE10))^2/(MAX(0,MIN(1,AE10))^2+(1-MAX(0,MIN(1,AE10)))^2/$B$5)))) -> 0
A12: 0.07 | B12: =ROUND(B7/B11,0) -> 21 | D12: =A12 -> 0.07 | E12: =(G12-G11)/(A12-A11) -> 0.3121219 | F12: =G12/A12 -> 0.16005488 | G12: =A12^2/(A12^2+(1-A12)^2/$B$5) -> 0.011203841 | L12: 2 | M12: =IF(ABS(M11-$B$11/$B$9*((MAX(0,MIN(1,M11))^2/(MAX(0,MIN(1,M11))^2+(1-MAX(0,MIN(1,M11)))^2/$B$5))-(MAX(0,MIN(1,1))^2/(MAX(0,MIN(1,1))^2+(1-MAX(0,MIN(1,1)))^2/$B$5))))<0.000000001,0,M11-$B$11/$B$9*((MAX(0,MIN(1,M11))^2/(MAX(0,MIN(1,M11))^2+(1-MAX(0,MIN(1,M11)))^2/$B$5))-(MAX(0,MIN(1,1))^2/(MAX(0,MIN(1,1))^2+(1-MAX(0,MIN(1,1)))^2/$B$5)))) -> 0.60047586 | N12: =IF(ABS(N11-$B$11/$B$9*((MAX(0,MIN(1,N11))^2/(MAX(0,MIN(1,N11))^2+(1-MAX(0,MIN(1,N11)))^2/$B$5))-(MAX(0,MIN(1,M11))^2/(MAX(0,MIN(1,M11))^2+(1-MAX(0,MIN(1,M11)))^2/$B$5))))<0.000000001,0,N11-$B$11/$B$9*((MAX(0,MIN(1,N11))^2/(MAX(0,MIN(1,N11))^2+(1-MAX(0,MIN(1,N11)))^2/$B$5))-(MAX(0,MIN(1,M11))^2/(MAX(0,MIN(1,M11))^2+(1-MAX(0,MIN(1,M11)))^2/$B$5)))) -> 0.16858691 | O12: =IF(ABS(O11-$B$11/$B$9*((MAX(0,MIN(1,O11))^2/(MAX(0,MIN(1,O11))^2+(1-MAX(0,MIN(1,O11)))^2/$B$5))-(MAX(0,MIN(1,N11))^2/(MAX(0,MIN(1,N11))^2+(1-MAX(0,MIN(1,N11)))^2/$B$5))))<0.000000001,0,O11-$B$11/$B$9*((MAX(0,MIN(1,O11))^2/(MAX(0,MIN(1,O11))^2+(1-MAX(0,MIN(1,O11)))^2/$B$5))-(MAX(0,MIN(1,N11))^2/(MAX(0,MIN(1,N11))^2+(1-MAX(0,MIN(1,N11)))^2/$B$5)))) -> 0 | P12: =IF(ABS(P11-$B$11/$B$9*((MAX(0,MIN(1,P11))^2/(MAX(0,MIN(1,P11))^2+(1-MAX(0,MIN(1,P11)))^2/$B$5))-(MAX(0,MIN(1,O11))^2/(MAX(0,MIN(1,O11))^2+(1-MAX(0,MIN(1,O11)))^2/$B$5))))<0.000000001,0,P11-$B$11/$B$9*((MAX(0,MIN(1,P11))^2/(MAX(0,MIN(1,P11))^2+(1-MAX(0,MIN(1,P11)))^2/$B$5))-(MAX(0,MIN(1,O11))^2/(MAX(0,MIN(1,O11))^2+(1-MAX(0,MIN(1,O11)))^2/$B$5)))) -> 0 | Q12: =IF(ABS(Q11-$B$11/$B$9*((MAX(0,MIN(1,Q11))^2/(MAX(0,MIN(1,Q11))^2+(1-MAX(0,MIN(1,Q11)))^2/$B$5))-(MAX(0,MIN(1,P11))^2/(MAX(0,MIN(1,P11))^2+(1-MAX(0,MIN(1,P11)))^2/$B$5))))<0.000000001,0,Q11-$B$11/$B$9*((MAX(0,MIN(1,Q11))^2/(MAX(0,MIN(1,Q11))^2+(1-MAX(0,MIN(1,Q11)))^2/$B$5))-(MAX(0,MIN(1,P11))^2/(MAX(0,MIN(1,P11))^2+(1-MAX(0,MIN(1,P11)))^2/$B$5)))) -> 0 | R12: =IF(ABS(R11-$B$11/$B$9*((MAX(0,MIN(1,R11))^2/(MAX(0,MIN(1,R11))^2+(1-MAX(0,MIN(1,R11)))^2/$B$5))-(MAX(0,MIN(1,Q11))^2/(MAX(0,MIN(1,Q11))^2+(1-MAX(0,MIN(1,Q11)))^2/$B$5))))<0.000000001,0,R11-$B$11/$B$9*((MAX(0,MIN(1,R11))^2/(MAX(0,MIN(1,R11))^2+(1-MAX(0,MIN(1,R11)))^2/$B$5))-(MAX(0,MIN(1,Q11))^2/(MAX(0,MIN(1,Q11))^2+(1-MAX(0,MIN(1,Q11)))^2/$B$5)))) -> 0 | S12: =IF(ABS(S11-$B$11/$B$9*((MAX(0,MIN(1,S11))^2/(MAX(0,MIN(1,S11))^2+(1-MAX(0,MIN(1,S11)))^2/$B$5))-(MAX(0,MIN(1,R11))^2/(MAX(0,MIN(1,R11))^2+(1-MAX(0,MIN(1,R11)))^2/$B$5))))<0.000000001,0,S11-$B$11/$B$9*((MAX(0,MIN(1,S11))^2/(MAX(0,MIN(1,S11))^2+(1-MAX(0,MIN(1,S11)))^2/$B$5))-(MAX(0,MIN(1,R11))^2/(MAX(0,MIN(1,R11))^2+(1-MAX(0,MIN(1,R11)))^2/$B$5)))) -> 0 | T12: =IF(ABS(T11-$B$11/$B$9*((MAX(0,MIN(1,T11))^2/(MAX(0,MIN(1,T11))^2+(1-MAX(0,MIN(1,T11)))^2/$B$5))-(MAX(0,MIN(1,S11))^2/(MAX(0,MIN(1,S11))^2+(1-MAX(0,MIN(1,S11)))^2/$B$5))))<0.000000001,0,T11-$B$11/$B$9*((MAX(0,MIN(1,T11))^2/(MAX(0,MIN(1,T11))^2+(1-MAX(0,MIN(1,T11)))^2/$B$5))-(MAX(0,MIN(1,S11))^2/(MAX(0,MIN(1,S11))^2+(1-MAX(0,MIN(1,S11)))^2/$B$5)))) -> 0 | U12: =IF(ABS(U11-$B$11/$B$9*((MAX(0,MIN(1,U11))^2/(MAX(0,MIN(1,U11))^2+(1-MAX(0,MIN(1,U11)))^2/$B$5))-(MAX(0,MIN(1,T11))^2/(MAX(0,MIN(1,T11))^2+(1-MAX(0,MIN(1,T11)))^2/$B$5))))<0.000000001,0,U11-$B$11/$B$9*((MAX(0,MIN(1,U11))^2/(MAX(0,MIN(1,U11))^2+(1-MAX(0,MIN(1,U11)))^2/$B$5))-(MAX(0,MIN(1,T11))^2/(MAX(0,MIN(1,T11))^2+(1-MAX(0,MIN(1,T11)))^2/$B$5)))) -> 0 | ... AF12: =IF(ABS(AF11-$B$11/$B$9*((MAX(0,MIN(1,AF11))^2/(MAX(0,MIN(1,AF11))^2+(1-MAX(0,MIN(1,AF11)))^2/$B$5))-(MAX(0,MIN(1,AE11))^2/(MAX(0,MIN(1,AE11))^2+(1-MAX(0,MIN(1,AE11)))^2/$B$5))))<0.000000001,0,AF11-$B$11/$B$9*((MAX(0,MIN(1,AF11))^2/(MAX(0,MIN(1,AF11))^2+(1-MAX(0,MIN(1,AF11)))^2/$B$5))-(MAX(0,MIN(1,AE11))^2/(MAX(0,MIN(1,AE11))^2+(1-MAX(0,MIN(1,AE11)))^2/$B$5)))) -> 0
A13: 0.08 | B13: =INDEX(A6:A105,MATCH(MAX(F6:F105),F6:F105,0)) -> 0.58 | D13: =A13 -> 0.08 | E13: =(G13-G12)/(A13-A12) -> 0.36937378 | F13: =G13/A13 -> 0.18621974 | G13: =A13^2/(A13^2+(1-A13)^2/$B$5) -> 0.014897579 | L13: 3 | M13: =IF(ABS(M12-$B$11/$B$9*((MAX(0,MIN(1,M12))^2/(MAX(0,MIN(1,M12))^2+(1-MAX(0,MIN(1,M12)))^2/$B$5))-(MAX(0,MIN(1,1))^2/(MAX(0,MIN(1,1))^2+(1-MAX(0,MIN(1,1)))^2/$B$5))))<0.000000001,0,M12-$B$11/$B$9*((MAX(0,MIN(1,M12))^2/(MAX(0,MIN(1,M12))^2+(1-MAX(0,MIN(1,M12)))^2/$B$5))-(MAX(0,MIN(1,1))^2/(MAX(0,MIN(1,1))^2+(1-MAX(0,MIN(1,1)))^2/$B$5)))) -> 0.67016406 | N13: =IF(ABS(N12-$B$11/$B$9*((MAX(0,MIN(1,N12))^2/(MAX(0,MIN(1,N12))^2+(1-MAX(0,MIN(1,N12)))^2/$B$5))-(MAX(0,MIN(1,M12))^2/(MAX(0,MIN(1,M12))^2+(1-MAX(0,MIN(1,M12)))^2/$B$5))))<0.000000001,0,N12-$B$11/$B$9*((MAX(0,MIN(1,N12))^2/(MAX(0,MIN(1,N12))^2+(1-MAX(0,MIN(1,N12)))^2/$B$5))-(MAX(0,MIN(1,M12))^2/(MAX(0,MIN(1,M12))^2+(1-MAX(0,MIN(1,M12)))^2/$B$5)))) -> 0.45421178 | O13: =IF(ABS(O12-$B$11/$B$9*((MAX(0,MIN(1,O12))^2/(MAX(0,MIN(1,O12))^2+(1-MAX(0,MIN(1,O12)))^2/$B$5))-(MAX(0,MIN(1,N12))^2/(MAX(0,MIN(1,N12))^2+(1-MAX(0,MIN(1,N12)))^2/$B$5))))<0.000000001,0,O12-$B$11/$B$9*((MAX(0,MIN(1,O12))^2/(MAX(0,MIN(1,O12))^2+(1-MAX(0,MIN(1,O12)))^2/$B$5))-(MAX(0,MIN(1,N12))^2/(MAX(0,MIN(1,N12))^2+(1-MAX(0,MIN(1,N12)))^2/$B$5)))) -> 0.029218315 | P13: =IF(ABS(P12-$B$11/$B$9*((MAX(0,MIN(1,P12))^2/(MAX(0,MIN(1,P12))^2+(1-MAX(0,MIN(1,P12)))^2/$B$5))-(MAX(0,MIN(1,O12))^2/(MAX(0,MIN(1,O12))^2+(1-MAX(0,MIN(1,O12)))^2/$B$5))))<0.000000001,0,P12-$B$11/$B$9*((MAX(0,MIN(1,P12))^2/(MAX(0,MIN(1,P12))^2+(1-MAX(0,MIN(1,P12)))^2/$B$5))-(MAX(0,MIN(1,O12))^2/(MAX(0,MIN(1,O12))^2+(1-MAX(0,MIN(1,O12)))^2/$B$5)))) -> 0 | Q13: =IF(ABS(Q12-$B$11/$B$9*((MAX(0,MIN(1,Q12))^2/(MAX(0,MIN(1,Q12))^2+(1-MAX(0,MIN(1,Q12)))^2/$B$5))-(MAX(0,MIN(1,P12))^2/(MAX(0,MIN(1,P12))^2+(1-MAX(0,MIN(1,P12)))^2/$B$5))))<0.000000001,0,Q12-$B$11/$B$9*((MAX(0,MIN(1,Q12))^2/(MAX(0,MIN(1,Q12))^2+(1-MAX(0,MIN(1,Q12)))^2/$B$5))-(MAX(0,MIN(1,P12))^2/(MAX(0,MIN(1,P12))^2+(1-MAX(0,MIN(1,P12)))^2/$B$5)))) -> 0 | R13: =IF(ABS(R12-$B$11/$B$9*((MAX(0,MIN(1,R12))^2/(MAX(0,MIN(1,R12))^2+(1-MAX(0,MIN(1,R12)))^2/$B$5))-(MAX(0,MIN(1,Q12))^2/(MAX(0,MIN(1,Q12))^2+(1-MAX(0,MIN(1,Q12)))^2/$B$5))))<0.000000001,0,R12-$B$11/$B$9*((MAX(0,MIN(1,R12))^2/(MAX(0,MIN(1,R12))^2+(1-MAX(0,MIN(1,R12)))^2/$B$5))-(MAX(0,MIN(1,Q12))^2/(MAX(0,MIN(1,Q12))^2+(1-MAX(0,MIN(1,Q12)))^2/$B$5)))) -> 0 | S13: =IF(ABS(S12-$B$11/$B$9*((MAX(0,MIN(1,S12))^2/(MAX(0,MIN(1,S12))^2+(1-MAX(0,MIN(1,S12)))^2/$B$5))-(MAX(0,MIN(1,R12))^2/(MAX(0,MIN(1,R12))^2+(1-MAX(0,MIN(1,R12)))^2/$B$5))))<0.000000001,0,S12-$B$11/$B$9*((MAX(0,MIN(1,S12))^2/(MAX(0,MIN(1,S12))^2+(1-MAX(0,MIN(1,S12)))^2/$B$5))-(MAX(0,MIN(1,R12))^2/(MAX(0,MIN(1,R12))^2+(1-MAX(0,MIN(1,R12)))^2/$B$5)))) -> 0 | T13: =IF(ABS(T12-$B$11/$B$9*((MAX(0,MIN(1,T12))^2/(MAX(0,MIN(1,T12))^2+(1-MAX(0,MIN(1,T12)))^2/$B$5))-(MAX(0,MIN(1,S12))^2/(MAX(0,MIN(1,S12))^2+(1-MAX(0,MIN(1,S12)))^2/$B$5))))<0.000000001,0,T12-$B$11/$B$9*((MAX(0,MIN(1,T12))^2/(MAX(0,MIN(1,T12))^2+(1-MAX(0,MIN(1,T12)))^2/$B$5))-(MAX(0,MIN(1,S12))^2/(MAX(0,MIN(1,S12))^2+(1-MAX(0,MIN(1,S12)))^2/$B$5)))) -> 0 | U13: =IF(ABS(U12-$B$11/$B$9*((MAX(0,MIN(1,U12))^2/(MAX(0,MIN(1,U12))^2+(1-MAX(0,MIN(1,U12)))^2/$B$5))-(MAX(0,MIN(1,T12))^2/(MAX(0,MIN(1,T12))^2+(1-MAX(0,MIN(1,T12)))^2/$B$5))))<0.000000001,0,U12-$B$11/$B$9*((MAX(0,MIN(1,U12))^2/(MAX(0,MIN(1,U12))^2+(1-MAX(0,MIN(1,U12)))^2/$B$5))-(MAX(0,MIN(1,T12))^2/(MAX(0,MIN(1,T12))^2+(1-MAX(0,MIN(1,T12)))^2/$B$5)))) -> 0 | ... AF13: =IF(ABS(AF12-$B$11/$B$9*((MAX(0,MIN(1,AF12))^2/(MAX(0,MIN(1,AF12))^2+(1-MAX(0,MIN(1,AF12)))^2/$B$5))-(MAX(0,MIN(1,AE12))^2/(MAX(0,MIN(1,AE12))^2+(1-MAX(0,MIN(1,AE12)))^2/$B$5))))<0.000000001,0,AF12-$B$11/$B$9*((MAX(0,MIN(1,AF12))^2/(MAX(0,MIN(1,AF12))^2+(1-MAX(0,MIN(1,AF12)))^2/$B$5))-(MAX(0,MIN(1,AE12))^2/(MAX(0,MIN(1,AE12))^2+(1-MAX(0,MIN(1,AE12)))^2/$B$5)))) -> 0
A14: 0.09 | B14: =MIN(1,B7*MAX(F6:F105)) -> 0.54639661 | D14: =A14 -> 0.09 | E14: =(G14-G13)/(A14-A13) -> 0.42899135 | F14: =G14/A14 -> 0.21319436 | G14: =A14^2/(A14^2+(1-A14)^2/$B$5) -> 0.019187493 | L14: 4 | M14: =IF(ABS(M13-$B$11/$B$9*((MAX(0,MIN(1,M13))^2/(MAX(0,MIN(1,M13))^2+(1-MAX(0,MIN(1,M13)))^2/$B$5))-(MAX(0,MIN(1,1))^2/(MAX(0,MIN(1,1))^2+(1-MAX(0,MIN(1,1)))^2/$B$5))))<0.000000001,0,M13-$B$11/$B$9*((MAX(0,MIN(1,M13))^2/(MAX(0,MIN(1,M13))^2+(1-MAX(0,MIN(1,M13)))^2/$B$5))-(MAX(0,MIN(1,1))^2/(MAX(0,MIN(1,1))^2+(1-MAX(0,MIN(1,1)))^2/$B$5)))) -> 0.7117058 | N14: =IF(ABS(N13-$B$11/$B$9*((MAX(0,MIN(1,N13))^2/(MAX(0,MIN(1,N13))^2+(1-MAX(0,MIN(1,N13)))^2/$B$5))-(MAX(0,MIN(1,M13))^2/(MAX(0,MIN(1,M13))^2+(1-MAX(0,MIN(1,M13)))^2/$B$5))))<0.000000001,0,N13-$B$11/$B$9*((MAX(0,MIN(1,N13))^2/(MAX(0,MIN(1,N13))^2+(1-MAX(0,MIN(1,N13)))^2/$B$5))-(MAX(0,MIN(1,M13))^2/(MAX(0,MIN(1,M13))^2+(1-MAX(0,MIN(1,M13)))^2/$B$5)))) -> 0.57388863 | O14: =IF(ABS(O13-$B$11/$B$9*((MAX(0,MIN(1,O13))^2/(MAX(0,MIN(1,O13))^2+(1-MAX(0,MIN(1,O13)))^2/$B$5))-(MAX(0,MIN(1,N13))^2/(MAX(0,MIN(1,N13))^2+(1-MAX(0,MIN(1,N13)))^2/$B$5))))<0.000000001,0,O13-$B$11/$B$9*((MAX(0,MIN(1,O13))^2/(MAX(0,MIN(1,O13))^2+(1-MAX(0,MIN(1,O13)))^2/$B$5))-(MAX(0,MIN(1,N13))^2/(MAX(0,MIN(1,N13))^2+(1-MAX(0,MIN(1,N13)))^2/$B$5)))) -> 0.25183569 | P14: =IF(ABS(P13-$B$11/$B$9*((MAX(0,MIN(1,P13))^2/(MAX(0,MIN(1,P13))^2+(1-MAX(0,MIN(1,P13)))^2/$B$5))-(MAX(0,MIN(1,O13))^2/(MAX(0,MIN(1,O13))^2+(1-MAX(0,MIN(1,O13)))^2/$B$5))))<0.000000001,0,P13-$B$11/$B$9*((MAX(0,MIN(1,P13))^2/(MAX(0,MIN(1,P13))^2+(1-MAX(0,MIN(1,P13)))^2/$B$5))-(MAX(0,MIN(1,O13))^2/(MAX(0,MIN(1,O13))^2+(1-MAX(0,MIN(1,O13)))^2/$B$5)))) -> 0.00069541309 | Q14: =IF(ABS(Q13-$B$11/$B$9*((MAX(0,MIN(1,Q13))^2/(MAX(0,MIN(1,Q13))^2+(1-MAX(0,MIN(1,Q13)))^2/$B$5))-(MAX(0,MIN(1,P13))^2/(MAX(0,MIN(1,P13))^2+(1-MAX(0,MIN(1,P13)))^2/$B$5))))<0.000000001,0,Q13-$B$11/$B$9*((MAX(0,MIN(1,Q13))^2/(MAX(0,MIN(1,Q13))^2+(1-MAX(0,MIN(1,Q13)))^2/$B$5))-(MAX(0,MIN(1,P13))^2/(MAX(0,MIN(1,P13))^2+(1-MAX(0,MIN(1,P13)))^2/$B$5)))) -> 0 | R14: =IF(ABS(R13-$B$11/$B$9*((MAX(0,MIN(1,R13))^2/(MAX(0,MIN(1,R13))^2+(1-MAX(0,MIN(1,R13)))^2/$B$5))-(MAX(0,MIN(1,Q13))^2/(MAX(0,MIN(1,Q13))^2+(1-MAX(0,MIN(1,Q13)))^2/$B$5))))<0.000000001,0,R13-$B$11/$B$9*((MAX(0,MIN(1,R13))^2/(MAX(0,MIN(1,R13))^2+(1-MAX(0,MIN(1,R13)))^2/$B$5))-(MAX(0,MIN(1,Q13))^2/(MAX(0,MIN(1,Q13))^2+(1-MAX(0,MIN(1,Q13)))^2/$B$5)))) -> 0 | S14: =IF(ABS(S13-$B$11/$B$9*((MAX(0,MIN(1,S13))^2/(MAX(0,MIN(1,S13))^2+(1-MAX(0,MIN(1,S13)))^2/$B$5))-(MAX(0,MIN(1,R13))^2/(MAX(0,MIN(1,R13))^2+(1-MAX(0,MIN(1,R13)))^2/$B$5))))<0.000000001,0,S13-$B$11/$B$9*((MAX(0,MIN(1,S13))^2/(MAX(0,MIN(1,S13))^2+(1-MAX(0,MIN(1,S13)))^2/$B$5))-(MAX(0,MIN(1,R13))^2/(MAX(0,MIN(1,R13))^2+(1-MAX(0,MIN(1,R13)))^2/$B$5)))) -> 0 | T14: =IF(ABS(T13-$B$11/$B$9*((MAX(0,MIN(1,T13))^2/(MAX(0,MIN(1,T13))^2+(1-MAX(0,MIN(1,T13)))^2/$B$5))-(MAX(0,MIN(1,S13))^2/(MAX(0,MIN(1,S13))^2+(1-MAX(0,MIN(1,S13)))^2/$B$5))))<0.000000001,0,T13-$B$11/$B$9*((MAX(0,MIN(1,T13))^2/(MAX(0,MIN(1,T13))^2+(1-MAX(0,MIN(1,T13)))^2/$B$5))-(MAX(0,MIN(1,S13))^2/(MAX(0,MIN(1,S13))^2+(1-MAX(0,MIN(1,S13)))^2/$B$5)))) -> 0 | U14: =IF(ABS(U13-$B$11/$B$9*((MAX(0,MIN(1,U13))^2/(MAX(0,MIN(1,U13))^2+(1-MAX(0,MIN(1,U13)))^2/$B$5))-(MAX(0,MIN(1,T13))^2/(MAX(0,MIN(1,T13))^2+(1-MAX(0,MIN(1,T13)))^2/$B$5))))<0.000000001,0,U13-$B$11/$B$9*((MAX(0,MIN(1,U13))^2/(MAX(0,MIN(1,U13))^2+(1-MAX(0,MIN(1,U13)))^2/$B$5))-(MAX(0,MIN(1,T13))^2/(MAX(0,MIN(1,T13))^2+(1-MAX(0,MIN(1,T13)))^2/$B$5)))) -> 0 | ... AF14: =IF(ABS(AF13-$B$11/$B$9*((MAX(0,MIN(1,AF13))^2/(MAX(0,MIN(1,AF13))^2+(1-MAX(0,MIN(1,AF13)))^2/$B$5))-(MAX(0,MIN(1,AE13))^2/(MAX(0,MIN(1,AE13))^2+(1-MAX(0,MIN(1,AE13)))^2/$B$5))))<0.000000001,0,AF13-$B$11/$B$9*((MAX(0,MIN(1,AF13))^2/(MAX(0,MIN(1,AF13))^2+(1-MAX(0,MIN(1,AF13)))^2/$B$5))-(MAX(0,MIN(1,AE13))^2/(MAX(0,MIN(1,AE13))^2+(1-MAX(0,MIN(1,AE13)))^2/$B$5)))) -> 0
A15: 0.1 | B15: =COUNTIF(M7:AF7,">="&B13/2)*B9 -> 0.6 | D15: =A15 -> 0.1 | E15: =(G15-G14)/(A15-A14) -> 0.49088929 | F15: =G15/A15 -> 0.24096386 | G15: =A15^2/(A15^2+(1-A15)^2/$B$5) -> 0.024096386 | L15: 5 | M15: =IF(ABS(M14-$B$11/$B$9*((MAX(0,MIN(1,M14))^2/(MAX(0,MIN(1,M14))^2+(1-MAX(0,MIN(1,M14)))^2/$B$5))-(MAX(0,MIN(1,1))^2/(MAX(0,MIN(1,1))^2+(1-MAX(0,MIN(1,1)))^2/$B$5))))<0.000000001,0,M14-$B$11/$B$9*((MAX(0,MIN(1,M14))^2/(MAX(0,MIN(1,M14))^2+(1-MAX(0,MIN(1,M14)))^2/$B$5))-(MAX(0,MIN(1,1))^2/(MAX(0,MIN(1,1))^2+(1-MAX(0,MIN(1,1)))^2/$B$5)))) -> 0.74086181 | N15: =IF(ABS(N14-$B$11/$B$9*((MAX(0,MIN(1,N14))^2/(MAX(0,MIN(1,N14))^2+(1-MAX(0,MIN(1,N14)))^2/$B$5))-(MAX(0,MIN(1,M14))^2/(MAX(0,MIN(1,M14))^2+(1-MAX(0,MIN(1,M14)))^2/$B$5))))<0.000000001,0,N14-$B$11/$B$9*((MAX(0,MIN(1,N14))^2/(MAX(0,MIN(1,N14))^2+(1-MAX(0,MIN(1,N14)))^2/$B$5))-(MAX(0,MIN(1,M14))^2/(MAX(0,MIN(1,M14))^2+(1-MAX(0,MIN(1,M14)))^2/$B$5)))) -> 0.62782489 | O15: =IF(ABS(O14-$B$11/$B$9*((MAX(0,MIN(1,O14))^2/(MAX(0,MIN(1,O14))^2+(1-MAX(0,MIN(1,O14)))^2/$B$5))-(MAX(0,MIN(1,N14))^2/(MAX(0,MIN(1,N14))^2+(1-MAX(0,MIN(1,N14)))^2/$B$5))))<0.000000001,0,O14-$B$11/$B$9*((MAX(0,MIN(1,O14))^2/(MAX(0,MIN(1,O14))^2+(1-MAX(0,MIN(1,O14)))^2/$B$5))-(MAX(0,MIN(1,N14))^2/(MAX(0,MIN(1,N14))^2+(1-MAX(0,MIN(1,N14)))^2/$B$5)))) -> 0.48223571 | P15: =IF(ABS(P14-$B$11/$B$9*((MAX(0,MIN(1,P14))^2/(MAX(0,MIN(1,P14))^2+(1-MAX(0,MIN(1,P14)))^2/$B$5))-(MAX(0,MIN(1,O14))^2/(MAX(0,MIN(1,O14))^2+(1-MAX(0,MIN(1,O14)))^2/$B$5))))<0.000000001,0,P14-$B$11/$B$9*((MAX(0,MIN(1,P14))^2/(MAX(0,MIN(1,P14))^2+(1-MAX(0,MIN(1,P14)))^2/$B$5))-(MAX(0,MIN(1,O14))^2/(MAX(0,MIN(1,O14))^2+(1-MAX(0,MIN(1,O14)))^2/$B$5)))) -> 0.07173414 | Q15: =IF(ABS(Q14-$B$11/$B$9*((MAX(0,MIN(1,Q14))^2/(MAX(0,MIN(1,Q14))^2+(1-MAX(0,MIN(1,Q14)))^2/$B$5))-(MAX(0,MIN(1,P14))^2/(MAX(0,MIN(1,P14))^2+(1-MAX(0,MIN(1,P14)))^2/$B$5))))<0.000000001,0,Q14-$B$11/$B$9*((MAX(0,MIN(1,Q14))^2/(MAX(0,MIN(1,Q14))^2+(1-MAX(0,MIN(1,Q14)))^2/$B$5))-(MAX(0,MIN(1,P14))^2/(MAX(0,MIN(1,P14))^2+(1-MAX(0,MIN(1,P14)))^2/$B$5)))) -> 3.7243572e-07 | R15: =IF(ABS(R14-$B$11/$B$9*((MAX(0,MIN(1,R14))^2/(MAX(0,MIN(1,R14))^2+(1-MAX(0,MIN(1,R14)))^2/$B$5))-(MAX(0,MIN(1,Q14))^2/(MAX(0,MIN(1,Q14))^2+(1-MAX(0,MIN(1,Q14)))^2/$B$5))))<0.000000001,0,R14-$B$11/$B$9*((MAX(0,MIN(1,R14))^2/(MAX(0,MIN(1,R14))^2+(1-MAX(0,MIN(1,R14)))^2/$B$5))-(MAX(0,MIN(1,Q14))^2/(MAX(0,MIN(1,Q14))^2+(1-MAX(0,MIN(1,Q14)))^2/$B$5)))) -> 0 | S15: =IF(ABS(S14-$B$11/$B$9*((MAX(0,MIN(1,S14))^2/(MAX(0,MIN(1,S14))^2+(1-MAX(0,MIN(1,S14)))^2/$B$5))-(MAX(0,MIN(1,R14))^2/(MAX(0,MIN(1,R14))^2+(1-MAX(0,MIN(1,R14)))^2/$B$5))))<0.000000001,0,S14-$B$11/$B$9*((MAX(0,MIN(1,S14))^2/(MAX(0,MIN(1,S14))^2+(1-MAX(0,MIN(1,S14)))^2/$B$5))-(MAX(0,MIN(1,R14))^2/(MAX(0,MIN(1,R14))^2+(1-MAX(0,MIN(1,R14)))^2/$B$5)))) -> 0 | T15: =IF(ABS(T14-$B$11/$B$9*((MAX(0,MIN(1,T14))^2/(MAX(0,MIN(1,T14))^2+(1-MAX(0,MIN(1,T14)))^2/$B$5))-(MAX(0,MIN(1,S14))^2/(MAX(0,MIN(1,S14))^2+(1-MAX(0,MIN(1,S14)))^2/$B$5))))<0.000000001,0,T14-$B$11/$B$9*((MAX(0,MIN(1,T14))^2/(MAX(0,MIN(1,T14))^2+(1-MAX(0,MIN(1,T14)))^2/$B$5))-(MAX(0,MIN(1,S14))^2/(MAX(0,MIN(1,S14))^2+(1-MAX(0,MIN(1,S14)))^2/$B$5)))) -> 0 | U15: =IF(ABS(U14-$B$11/$B$9*((MAX(0,MIN(1,U14))^2/(MAX(0,MIN(1,U14))^2+(1-MAX(0,MIN(1,U14)))^2/$B$5))-(MAX(0,MIN(1,T14))^2/(MAX(0,MIN(1,T14))^2+(1-MAX(0,MIN(1,T14)))^2/$B$5))))<0.000000001,0,U14-$B$11/$B$9*((MAX(0,MIN(1,U14))^2/(MAX(0,MIN(1,U14))^2+(1-MAX(0,MIN(1,U14)))^2/$B$5))-(MAX(0,MIN(1,T14))^2/(MAX(0,MIN(1,T14))^2+(1-MAX(0,MIN(1,T14)))^2/$B$5)))) -> 0 | ... AF15: =IF(ABS(AF14-$B$11/$B$9*((MAX(0,MIN(1,AF14))^2/(MAX(0,MIN(1,AF14))^2+(1-MAX(0,MIN(1,AF14)))^2/$B$5))-(MAX(0,MIN(1,AE14))^2/(MAX(0,MIN(1,AE14))^2+(1-MAX(0,MIN(1,AE14)))^2/$B$5))))<0.000000001,0,AF14-$B$11/$B$9*((MAX(0,MIN(1,AF14))^2/(MAX(0,MIN(1,AF14))^2+(1-MAX(0,MIN(1,AF14)))^2/$B$5))-(MAX(0,MIN(1,AE14))^2/(MAX(0,MIN(1,AE14))^2+(1-MAX(0,MIN(1,AE14)))^2/$B$5)))) -> 0
A16: 0.11 | B16: =IF(B6>1,"Courant > 1: inestable","Estable") -> Estable | D16: =A16 -> 0.11 | E16: =(G16-G15)/(A16-A15) -> 0.5549578 | F16: =G16/A16 -> 0.26950876 | G16: =A16^2/(A16^2+(1-A16)^2/$B$5) -> 0.029645963 | L16: 6 | M16: =IF(ABS(M15-$B$11/$B$9*((MAX(0,MIN(1,M15))^2/(MAX(0,MIN(1,M15))^2+(1-MAX(0,MIN(1,M15)))^2/$B$5))-(MAX(0,MIN(1,1))^2/(MAX(0,MIN(1,1))^2+(1-MAX(0,MIN(1,1)))^2/$B$5))))<0.000000001,0,M15-$B$11/$B$9*((MAX(0,MIN(1,M15))^2/(MAX(0,MIN(1,M15))^2+(1-MAX(0,MIN(1,M15)))^2/$B$5))-(MAX(0,MIN(1,1))^2/(MAX(0,MIN(1,1))^2+(1-MAX(0,MIN(1,1)))^2/$B$5)))) -> 0.76302867 | N16: =IF(ABS(N15-$B$11/$B$9*((MAX(0,MIN(1,N15))^2/(MAX(0,MIN(1,N15))^2+(1-MAX(0,MIN(1,N15)))^2/$B$5))-(MAX(0,MIN(1,M15))^2/(MAX(0,MIN(1,M15))^2+(1-MAX(0,MIN(1,M15)))^2/$B$5))))<0.000000001,0,N15-$B$11/$B$9*((MAX(0,MIN(1,N15))^2/(MAX(0,MIN(1,N15))^2+(1-MAX(0,MIN(1,N15)))^2/$B$5))-(MAX(0,MIN(1,M15))^2/(MAX(0,MIN(1,M15))^2+(1-MAX(0,MIN(1,M15)))^2/$B$5)))) -> 0.66312529 | O16: =IF(ABS(O15-$B$11/$B$9*((MAX(0,MIN(1,O15))^2/(MAX(0,MIN(1,O15))^2+(1-MAX(0,MIN(1,O15)))^2/$B$5))-(MAX(0,MIN(1,N15))^2/(MAX(0,MIN(1,N15))^2+(1-MAX(0,MIN(1,N15)))^2/$B$5))))<0.000000001,0,O15-$B$11/$B$9*((MAX(0,MIN(1,O15))^2/(MAX(0,MIN(1,O15))^2+(1-MAX(0,MIN(1,O15)))^2/$B$5))-(MAX(0,MIN(1,N15))^2/(MAX(0,MIN(1,N15))^2+(1-MAX(0,MIN(1,N15)))^2/$B$5)))) -> 0.565368 | P16: =IF(ABS(P15-$B$11/$B$9*((MAX(0,MIN(1,P15))^2/(MAX(0,MIN(1,P15))^2+(1-MAX(0,MIN(1,P15)))^2/$B$5))-(MAX(0,MIN(1,O15))^2/(MAX(0,MIN(1,O15))^2+(1-MAX(0,MIN(1,O15)))^2/$B$5))))<0.000000001,0,P15-$B$11/$B$9*((MAX(0,MIN(1,P15))^2/(MAX(0,MIN(1,P15))^2+(1-MAX(0,MIN(1,P15)))^2/$B$5))-(MAX(0,MIN(1,O15))^2/(MAX(0,MIN(1,O15))^2+(1-MAX(0,MIN(1,O15)))^2/$B$5)))) -> 0.31112747 | Q16: =IF(ABS(Q15-$B$11/$B$9*((MAX(0,MIN(1,Q15))^2/(MAX(0,MIN(1,Q15))^2+(1-MAX(0,MIN(1,Q15)))^2/$B$5))-(MAX(0,MIN(1,P15))^2/(MAX(0,MIN(1,P15))^2+(1-MAX(0,MIN(1,P15)))^2/$B$5))))<0.000000001,0,Q15-$B$11/$B$9*((MAX(0,MIN(1,Q15))^2/(MAX(0,MIN(1,Q15))^2+(1-MAX(0,MIN(1,Q15)))^2/$B$5))-(MAX(0,MIN(1,P15))^2/(MAX(0,MIN(1,P15))^2+(1-MAX(0,MIN(1,P15)))^2/$B$5)))) -> 0.0045388741 | R16: =IF(ABS(R15-$B$11/$B$9*((MAX(0,MIN(1,R15))^2/(MAX(0,MIN(1,R15))^2+(1-MAX(0,MIN(1,R15)))^2/$B$5))-(MAX(0,MIN(1,Q15))^2/(MAX(0,MIN(1,Q15))^2+(1-MAX(0,MIN(1,Q15)))^2/$B$5))))<0.000000001,0,R15-$B$11/$B$9*((MAX(0,MIN(1,R15))^2/(MAX(0,MIN(1,R15))^2+(1-MAX(0,MIN(1,R15)))^2/$B$5))-(MAX(0,MIN(1,Q15))^2/(MAX(0,MIN(1,Q15))^2+(1-MAX(0,MIN(1,Q15)))^2/$B$5)))) -> 0 | S16: =IF(ABS(S15-$B$11/$B$9*((MAX(0,MIN(1,S15))^2/(MAX(0,MIN(1,S15))^2+(1-MAX(0,MIN(1,S15)))^2/$B$5))-(MAX(0,MIN(1,R15))^2/(MAX(0,MIN(1,R15))^2+(1-MAX(0,MIN(1,R15)))^2/$B$5))))<0.000000001,0,S15-$B$11/$B$9*((MAX(0,MIN(1,S15))^2/(MAX(0,MIN(1,S15))^2+(1-MAX(0,MIN(1,S15)))^2/$B$5))-(MAX(0,MIN(1,R15))^2/(MAX(0,MIN(1,R15))^2+(1-MAX(0,MIN(1,R15)))^2/$B$5)))) -> 0 | T16: =IF(ABS(T15-$B$11/$B$9*((MAX(0,MIN(1,T15))^2/(MAX(0,MIN(1,T15))^2+(1-MAX(0,MIN(1,T15)))^2/$B$5))-(MAX(0,MIN(1,S15))^2/(MAX(0,MIN(1,S15))^2+(1-MAX(0,MIN(1,S15)))^2/$B$5))))<0.000000001,0,T15-$B$11/$B$9*((MAX(0,MIN(1,T15))^2/(MAX(0,MIN(1,T15))^2+(1-MAX(0,MIN(1,T15)))^2/$B$5))-(MAX(0,MIN(1,S15))^2/(MAX(0,MIN(1,S15))^2+(1-MAX(0,MIN(1,S15)))^2/$B$5)))) -> 0 | U16: =IF(ABS(U15-$B$11/$B$9*((MAX(0,MIN(1,U15))^2/(MAX(0,MIN(1,U15))^2+(1-MAX(0,MIN(1,U15)))^2/$B$5))-(MAX(0,MIN(1,T15))^2/(MAX(0,MIN(1,T15))^2+(1-MAX(0,MIN(1,T15)))^2/$B$5))))<0.000000001,0,U15-$B$11/$B$9*((MAX(0,MIN(1,U15))^2/(MAX(0,MIN(1,U15))^2+(1-MAX(0,MIN(1,U15)))^2/$B$5))-(MAX(0,MIN(1,T15))^2/(MAX(0,MIN(1,T15))^2+(1-MAX(0,MIN(1,T15)))^2/$B$5)))) -> 0 | ... AF16: =IF(ABS(AF15-$B$11/$B$9*((MAX(0,MIN(1,AF15))^2/(MAX(0,MIN(1,AF15))^2+(1-MAX(0,MIN(1,AF15)))^2/$B$5))-(MAX(0,MIN(1,AE15))^2/(MAX(0,MIN(1,AE15))^2+(1-MAX(0,MIN(1,AE15)))^2/$B$5))))<0.000000001,0,AF15-$B$11/$B$9*((MAX(0,MIN(1,AF15))^2/(MAX(0,MIN(1,AF15))^2+(1-MAX(0,MIN(1,AF15)))^2/$B$5))-(MAX(0,MIN(1,AE15))^2/(MAX(0,MIN(1,AE15))^2+(1-MAX(0,MIN(1,AE15)))^2/$B$5)))) -> 0
A17: 0.12 | D17: =A17 -> 0.12 | E17: =(G17-G16)/(A17-A16) -> 0.62106102 | F17: =G17/A17 -> 0.29880478 | G17: =A17^2/(A17^2+(1-A17)^2/$B$5) -> 0.035856574 | L17: 7 | M17: =IF(ABS(M16-$B$11/$B$9*((MAX(0,MIN(1,M16))^2/(MAX(0,MIN(1,M16))^2+(1-MAX(0,MIN(1,M16)))^2/$B$5))-(MAX(0,MIN(1,1))^2/(MAX(0,MIN(1,1))^2+(1-MAX(0,MIN(1,1)))^2/$B$5))))<0.000000001,0,M16-$B$11/$B$9*((MAX(0,MIN(1,M16))^2/(MAX(0,MIN(1,M16))^2+(1-MAX(0,MIN(1,M16)))^2/$B$5))-(MAX(0,MIN(1,1))^2/(MAX(0,MIN(1,1))^2+(1-MAX(0,MIN(1,1)))^2/$B$5)))) -> 0.78071985 | N17: =IF(ABS(N16-$B$11/$B$9*((MAX(0,MIN(1,N16))^2/(MAX(0,MIN(1,N16))^2+(1-MAX(0,MIN(1,N16)))^2/$B$5))-(MAX(0,MIN(1,M16))^2/(MAX(0,MIN(1,M16))^2+(1-MAX(0,MIN(1,M16)))^2/$B$5))))<0.000000001,0,N16-$B$11/$B$9*((MAX(0,MIN(1,N16))^2/(MAX(0,MIN(1,N16))^2+(1-MAX(0,MIN(1,N16)))^2/$B$5))-(MAX(0,MIN(1,M16))^2/(MAX(0,MIN(1,M16))^2+(1-MAX(0,MIN(1,M16)))^2/$B$5)))) -> 0.68938211 | O17: =IF(ABS(O16-$B$11/$B$9*((MAX(0,MIN(1,O16))^2/(MAX(0,MIN(1,O16))^2+(1-MAX(0,MIN(1,O16)))^2/$B$5))-(MAX(0,MIN(1,N16))^2/(MAX(0,MIN(1,N16))^2+(1-MAX(0,MIN(1,N16)))^2/$B$5))))<0.000000001,0,O16-$B$11/$B$9*((MAX(0,MIN(1,O16))^2/(MAX(0,MIN(1,O16))^2+(1-MAX(0,MIN(1,O16)))^2/$B$5))-(MAX(0,MIN(1,N16))^2/(MAX(0,MIN(1,N16))^2+(1-MAX(0,MIN(1,N16)))^2/$B$5)))) -> 0.60912954 | P17: =IF(ABS(P16-$B$11/$B$9*((MAX(0,MIN(1,P16))^2/(MAX(0,MIN(1,P16))^2+(1-MAX(0,MIN(1,P16)))^2/$B$5))-(MAX(0,MIN(1,O16))^2/(MAX(0,MIN(1,O16))^2+(1-MAX(0,MIN(1,O16)))^2/$B$5))))<0.000000001,0,P16-$B$11/$B$9*((MAX(0,MIN(1,P16))^2/(MAX(0,MIN(1,P16))^2+(1-MAX(0,MIN(1,P16)))^2/$B$5))-(MAX(0,MIN(1,O16))^2/(MAX(0,MIN(1,O16))^2+(1-MAX(0,MIN(1,O16)))^2/$B$5)))) -> 0.49652829 | Q17: =IF(ABS(Q16-$B$11/$B$9*((MAX(0,MIN(1,Q16))^2/(MAX(0,MIN(1,Q16))^2+(1-MAX(0,MIN(1,Q16)))^2/$B$5))-(MAX(0,MIN(1,P16))^2/(MAX(0,MIN(1,P16))^2+(1-MAX(0,MIN(1,P16)))^2/$B$5))))<0.000000001,0,Q16-$B$11/$B$9*((MAX(0,MIN(1,Q16))^2/(MAX(0,MIN(1,Q16))^2+(1-MAX(0,MIN(1,Q16)))^2/$B$5))-(MAX(0,MIN(1,P16))^2/(MAX(0,MIN(1,P16))^2+(1-MAX(0,MIN(1,P16)))^2/$B$5)))) -> 0.11594391 | R17: =IF(ABS(R16-$B$11/$B$9*((MAX(0,MIN(1,R16))^2/(MAX(0,MIN(1,R16))^2+(1-MAX(0,MIN(1,R16)))^2/$B$5))-(MAX(0,MIN(1,Q16))^2/(MAX(0,MIN(1,Q16))^2+(1-MAX(0,MIN(1,Q16)))^2/$B$5))))<0.000000001,0,R16-$B$11/$B$9*((MAX(0,MIN(1,R16))^2/(MAX(0,MIN(1,R16))^2+(1-MAX(0,MIN(1,R16)))^2/$B$5))-(MAX(0,MIN(1,Q16))^2/(MAX(0,MIN(1,Q16))^2+(1-MAX(0,MIN(1,Q16)))^2/$B$5)))) -> 1.5987899e-05 | S17: =IF(ABS(S16-$B$11/$B$9*((MAX(0,MIN(1,S16))^2/(MAX(0,MIN(1,S16))^2+(1-MAX(0,MIN(1,S16)))^2/$B$5))-(MAX(0,MIN(1,R16))^2/(MAX(0,MIN(1,R16))^2+(1-MAX(0,MIN(1,R16)))^2/$B$5))))<0.000000001,0,S16-$B$11/$B$9*((MAX(0,MIN(1,S16))^2/(MAX(0,MIN(1,S16))^2+(1-MAX(0,MIN(1,S16)))^2/$B$5))-(MAX(0,MIN(1,R16))^2/(MAX(0,MIN(1,R16))^2+(1-MAX(0,MIN(1,R16)))^2/$B$5)))) -> 0 | T17: =IF(ABS(T16-$B$11/$B$9*((MAX(0,MIN(1,T16))^2/(MAX(0,MIN(1,T16))^2+(1-MAX(0,MIN(1,T16)))^2/$B$5))-(MAX(0,MIN(1,S16))^2/(MAX(0,MIN(1,S16))^2+(1-MAX(0,MIN(1,S16)))^2/$B$5))))<0.000000001,0,T16-$B$11/$B$9*((MAX(0,MIN(1,T16))^2/(MAX(0,MIN(1,T16))^2+(1-MAX(0,MIN(1,T16)))^2/$B$5))-(MAX(0,MIN(1,S16))^2/(MAX(0,MIN(1,S16))^2+(1-MAX(0,MIN(1,S16)))^2/$B$5)))) -> 0 | U17: =IF(ABS(U16-$B$11/$B$9*((MAX(0,MIN(1,U16))^2/(MAX(0,MIN(1,U16))^2+(1-MAX(0,MIN(1,U16)))^2/$B$5))-(MAX(0,MIN(1,T16))^2/(MAX(0,MIN(1,T16))^2+(1-MAX(0,MIN(1,T16)))^2/$B$5))))<0.000000001,0,U16-$B$11/$B$9*((MAX(0,MIN(1,U16))^2/(MAX(0,MIN(1,U16))^2+(1-MAX(0,MIN(1,U16)))^2/$B$5))-(MAX(0,MIN(1,T16))^2/(MAX(0,MIN(1,T16))^2+(1-MAX(0,MIN(1,T16)))^2/$B$5)))) -> 0 | ... AF17: =IF(ABS(AF16-$B$11/$B$9*((MAX(0,MIN(1,AF16))^2/(MAX(0,MIN(1,AF16))^2+(1-MAX(0,MIN(1,AF16)))^2/$B$5))-(MAX(0,MIN(1,AE16))^2/(MAX(0,MIN(1,AE16))^2+(1-MAX(0,MIN(1,AE16)))^2/$B$5))))<0.000000001,0,AF16-$B$11/$B$9*((MAX(0,MIN(1,AF16))^2/(MAX(0,MIN(1,AF16))^2+(1-MAX(0,MIN(1,AF16)))^2/$B$5))-(MAX(0,MIN(1,AE16))^2/(MAX(0,MIN(1,AE16))^2+(1-MAX(0,MIN(1,AE16)))^2/$B$5)))) -> 0
A18: 0.13 | D18: =A18 -> 0.13 | E18: =(G18-G17)/(A18-A17) -> 0.68903594 | F18: =G18/A18 -> 0.32882256 | G18: =A18^2/(A18^2+(1-A18)^2/$B$5) -> 0.042746933 | L18: 8 | M18: =IF(ABS(M17-$B$11/$B$9*((MAX(0,MIN(1,M17))^2/(MAX(0,MIN(1,M17))^2+(1-MAX(0,MIN(1,M17)))^2/$B$5))-(MAX(0,MIN(1,1))^2/(MAX(0,MIN(1,1))^2+(1-MAX(0,MIN(1,1)))^2/$B$5))))<0.000000001,0,M17-$B$11/$B$9*((MAX(0,MIN(1,M17))^2/(MAX(0,MIN(1,M17))^2+(1-MAX(0,MIN(1,M17)))^2/$B$5))-(MAX(0,MIN(1,1))^2/(MAX(0,MIN(1,1))^2+(1-MAX(0,MIN(1,1)))^2/$B$5)))) -> 0.79531165 | N18: =IF(ABS(N17-$B$11/$B$9*((MAX(0,MIN(1,N17))^2/(MAX(0,MIN(1,N17))^2+(1-MAX(0,MIN(1,N17)))^2/$B$5))-(MAX(0,MIN(1,M17))^2/(MAX(0,MIN(1,M17))^2+(1-MAX(0,MIN(1,M17)))^2/$B$5))))<0.000000001,0,N17-$B$11/$B$9*((MAX(0,MIN(1,N17))^2/(MAX(0,MIN(1,N17))^2+(1-MAX(0,MIN(1,N17)))^2/$B$5))-(MAX(0,MIN(1,M17))^2/(MAX(0,MIN(1,M17))^2+(1-MAX(0,MIN(1,M17)))^2/$B$5)))) -> 0.71022648 | O18: =IF(ABS(O17-$B$11/$B$9*((MAX(0,MIN(1,O17))^2/(MAX(0,MIN(1,O17))^2+(1-MAX(0,MIN(1,O17)))^2/$B$5))-(MAX(0,MIN(1,N17))^2/(MAX(0,MIN(1,N17))^2+(1-MAX(0,MIN(1,N17)))^2/$B$5))))<0.000000001,0,O17-$B$11/$B$9*((MAX(0,MIN(1,O17))^2/(MAX(0,MIN(1,O17))^2+(1-MAX(0,MIN(1,O17)))^2/$B$5))-(MAX(0,MIN(1,N17))^2/(MAX(0,MIN(1,N17))^2+(1-MAX(0,MIN(1,N17)))^2/$B$5)))) -> 0.63934472 | P18: =IF(ABS(P17-$B$11/$B$9*((MAX(0,MIN(1,P17))^2/(MAX(0,MIN(1,P17))^2+(1-MAX(0,MIN(1,P17)))^2/$B$5))-(MAX(0,MIN(1,O17))^2/(MAX(0,MIN(1,O17))^2+(1-MAX(0,MIN(1,O17)))^2/$B$5))))<0.000000001,0,P17-$B$11/$B$9*((MAX(0,MIN(1,P17))^2/(MAX(0,MIN(1,P17))^2+(1-MAX(0,MIN(1,P17)))^2/$B$5))-(MAX(0,MIN(1,O17))^2/(MAX(0,MIN(1,O17))^2+(1-MAX(0,MIN(1,O17)))^2/$B$5)))) -> 0.56143829 | Q18: =IF(ABS(Q17-$B$11/$B$9*((MAX(0,MIN(1,Q17))^2/(MAX(0,MIN(1,Q17))^2+(1-MAX(0,MIN(1,Q17)))^2/$B$5))-(MAX(0,MIN(1,P17))^2/(MAX(0,MIN(1,P17))^2+(1-MAX(0,MIN(1,P17)))^2/$B$5))))<0.000000001,0,Q17-$B$11/$B$9*((MAX(0,MIN(1,Q17))^2/(MAX(0,MIN(1,Q17))^2+(1-MAX(0,MIN(1,Q17)))^2/$B$5))-(MAX(0,MIN(1,P17))^2/(MAX(0,MIN(1,P17))^2+(1-MAX(0,MIN(1,P17)))^2/$B$5)))) -> 0.35712575 | R18: =IF(ABS(R17-$B$11/$B$9*((MAX(0,MIN(1,R17))^2/(MAX(0,MIN(1,R17))^2+(1-MAX(0,MIN(1,R17)))^2/$B$5))-(MAX(0,MIN(1,Q17))^2/(MAX(0,MIN(1,Q17))^2+(1-MAX(0,MIN(1,Q17)))^2/$B$5))))<0.000000001,0,R17-$B$11/$B$9*((MAX(0,MIN(1,R17))^2/(MAX(0,MIN(1,R17))^2+(1-MAX(0,MIN(1,R17)))^2/$B$5))-(MAX(0,MIN(1,Q17))^2/(MAX(0,MIN(1,Q17))^2+(1-MAX(0,MIN(1,Q17)))^2/$B$5)))) -> 0.012804184 | S18: =IF(ABS(S17-$B$11/$B$9*((MAX(0,MIN(1,S17))^2/(MAX(0,MIN(1,S17))^2+(1-MAX(0,MIN(1,S17)))^2/$B$5))-(MAX(0,MIN(1,R17))^2/(MAX(0,MIN(1,R17))^2+(1-MAX(0,MIN(1,R17)))^2/$B$5))))<0.000000001,0,S17-$B$11/$B$9*((MAX(0,MIN(1,S17))^2/(MAX(0,MIN(1,S17))^2+(1-MAX(0,MIN(1,S17)))^2/$B$5))-(MAX(0,MIN(1,R17))^2/(MAX(0,MIN(1,R17))^2+(1-MAX(0,MIN(1,R17)))^2/$B$5)))) -> 0 | T18: =IF(ABS(T17-$B$11/$B$9*((MAX(0,MIN(1,T17))^2/(MAX(0,MIN(1,T17))^2+(1-MAX(0,MIN(1,T17)))^2/$B$5))-(MAX(0,MIN(1,S17))^2/(MAX(0,MIN(1,S17))^2+(1-MAX(0,MIN(1,S17)))^2/$B$5))))<0.000000001,0,T17-$B$11/$B$9*((MAX(0,MIN(1,T17))^2/(MAX(0,MIN(1,T17))^2+(1-MAX(0,MIN(1,T17)))^2/$B$5))-(MAX(0,MIN(1,S17))^2/(MAX(0,MIN(1,S17))^2+(1-MAX(0,MIN(1,S17)))^2/$B$5)))) -> 0 | U18: =IF(ABS(U17-$B$11/$B$9*((MAX(0,MIN(1,U17))^2/(MAX(0,MIN(1,U17))^2+(1-MAX(0,MIN(1,U17)))^2/$B$5))-(MAX(0,MIN(1,T17))^2/(MAX(0,MIN(1,T17))^2+(1-MAX(0,MIN(1,T17)))^2/$B$5))))<0.000000001,0,U17-$B$11/$B$9*((MAX(0,MIN(1,U17))^2/(MAX(0,MIN(1,U17))^2+(1-MAX(0,MIN(1,U17)))^2/$B$5))-(MAX(0,MIN(1,T17))^2/(MAX(0,MIN(1,T17))^2+(1-MAX(0,MIN(1,T17)))^2/$B$5)))) -> 0 | ... AF18: =IF(ABS(AF17-$B$11/$B$9*((MAX(0,MIN(1,AF17))^2/(MAX(0,MIN(1,AF17))^2+(1-MAX(0,MIN(1,AF17)))^2/$B$5))-(MAX(0,MIN(1,AE17))^2/(MAX(0,MIN(1,AE17))^2+(1-MAX(0,MIN(1,AE17)))^2/$B$5))))<0.000000001,0,AF17-$B$11/$B$9*((MAX(0,MIN(1,AF17))^2/(MAX(0,MIN(1,AF17))^2+(1-MAX(0,MIN(1,AF17)))^2/$B$5))-(MAX(0,MIN(1,AE17))^2/(MAX(0,MIN(1,AE17))^2+(1-MAX(0,MIN(1,AE17)))^2/$B$5)))) -> 0
A19: 0.14 | D19: =A19 -> 0.14 | E19: =(G19-G18)/(A19-A18) -> 0.75869138 | F19: =G19/A19 -> 0.35952748 | G19: =A19^2/(A19^2+(1-A19)^2/$B$5) -> 0.050333847 | L19: 9 | M19: =IF(ABS(M18-$B$11/$B$9*((MAX(0,MIN(1,M18))^2/(MAX(0,MIN(1,M18))^2+(1-MAX(0,MIN(1,M18)))^2/$B$5))-(MAX(0,MIN(1,1))^2/(MAX(0,MIN(1,1))^2+(1-MAX(0,MIN(1,1)))^2/$B$5))))<0.000000001,0,M18-$B$11/$B$9*((MAX(0,MIN(1,M18))^2/(MAX(0,MIN(1,M18))^2+(1-MAX(0,MIN(1,M18)))^2/$B$5))-(MAX(0,MIN(1,1))^2/(MAX(0,MIN(1,1))^2+(1-MAX(0,MIN(1,1)))^2/$B$5)))) -> 0.80763881 | N19: =IF(ABS(N18-$B$11/$B$9*((MAX(0,MIN(1,N18))^2/(MAX(0,MIN(1,N18))^2+(1-MAX(0,MIN(1,N18)))^2/$B$5))-(MAX(0,MIN(1,M18))^2/(MAX(0,MIN(1,M18))^2+(1-MAX(0,MIN(1,M18)))^2/$B$5))))<0.000000001,0,N18-$B$11/$B$9*((MAX(0,MIN(1,N18))^2/(MAX(0,MIN(1,N18))^2+(1-MAX(0,MIN(1,N18)))^2/$B$5))-(MAX(0,MIN(1,M18))^2/(MAX(0,MIN(1,M18))^2+(1-MAX(0,MIN(1,M18)))^2/$B$5)))) -> 0.72744567 | O19: =IF(ABS(O18-$B$11/$B$9*((MAX(0,MIN(1,O18))^2/(MAX(0,MIN(1,O18))^2+(1-MAX(0,MIN(1,O18)))^2/$B$5))-(MAX(0,MIN(1,N18))^2/(MAX(0,MIN(1,N18))^2+(1-MAX(0,MIN(1,N18)))^2/$B$5))))<0.000000001,0,O18-$B$11/$B$9*((MAX(0,MIN(1,O18))^2/(MAX(0,MIN(1,O18))^2+(1-MAX(0,MIN(1,O18)))^2/$B$5))-(MAX(0,MIN(1,N18))^2/(MAX(0,MIN(1,N18))^2+(1-MAX(0,MIN(1,N18)))^2/$B$5)))) -> 0.66258129 | P19: =IF(ABS(P18-$B$11/$B$9*((MAX(0,MIN(1,P18))^2/(MAX(0,MIN(1,P18))^2+(1-MAX(0,MIN(1,P18)))^2/$B$5))-(MAX(0,MIN(1,O18))^2/(MAX(0,MIN(1,O18))^2+(1-MAX(0,MIN(1,O18)))^2/$B$5))))<0.000000001,0,P18-$B$11/$B$9*((MAX(0,MIN(1,P18))^2/(MAX(0,MIN(1,P18))^2+(1-MAX(0,MIN(1,P18)))^2/$B$5))-(MAX(0,MIN(1,O18))^2/(MAX(0,MIN(1,O18))^2+(1-MAX(0,MIN(1,O18)))^2/$B$5)))) -> 0.59854692 | Q19: =IF(ABS(Q18-$B$11/$B$9*((MAX(0,MIN(1,Q18))^2/(MAX(0,MIN(1,Q18))^2+(1-MAX(0,MIN(1,Q18)))^2/$B$5))-(MAX(0,MIN(1,P18))^2/(MAX(0,MIN(1,P18))^2+(1-MAX(0,MIN(1,P18)))^2/$B$5))))<0.000000001,0,Q18-$B$11/$B$9*((MAX(0,MIN(1,Q18))^2/(MAX(0,MIN(1,Q18))^2+(1-MAX(0,MIN(1,Q18)))^2/$B$5))-(MAX(0,MIN(1,P18))^2/(MAX(0,MIN(1,P18))^2+(1-MAX(0,MIN(1,P18)))^2/$B$5)))) -> 0.50501141 | R19: =IF(ABS(R18-$B$11/$B$9*((MAX(0,MIN(1,R18))^2/(MAX(0,MIN(1,R18))^2+(1-MAX(0,MIN(1,R18)))^2/$B$5))-(MAX(0,MIN(1,Q18))^2/(MAX(0,MIN(1,Q18))^2+(1-MAX(0,MIN(1,Q18)))^2/$B$5))))<0.000000001,0,R18-$B$11/$B$9*((MAX(0,MIN(1,R18))^2/(MAX(0,MIN(1,R18))^2+(1-MAX(0,MIN(1,R18)))^2/$B$5))-(MAX(0,MIN(1,Q18))^2/(MAX(0,MIN(1,Q18))^2+(1-MAX(0,MIN(1,Q18)))^2/$B$5)))) -> 0.15942903 | S19: =IF(ABS(S18-$B$11/$B$9*((MAX(0,MIN(1,S18))^2/(MAX(0,MIN(1,S18))^2+(1-MAX(0,MIN(1,S18)))^2/$B$5))-(MAX(0,MIN(1,R18))^2/(MAX(0,MIN(1,R18))^2+(1-MAX(0,MIN(1,R18)))^2/$B$5))))<0.000000001,0,S18-$B$11/$B$9*((MAX(0,MIN(1,S18))^2/(MAX(0,MIN(1,S18))^2+(1-MAX(0,MIN(1,S18)))^2/$B$5))-(MAX(0,MIN(1,R18))^2/(MAX(0,MIN(1,R18))^2+(1-MAX(0,MIN(1,R18)))^2/$B$5)))) -> 0.00012933405 | T19: =IF(ABS(T18-$B$11/$B$9*((MAX(0,MIN(1,T18))^2/(MAX(0,MIN(1,T18))^2+(1-MAX(0,MIN(1,T18)))^2/$B$5))-(MAX(0,MIN(1,S18))^2/(MAX(0,MIN(1,S18))^2+(1-MAX(0,MIN(1,S18)))^2/$B$5))))<0.000000001,0,T18-$B$11/$B$9*((MAX(0,MIN(1,T18))^2/(MAX(0,MIN(1,T18))^2+(1-MAX(0,MIN(1,T18)))^2/$B$5))-(MAX(0,MIN(1,S18))^2/(MAX(0,MIN(1,S18))^2+(1-MAX(0,MIN(1,S18)))^2/$B$5)))) -> 0 | U19: =IF(ABS(U18-$B$11/$B$9*((MAX(0,MIN(1,U18))^2/(MAX(0,MIN(1,U18))^2+(1-MAX(0,MIN(1,U18)))^2/$B$5))-(MAX(0,MIN(1,T18))^2/(MAX(0,MIN(1,T18))^2+(1-MAX(0,MIN(1,T18)))^2/$B$5))))<0.000000001,0,U18-$B$11/$B$9*((MAX(0,MIN(1,U18))^2/(MAX(0,MIN(1,U18))^2+(1-MAX(0,MIN(1,U18)))^2/$B$5))-(MAX(0,MIN(1,T18))^2/(MAX(0,MIN(1,T18))^2+(1-MAX(0,MIN(1,T18)))^2/$B$5)))) -> 0 | ... AF19: =IF(ABS(AF18-$B$11/$B$9*((MAX(0,MIN(1,AF18))^2/(MAX(0,MIN(1,AF18))^2+(1-MAX(0,MIN(1,AF18)))^2/$B$5))-(MAX(0,MIN(1,AE18))^2/(MAX(0,MIN(1,AE18))^2+(1-MAX(0,MIN(1,AE18)))^2/$B$5))))<0.000000001,0,AF18-$B$11/$B$9*((MAX(0,MIN(1,AF18))^2/(MAX(0,MIN(1,AF18))^2+(1-MAX(0,MIN(1,AF18)))^2/$B$5))-(MAX(0,MIN(1,AE18))^2/(MAX(0,MIN(1,AE18))^2+(1-MAX(0,MIN(1,AE18)))^2/$B$5)))) -> 0
A20: 0.15 | D20: =A20 -> 0.15 | E20: =(G20-G19)/(A20-A19) -> 0.82980749 | F20: =G20/A20 -> 0.39087948 | G20: =A20^2/(A20^2+(1-A20)^2/$B$5) -> 0.058631922 | L20: 10 | M20: =IF(ABS(M19-$B$11/$B$9*((MAX(0,MIN(1,M19))^2/(MAX(0,MIN(1,M19))^2+(1-MAX(0,MIN(1,M19)))^2/$B$5))-(MAX(0,MIN(1,1))^2/(MAX(0,MIN(1,1))^2+(1-MAX(0,MIN(1,1)))^2/$B$5))))<0.000000001,0,M19-$B$11/$B$9*((MAX(0,MIN(1,M19))^2/(MAX(0,MIN(1,M19))^2+(1-MAX(0,MIN(1,M19)))^2/$B$5))-(MAX(0,MIN(1,1))^2/(MAX(0,MIN(1,1))^2+(1-MAX(0,MIN(1,1)))^2/$B$5)))) -> 0.8182449 | N20: =IF(ABS(N19-$B$11/$B$9*((MAX(0,MIN(1,N19))^2/(MAX(0,MIN(1,N19))^2+(1-MAX(0,MIN(1,N19)))^2/$B$5))-(MAX(0,MIN(1,M19))^2/(MAX(0,MIN(1,M19))^2+(1-MAX(0,MIN(1,M19)))^2/$B$5))))<0.000000001,0,N19-$B$11/$B$9*((MAX(0,MIN(1,N19))^2/(MAX(0,MIN(1,N19))^2+(1-MAX(0,MIN(1,N19)))^2/$B$5))-(MAX(0,MIN(1,M19))^2/(MAX(0,MIN(1,M19))^2+(1-MAX(0,MIN(1,M19)))^2/$B$5)))) -> 0.74205963 | O20: =IF(ABS(O19-$B$11/$B$9*((MAX(0,MIN(1,O19))^2/(MAX(0,MIN(1,O19))^2+(1-MAX(0,MIN(1,O19)))^2/$B$5))-(MAX(0,MIN(1,N19))^2/(MAX(0,MIN(1,N19))^2+(1-MAX(0,MIN(1,N19)))^2/$B$5))))<0.000000001,0,O19-$B$11/$B$9*((MAX(0,MIN(1,O19))^2/(MAX(0,MIN(1,O19))^2+(1-MAX(0,MIN(1,O19)))^2/$B$5))-(MAX(0,MIN(1,N19))^2/(MAX(0,MIN(1,N19))^2+(1-MAX(0,MIN(1,N19)))^2/$B$5)))) -> 0.6814991 | P20: =IF(ABS(P19-$B$11/$B$9*((MAX(0,MIN(1,P19))^2/(MAX(0,MIN(1,P19))^2+(1-MAX(0,MIN(1,P19)))^2/$B$5))-(MAX(0,MIN(1,O19))^2/(MAX(0,MIN(1,O19))^2+(1-MAX(0,MIN(1,O19)))^2/$B$5))))<0.000000001,0,P19-$B$11/$B$9*((MAX(0,MIN(1,P19))^2/(MAX(0,MIN(1,P19))^2+(1-MAX(0,MIN(1,P19)))^2/$B$5))-(MAX(0,MIN(1,O19))^2/(MAX(0,MIN(1,O19))^2+(1-MAX(0,MIN(1,O19)))^2/$B$5)))) -> 0.62501878 | Q20: =IF(ABS(Q19-$B$11/$B$9*((MAX(0,MIN(1,Q19))^2/(MAX(0,MIN(1,Q19))^2+(1-MAX(0,MIN(1,Q19)))^2/$B$5))-(MAX(0,MIN(1,P19))^2/(MAX(0,MIN(1,P19))^2+(1-MAX(0,MIN(1,P19)))^2/$B$5))))<0.000000001,0,Q19-$B$11/$B$9*((MAX(0,MIN(1,Q19))^2/(MAX(0,MIN(1,Q19))^2+(1-MAX(0,MIN(1,Q19)))^2/$B$5))-(MAX(0,MIN(1,P19))^2/(MAX(0,MIN(1,P19))^2+(1-MAX(0,MIN(1,P19)))^2/$B$5)))) -> 0.55917604 | R20: =IF(ABS(R19-$B$11/$B$9*((MAX(0,MIN(1,R19))^2/(MAX(0,MIN(1,R19))^2+(1-MAX(0,MIN(1,R19)))^2/$B$5))-(MAX(0,MIN(1,Q19))^2/(MAX(0,MIN(1,Q19))^2+(1-MAX(0,MIN(1,Q19)))^2/$B$5))))<0.000000001,0,R19-$B$11/$B$9*((MAX(0,MIN(1,R19))^2/(MAX(0,MIN(1,R19))^2+(1-MAX(0,MIN(1,R19)))^2/$B$5))-(MAX(0,MIN(1,Q19))^2/(MAX(0,MIN(1,Q19))^2+(1-MAX(0,MIN(1,Q19)))^2/$B$5)))) -> 0.39337688 | S20: =IF(ABS(S19-$B$11/$B$9*((MAX(0,MIN(1,S19))^2/(MAX(0,MIN(1,S19))^2+(1-MAX(0,MIN(1,S19)))^2/$B$5))-(MAX(0,MIN(1,R19))^2/(MAX(0,MIN(1,R19))^2+(1-MAX(0,MIN(1,R19)))^2/$B$5))))<0.000000001,0,S19-$B$11/$B$9*((MAX(0,MIN(1,S19))^2/(MAX(0,MIN(1,S19))^2+(1-MAX(0,MIN(1,S19)))^2/$B$5))-(MAX(0,MIN(1,R19))^2/(MAX(0,MIN(1,R19))^2+(1-MAX(0,MIN(1,R19)))^2/$B$5)))) -> 0.025938507 | T20: =IF(ABS(T19-$B$11/$B$9*((MAX(0,MIN(1,T19))^2/(MAX(0,MIN(1,T19))^2+(1-MAX(0,MIN(1,T19)))^2/$B$5))-(MAX(0,MIN(1,S19))^2/(MAX(0,MIN(1,S19))^2+(1-MAX(0,MIN(1,S19)))^2/$B$5))))<0.000000001,0,T19-$B$11/$B$9*((MAX(0,MIN(1,T19))^2/(MAX(0,MIN(1,T19))^2+(1-MAX(0,MIN(1,T19)))^2/$B$5))-(MAX(0,MIN(1,S19))^2/(MAX(0,MIN(1,S19))^2+(1-MAX(0,MIN(1,S19)))^2/$B$5)))) -> 1.2867669e-08 | U20: =IF(ABS(U19-$B$11/$B$9*((MAX(0,MIN(1,U19))^2/(MAX(0,MIN(1,U19))^2+(1-MAX(0,MIN(1,U19)))^2/$B$5))-(MAX(0,MIN(1,T19))^2/(MAX(0,MIN(1,T19))^2+(1-MAX(0,MIN(1,T19)))^2/$B$5))))<0.000000001,0,U19-$B$11/$B$9*((MAX(0,MIN(1,U19))^2/(MAX(0,MIN(1,U19))^2+(1-MAX(0,MIN(1,U19)))^2/$B$5))-(MAX(0,MIN(1,T19))^2/(MAX(0,MIN(1,T19))^2+(1-MAX(0,MIN(1,T19)))^2/$B$5)))) -> 0 | ... AF20: =IF(ABS(AF19-$B$11/$B$9*((MAX(0,MIN(1,AF19))^2/(MAX(0,MIN(1,AF19))^2+(1-MAX(0,MIN(1,AF19)))^2/$B$5))-(MAX(0,MIN(1,AE19))^2/(MAX(0,MIN(1,AE19))^2+(1-MAX(0,MIN(1,AE19)))^2/$B$5))))<0.000000001,0,AF19-$B$11/$B$9*((MAX(0,MIN(1,AF19))^2/(MAX(0,MIN(1,AF19))^2+(1-MAX(0,MIN(1,AF19)))^2/$B$5))-(MAX(0,MIN(1,AE19))^2/(MAX(0,MIN(1,AE19))^2+(1-MAX(0,MIN(1,AE19)))^2/$B$5)))) -> 0
A21: 0.16 | D21: =A21 -> 0.16 | E21: =(G21-G20)/(A21-A20) -> 0.90213551 | F21: =G21/A21 -> 0.42283298 | G21: =A21^2/(A21^2+(1-A21)^2/$B$5) -> 0.067653277 | L21: 11 | M21: =IF(ABS(M20-$B$11/$B$9*((MAX(0,MIN(1,M20))^2/(MAX(0,MIN(1,M20))^2+(1-MAX(0,MIN(1,M20)))^2/$B$5))-(MAX(0,MIN(1,1))^2/(MAX(0,MIN(1,1))^2+(1-MAX(0,MIN(1,1)))^2/$B$5))))<0.000000001,0,M20-$B$11/$B$9*((MAX(0,MIN(1,M20))^2/(MAX(0,MIN(1,M20))^2+(1-MAX(0,MIN(1,M20)))^2/$B$5))-(MAX(0,MIN(1,1))^2/(MAX(0,MIN(1,1))^2+(1-MAX(0,MIN(1,1)))^2/$B$5)))) -> 0.82750305 | N21: =IF(ABS(N20-$B$11/$B$9*((MAX(0,MIN(1,N20))^2/(MAX(0,MIN(1,N20))^2+(1-MAX(0,MIN(1,N20)))^2/$B$5))-(MAX(0,MIN(1,M20))^2/(MAX(0,MIN(1,M20))^2+(1-MAX(0,MIN(1,M20)))^2/$B$5))))<0.000000001,0,N20-$B$11/$B$9*((MAX(0,MIN(1,N20))^2/(MAX(0,MIN(1,N20))^2+(1-MAX(0,MIN(1,N20)))^2/$B$5))-(MAX(0,MIN(1,M20))^2/(MAX(0,MIN(1,M20))^2+(1-MAX(0,MIN(1,M20)))^2/$B$5)))) -> 0.75470872 | O21: =IF(ABS(O20-$B$11/$B$9*((MAX(0,MIN(1,O20))^2/(MAX(0,MIN(1,O20))^2+(1-MAX(0,MIN(1,O20)))^2/$B$5))-(MAX(0,MIN(1,N20))^2/(MAX(0,MIN(1,N20))^2+(1-MAX(0,MIN(1,N20)))^2/$B$5))))<0.000000001,0,O20-$B$11/$B$9*((MAX(0,MIN(1,O20))^2/(MAX(0,MIN(1,O20))^2+(1-MAX(0,MIN(1,O20)))^2/$B$5))-(MAX(0,MIN(1,N20))^2/(MAX(0,MIN(1,N20))^2+(1-MAX(0,MIN(1,N20)))^2/$B$5)))) -> 0.69745171 | P21: =IF(ABS(P20-$B$11/$B$9*((MAX(0,MIN(1,P20))^2/(MAX(0,MIN(1,P20))^2+(1-MAX(0,MIN(1,P20)))^2/$B$5))-(MAX(0,MIN(1,O20))^2/(MAX(0,MIN(1,O20))^2+(1-MAX(0,MIN(1,O20)))^2/$B$5))))<0.000000001,0,P20-$B$11/$B$9*((MAX(0,MIN(1,P20))^2/(MAX(0,MIN(1,P20))^2+(1-MAX(0,MIN(1,P20)))^2/$B$5))-(MAX(0,MIN(1,O20))^2/(MAX(0,MIN(1,O20))^2+(1-MAX(0,MIN(1,O20)))^2/$B$5)))) -> 0.64580829 | Q21: =IF(ABS(Q20-$B$11/$B$9*((MAX(0,MIN(1,Q20))^2/(MAX(0,MIN(1,Q20))^2+(1-MAX(0,MIN(1,Q20)))^2/$B$5))-(MAX(0,MIN(1,P20))^2/(MAX(0,MIN(1,P20))^2+(1-MAX(0,MIN(1,P20)))^2/$B$5))))<0.000000001,0,Q20-$B$11/$B$9*((MAX(0,MIN(1,Q20))^2/(MAX(0,MIN(1,Q20))^2+(1-MAX(0,MIN(1,Q20)))^2/$B$5))-(MAX(0,MIN(1,P20))^2/(MAX(0,MIN(1,P20))^2+(1-MAX(0,MIN(1,P20)))^2/$B$5)))) -> 0.59168935 | R21: =IF(ABS(R20-$B$11/$B$9*((MAX(0,MIN(1,R20))^2/(MAX(0,MIN(1,R20))^2+(1-MAX(0,MIN(1,R20)))^2/$B$5))-(MAX(0,MIN(1,Q20))^2/(MAX(0,MIN(1,Q20))^2+(1-MAX(0,MIN(1,Q20)))^2/$B$5))))<0.000000001,0,R20-$B$11/$B$9*((MAX(0,MIN(1,R20))^2/(MAX(0,MIN(1,R20))^2+(1-MAX(0,MIN(1,R20)))^2/$B$5))-(MAX(0,MIN(1,Q20))^2/(MAX(0,MIN(1,Q20))^2+(1-MAX(0,MIN(1,Q20)))^2/$B$5)))) -> 0.51108212 | S21: =IF(ABS(S20-$B$11/$B$9*((MAX(0,MIN(1,S20))^2/(MAX(0,MIN(1,S20))^2+(1-MAX(0,MIN(1,S20)))^2/$B$5))-(MAX(0,MIN(1,R20))^2/(MAX(0,MIN(1,R20))^2+(1-MAX(0,MIN(1,R20)))^2/$B$5))))<0.000000001,0,S20-$B$11/$B$9*((MAX(0,MIN(1,S20))^2/(MAX(0,MIN(1,S20))^2+(1-MAX(0,MIN(1,S20)))^2/$B$5))-(MAX(0,MIN(1,R20))^2/(MAX(0,MIN(1,R20))^2+(1-MAX(0,MIN(1,R20)))^2/$B$5)))) -> 0.2010574 | T21: =IF(ABS(T20-$B$11/$B$9*((MAX(0,MIN(1,T20))^2/(MAX(0,MIN(1,T20))^2+(1-MAX(0,MIN(1,T20)))^2/$B$5))-(MAX(0,MIN(1,S20))^2/(MAX(0,MIN(1,S20))^2+(1-MAX(0,MIN(1,S20)))^2/$B$5))))<0.000000001,0,T20-$B$11/$B$9*((MAX(0,MIN(1,T20))^2/(MAX(0,MIN(1,T20))^2+(1-MAX(0,MIN(1,T20)))^2/$B$5))-(MAX(0,MIN(1,S20))^2/(MAX(0,MIN(1,S20))^2+(1-MAX(0,MIN(1,S20)))^2/$B$5)))) -> 0.00054459515 | U21: =IF(ABS(U20-$B$11/$B$9*((MAX(0,MIN(1,U20))^2/(MAX(0,MIN(1,U20))^2+(1-MAX(0,MIN(1,U20)))^2/$B$5))-(MAX(0,MIN(1,T20))^2/(MAX(0,MIN(1,T20))^2+(1-MAX(0,MIN(1,T20)))^2/$B$5))))<0.000000001,0,U20-$B$11/$B$9*((MAX(0,MIN(1,U20))^2/(MAX(0,MIN(1,U20))^2+(1-MAX(0,MIN(1,U20)))^2/$B$5))-(MAX(0,MIN(1,T20))^2/(MAX(0,MIN(1,T20))^2+(1-MAX(0,MIN(1,T20)))^2/$B$5)))) -> 0 | ... AF21: =IF(ABS(AF20-$B$11/$B$9*((MAX(0,MIN(1,AF20))^2/(MAX(0,MIN(1,AF20))^2+(1-MAX(0,MIN(1,AF20)))^2/$B$5))-(MAX(0,MIN(1,AE20))^2/(MAX(0,MIN(1,AE20))^2+(1-MAX(0,MIN(1,AE20)))^2/$B$5))))<0.000000001,0,AF20-$B$11/$B$9*((MAX(0,MIN(1,AF20))^2/(MAX(0,MIN(1,AF20))^2+(1-MAX(0,MIN(1,AF20)))^2/$B$5))-(MAX(0,MIN(1,AE20))^2/(MAX(0,MIN(1,AE20))^2+(1-MAX(0,MIN(1,AE20)))^2/$B$5)))) -> 0
A22: 0.17 | D22: =A22 -> 0.17 | E22: =(G22-G21)/(A22-A21) -> 0.97539816 | F22: =G22/A22 -> 0.45533682 | G22: =A22^2/(A22^2+(1-A22)^2/$B$5) -> 0.077407259 | L22: 12 | M22: =IF(ABS(M21-$B$11/$B$9*((MAX(0,MIN(1,M21))^2/(MAX(0,MIN(1,M21))^2+(1-MAX(0,MIN(1,M21)))^2/$B$5))-(MAX(0,MIN(1,1))^2/(MAX(0,MIN(1,1))^2+(1-MAX(0,MIN(1,1)))^2/$B$5))))<0.000000001,0,M21-$B$11/$B$9*((MAX(0,MIN(1,M21))^2/(MAX(0,MIN(1,M21))^2+(1-MAX(0,MIN(1,M21)))^2/$B$5))-(MAX(0,MIN(1,1))^2/(MAX(0,MIN(1,1))^2+(1-MAX(0,MIN(1,1)))^2/$B$5)))) -> 0.83567999 | N22: =IF(ABS(N21-$B$11/$B$9*((MAX(0,MIN(1,N21))^2/(MAX(0,MIN(1,N21))^2+(1-MAX(0,MIN(1,N21)))^2/$B$5))-(MAX(0,MIN(1,M21))^2/(MAX(0,MIN(1,M21))^2+(1-MAX(0,MIN(1,M21)))^2/$B$5))))<0.000000001,0,N21-$B$11/$B$9*((MAX(0,MIN(1,N21))^2/(MAX(0,MIN(1,N21))^2+(1-MAX(0,MIN(1,N21)))^2/$B$5))-(MAX(0,MIN(1,M21))^2/(MAX(0,MIN(1,M21))^2+(1-MAX(0,MIN(1,M21)))^2/$B$5)))) -> 0.76582276 | O22: =IF(ABS(O21-$B$11/$B$9*((MAX(0,MIN(1,O21))^2/(MAX(0,MIN(1,O21))^2+(1-MAX(0,MIN(1,O21)))^2/$B$5))-(MAX(0,MIN(1,N21))^2/(MAX(0,MIN(1,N21))^2+(1-MAX(0,MIN(1,N21)))^2/$B$5))))<0.000000001,0,O21-$B$11/$B$9*((MAX(0,MIN(1,O21))^2/(MAX(0,MIN(1,O21))^2+(1-MAX(0,MIN(1,O21)))^2/$B$5))-(MAX(0,MIN(1,N21))^2/(MAX(0,MIN(1,N21))^2+(1-MAX(0,MIN(1,N21)))^2/$B$5)))) -> 0.71122896 | P22: =IF(ABS(P21-$B$11/$B$9*((MAX(0,MIN(1,P21))^2/(MAX(0,MIN(1,P21))^2+(1-MAX(0,MIN(1,P21)))^2/$B$5))-(MAX(0,MIN(1,O21))^2/(MAX(0,MIN(1,O21))^2+(1-MAX(0,MIN(1,O21)))^2/$B$5))))<0.000000001,0,P21-$B$11/$B$9*((MAX(0,MIN(1,P21))^2/(MAX(0,MIN(1,P21))^2+(1-MAX(0,MIN(1,P21)))^2/$B$5))-(MAX(0,MIN(1,O21))^2/(MAX(0,MIN(1,O21))^2+(1-MAX(0,MIN(1,O21)))^2/$B$5)))) -> 0.66301176 | Q22: =IF(ABS(Q21-$B$11/$B$9*((MAX(0,MIN(1,Q21))^2/(MAX(0,MIN(1,Q21))^2+(1-MAX(0,MIN(1,Q21)))^2/$B$5))-(MAX(0,MIN(1,P21))^2/(MAX(0,MIN(1,P21))^2+(1-MAX(0,MIN(1,P21)))^2/$B$5))))<0.000000001,0,Q21-$B$11/$B$9*((MAX(0,MIN(1,Q21))^2/(MAX(0,MIN(1,Q21))^2+(1-MAX(0,MIN(1,Q21)))^2/$B$5))-(MAX(0,MIN(1,P21))^2/(MAX(0,MIN(1,P21))^2+(1-MAX(0,MIN(1,P21)))^2/$B$5)))) -> 0.61536781 | R22: =IF(ABS(R21-$B$11/$B$9*((MAX(0,MIN(1,R21))^2/(MAX(0,MIN(1,R21))^2+(1-MAX(0,MIN(1,R21)))^2/$B$5))-(MAX(0,MIN(1,Q21))^2/(MAX(0,MIN(1,Q21))^2+(1-MAX(0,MIN(1,Q21)))^2/$B$5))))<0.000000001,0,R21-$B$11/$B$9*((MAX(0,MIN(1,R21))^2/(MAX(0,MIN(1,R21))^2+(1-MAX(0,MIN(1,R21)))^2/$B$5))-(MAX(0,MIN(1,Q21))^2/(MAX(0,MIN(1,Q21))^2+(1-MAX(0,MIN(1,Q21)))^2/$B$5)))) -> 0.55784715 | S22: =IF(ABS(S21-$B$11/$B$9*((MAX(0,MIN(1,S21))^2/(MAX(0,MIN(1,S21))^2+(1-MAX(0,MIN(1,S21)))^2/$B$5))-(MAX(0,MIN(1,R21))^2/(MAX(0,MIN(1,R21))^2+(1-MAX(0,MIN(1,R21)))^2/$B$5))))<0.000000001,0,S21-$B$11/$B$9*((MAX(0,MIN(1,S21))^2/(MAX(0,MIN(1,S21))^2+(1-MAX(0,MIN(1,S21)))^2/$B$5))-(MAX(0,MIN(1,R21))^2/(MAX(0,MIN(1,R21))^2+(1-MAX(0,MIN(1,R21)))^2/$B$5)))) -> 0.42164432 | T22: =IF(ABS(T21-$B$11/$B$9*((MAX(0,MIN(1,T21))^2/(MAX(0,MIN(1,T21))^2+(1-MAX(0,MIN(1,T21)))^2/$B$5))-(MAX(0,MIN(1,S21))^2/(MAX(0,MIN(1,S21))^2+(1-MAX(0,MIN(1,S21)))^2/$B$5))))<0.000000001,0,T21-$B$11/$B$9*((MAX(0,MIN(1,T21))^2/(MAX(0,MIN(1,T21))^2+(1-MAX(0,MIN(1,T21)))^2/$B$5))-(MAX(0,MIN(1,S21))^2/(MAX(0,MIN(1,S21))^2+(1-MAX(0,MIN(1,S21)))^2/$B$5)))) -> 0.04377364 | U22: =IF(ABS(U21-$B$11/$B$9*((MAX(0,MIN(1,U21))^2/(MAX(0,MIN(1,U21))^2+(1-MAX(0,MIN(1,U21)))^2/$B$5))-(MAX(0,MIN(1,T21))^2/(MAX(0,MIN(1,T21))^2+(1-MAX(0,MIN(1,T21)))^2/$B$5))))<0.000000001,0,U21-$B$11/$B$9*((MAX(0,MIN(1,U21))^2/(MAX(0,MIN(1,U21))^2+(1-MAX(0,MIN(1,U21)))^2/$B$5))-(MAX(0,MIN(1,T21))^2/(MAX(0,MIN(1,T21))^2+(1-MAX(0,MIN(1,T21)))^2/$B$5)))) -> 2.2834012e-07 | ... AF22: =IF(ABS(AF21-$B$11/$B$9*((MAX(0,MIN(1,AF21))^2/(MAX(0,MIN(1,AF21))^2+(1-MAX(0,MIN(1,AF21)))^2/$B$5))-(MAX(0,MIN(1,AE21))^2/(MAX(0,MIN(1,AE21))^2+(1-MAX(0,MIN(1,AE21)))^2/$B$5))))<0.000000001,0,AF21-$B$11/$B$9*((MAX(0,MIN(1,AF21))^2/(MAX(0,MIN(1,AF21))^2+(1-MAX(0,MIN(1,AF21)))^2/$B$5))-(MAX(0,MIN(1,AE21))^2/(MAX(0,MIN(1,AE21))^2+(1-MAX(0,MIN(1,AE21)))^2/$B$5)))) -> 0
A23: 0.18 | D23: =A23 -> 0.18 | E23: =(G23-G22)/(A23-A22) -> 1.0492904 | F23: =G23/A23 -> 0.48833424 | G23: =A23^2/(A23^2+(1-A23)^2/$B$5) -> 0.087900163 | L23: 13 | M23: =IF(ABS(M22-$B$11/$B$9*((MAX(0,MIN(1,M22))^2/(MAX(0,MIN(1,M22))^2+(1-MAX(0,MIN(1,M22)))^2/$B$5))-(MAX(0,MIN(1,1))^2/(MAX(0,MIN(1,1))^2+(1-MAX(0,MIN(1,1)))^2/$B$5))))<0.000000001,0,M22-$B$11/$B$9*((MAX(0,MIN(1,M22))^2/(MAX(0,MIN(1,M22))^2+(1-MAX(0,MIN(1,M22)))^2/$B$5))-(MAX(0,MIN(1,1))^2/(MAX(0,MIN(1,1))^2+(1-MAX(0,MIN(1,1)))^2/$B$5)))) -> 0.84297267 | N23: =IF(ABS(N22-$B$11/$B$9*((MAX(0,MIN(1,N22))^2/(MAX(0,MIN(1,N22))^2+(1-MAX(0,MIN(1,N22)))^2/$B$5))-(MAX(0,MIN(1,M22))^2/(MAX(0,MIN(1,M22))^2+(1-MAX(0,MIN(1,M22)))^2/$B$5))))<0.000000001,0,N22-$B$11/$B$9*((MAX(0,MIN(1,N22))^2/(MAX(0,MIN(1,N22))^2+(1-MAX(0,MIN(1,N22)))^2/$B$5))-(MAX(0,MIN(1,M22))^2/(MAX(0,MIN(1,M22))^2+(1-MAX(0,MIN(1,M22)))^2/$B$5)))) -> 0.77570484 | O23: =IF(ABS(O22-$B$11/$B$9*((MAX(0,MIN(1,O22))^2/(MAX(0,MIN(1,O22))^2+(1-MAX(0,MIN(1,O22)))^2/$B$5))-(MAX(0,MIN(1,N22))^2/(MAX(0,MIN(1,N22))^2+(1-MAX(0,MIN(1,N22)))^2/$B$5))))<0.000000001,0,O22-$B$11/$B$9*((MAX(0,MIN(1,O22))^2/(MAX(0,MIN(1,O22))^2+(1-MAX(0,MIN(1,O22)))^2/$B$5))-(MAX(0,MIN(1,N22))^2/(MAX(0,MIN(1,N22))^2+(1-MAX(0,MIN(1,N22)))^2/$B$5)))) -> 0.72333564 | P23: =IF(ABS(P22-$B$11/$B$9*((MAX(0,MIN(1,P22))^2/(MAX(0,MIN(1,P22))^2+(1-MAX(0,MIN(1,P22)))^2/$B$5))-(MAX(0,MIN(1,O22))^2/(MAX(0,MIN(1,O22))^2+(1-MAX(0,MIN(1,O22)))^2/$B$5))))<0.000000001,0,P22-$B$11/$B$9*((MAX(0,MIN(1,P22))^2/(MAX(0,MIN(1,P22))^2+(1-MAX(0,MIN(1,P22)))^2/$B$5))-(MAX(0,MIN(1,O22))^2/(MAX(0,MIN(1,O22))^2+(1-MAX(0,MIN(1,O22)))^2/$B$5)))) -> 0.67771789 | Q23: =IF(ABS(Q22-$B$11/$B$9*((MAX(0,MIN(1,Q22))^2/(MAX(0,MIN(1,Q22))^2+(1-MAX(0,MIN(1,Q22)))^2/$B$5))-(MAX(0,MIN(1,P22))^2/(MAX(0,MIN(1,P22))^2+(1-MAX(0,MIN(1,P22)))^2/$B$5))))<0.000000001,0,Q22-$B$11/$B$9*((MAX(0,MIN(1,Q22))^2/(MAX(0,MIN(1,Q22))^2+(1-MAX(0,MIN(1,Q22)))^2/$B$5))-(MAX(0,MIN(1,P22))^2/(MAX(0,MIN(1,P22))^2+(1-MAX(0,MIN(1,P22)))^2/$B$5)))) -> 0.63421963 | R23: =IF(ABS(R22-$B$11/$B$9*((MAX(0,MIN(1,R22))^2/(MAX(0,MIN(1,R22))^2+(1-MAX(0,MIN(1,R22)))^2/$B$5))-(MAX(0,MIN(1,Q22))^2/(MAX(0,MIN(1,Q22))^2+(1-MAX(0,MIN(1,Q22)))^2/$B$5))))<0.000000001,0,R22-$B$11/$B$9*((MAX(0,MIN(1,R22))^2/(MAX(0,MIN(1,R22))^2+(1-MAX(0,MIN(1,R22)))^2/$B$5))-(MAX(0,MIN(1,Q22))^2/(MAX(0,MIN(1,Q22))^2+(1-MAX(0,MIN(1,Q22)))^2/$B$5)))) -> 0.58692222 | S23: =IF(ABS(S22-$B$11/$B$9*((MAX(0,MIN(1,S22))^2/(MAX(0,MIN(1,S22))^2+(1-MAX(0,MIN(1,S22)))^2/$B$5))-(MAX(0,MIN(1,R22))^2/(MAX(0,MIN(1,R22))^2+(1-MAX(0,MIN(1,R22)))^2/$B$5))))<0.000000001,0,S22-$B$11/$B$9*((MAX(0,MIN(1,S22))^2/(MAX(0,MIN(1,S22))^2+(1-MAX(0,MIN(1,S22)))^2/$B$5))-(MAX(0,MIN(1,R22))^2/(MAX(0,MIN(1,R22))^2+(1-MAX(0,MIN(1,R22)))^2/$B$5)))) -> 0.5161243 | T23: =IF(ABS(T22-$B$11/$B$9*((MAX(0,MIN(1,T22))^2/(MAX(0,MIN(1,T22))^2+(1-MAX(0,MIN(1,T22)))^2/$B$5))-(MAX(0,MIN(1,S22))^2/(MAX(0,MIN(1,S22))^2+(1-MAX(0,MIN(1,S22)))^2/$B$5))))<0.000000001,0,T22-$B$11/$B$9*((MAX(0,MIN(1,T22))^2/(MAX(0,MIN(1,T22))^2+(1-MAX(0,MIN(1,T22)))^2/$B$5))-(MAX(0,MIN(1,S22))^2/(MAX(0,MIN(1,S22))^2+(1-MAX(0,MIN(1,S22)))^2/$B$5)))) -> 0.24030568 | U23: =IF(ABS(U22-$B$11/$B$9*((MAX(0,MIN(1,U22))^2/(MAX(0,MIN(1,U22))^2+(1-MAX(0,MIN(1,U22)))^2/$B$5))-(MAX(0,MIN(1,T22))^2/(MAX(0,MIN(1,T22))^2+(1-MAX(0,MIN(1,T22)))^2/$B$5))))<0.000000001,0,U22-$B$11/$B$9*((MAX(0,MIN(1,U22))^2/(MAX(0,MIN(1,U22))^2+(1-MAX(0,MIN(1,U22)))^2/$B$5))-(MAX(0,MIN(1,T22))^2/(MAX(0,MIN(1,T22))^2+(1-MAX(0,MIN(1,T22)))^2/$B$5)))) -> 0.0016051332 | ... AF23: =IF(ABS(AF22-$B$11/$B$9*((MAX(0,MIN(1,AF22))^2/(MAX(0,MIN(1,AF22))^2+(1-MAX(0,MIN(1,AF22)))^2/$B$5))-(MAX(0,MIN(1,AE22))^2/(MAX(0,MIN(1,AE22))^2+(1-MAX(0,MIN(1,AE22)))^2/$B$5))))<0.000000001,0,AF22-$B$11/$B$9*((MAX(0,MIN(1,AF22))^2/(MAX(0,MIN(1,AF22))^2+(1-MAX(0,MIN(1,AF22)))^2/$B$5))-(MAX(0,MIN(1,AE22))^2/(MAX(0,MIN(1,AE22))^2+(1-MAX(0,MIN(1,AE22)))^2/$B$5)))) -> 0
A24: 0.19 | D24: =A24 -> 0.19 | E24: =(G24-G23)/(A24-A23) -> 1.1234809 | F24: =G24/A24 -> 0.52176301 | G24: =A24^2/(A24^2+(1-A24)^2/$B$5) -> 0.099134972 | L24: 14 | M24: =IF(ABS(M23-$B$11/$B$9*((MAX(0,MIN(1,M23))^2/(MAX(0,MIN(1,M23))^2+(1-MAX(0,MIN(1,M23)))^2/$B$5))-(MAX(0,MIN(1,1))^2/(MAX(0,MIN(1,1))^2+(1-MAX(0,MIN(1,1)))^2/$B$5))))<0.000000001,0,M23-$B$11/$B$9*((MAX(0,MIN(1,M23))^2/(MAX(0,MIN(1,M23))^2+(1-MAX(0,MIN(1,M23)))^2/$B$5))-(MAX(0,MIN(1,1))^2/(MAX(0,MIN(1,1))^2+(1-MAX(0,MIN(1,1)))^2/$B$5)))) -> 0.84953042 | N24: =IF(ABS(N23-$B$11/$B$9*((MAX(0,MIN(1,N23))^2/(MAX(0,MIN(1,N23))^2+(1-MAX(0,MIN(1,N23)))^2/$B$5))-(MAX(0,MIN(1,M23))^2/(MAX(0,MIN(1,M23))^2+(1-MAX(0,MIN(1,M23)))^2/$B$5))))<0.000000001,0,N23-$B$11/$B$9*((MAX(0,MIN(1,N23))^2/(MAX(0,MIN(1,N23))^2+(1-MAX(0,MIN(1,N23)))^2/$B$5))-(MAX(0,MIN(1,M23))^2/(MAX(0,MIN(1,M23))^2+(1-MAX(0,MIN(1,M23)))^2/$B$5)))) -> 0.78457697 | O24: =IF(ABS(O23-$B$11/$B$9*((MAX(0,MIN(1,O23))^2/(MAX(0,MIN(1,O23))^2+(1-MAX(0,MIN(1,O23)))^2/$B$5))-(MAX(0,MIN(1,N23))^2/(MAX(0,MIN(1,N23))^2+(1-MAX(0,MIN(1,N23)))^2/$B$5))))<0.000000001,0,O23-$B$11/$B$9*((MAX(0,MIN(1,O23))^2/(MAX(0,MIN(1,O23))^2+(1-MAX(0,MIN(1,O23)))^2/$B$5))-(MAX(0,MIN(1,N23))^2/(MAX(0,MIN(1,N23))^2+(1-MAX(0,MIN(1,N23)))^2/$B$5)))) -> 0.73411589 | P24: =IF(ABS(P23-$B$11/$B$9*((MAX(0,MIN(1,P23))^2/(MAX(0,MIN(1,P23))^2+(1-MAX(0,MIN(1,P23)))^2/$B$5))-(MAX(0,MIN(1,O23))^2/(MAX(0,MIN(1,O23))^2+(1-MAX(0,MIN(1,O23)))^2/$B$5))))<0.000000001,0,P23-$B$11/$B$9*((MAX(0,MIN(1,P23))^2/(MAX(0,MIN(1,P23))^2+(1-MAX(0,MIN(1,P23)))^2/$B$5))-(MAX(0,MIN(1,O23))^2/(MAX(0,MIN(1,O23))^2+(1-MAX(0,MIN(1,O23)))^2/$B$5)))) -> 0.69056972 | Q24: =IF(ABS(Q23-$B$11/$B$9*((MAX(0,MIN(1,Q23))^2/(MAX(0,MIN(1,Q23))^2+(1-MAX(0,MIN(1,Q23)))^2/$B$5))-(MAX(0,MIN(1,P23))^2/(MAX(0,MIN(1,P23))^2+(1-MAX(0,MIN(1,P23)))^2/$B$5))))<0.000000001,0,Q23-$B$11/$B$9*((MAX(0,MIN(1,Q23))^2/(MAX(0,MIN(1,Q23))^2+(1-MAX(0,MIN(1,Q23)))^2/$B$5))-(MAX(0,MIN(1,P23))^2/(MAX(0,MIN(1,P23))^2+(1-MAX(0,MIN(1,P23)))^2/$B$5)))) -> 0.64999134 | R24: =IF(ABS(R23-$B$11/$B$9*((MAX(0,MIN(1,R23))^2/(MAX(0,MIN(1,R23))^2+(1-MAX(0,MIN(1,R23)))^2/$B$5))-(MAX(0,MIN(1,Q23))^2/(MAX(0,MIN(1,Q23))^2+(1-MAX(0,MIN(1,Q23)))^2/$B$5))))<0.000000001,0,R23-$B$11/$B$9*((MAX(0,MIN(1,R23))^2/(MAX(0,MIN(1,R23))^2+(1-MAX(0,MIN(1,R23)))^2/$B$5))-(MAX(0,MIN(1,Q23))^2/(MAX(0,MIN(1,Q23))^2+(1-MAX(0,MIN(1,Q23)))^2/$B$5)))) -> 0.60842022 | S24: =IF(ABS(S23-$B$11/$B$9*((MAX(0,MIN(1,S23))^2/(MAX(0,MIN(1,S23))^2+(1-MAX(0,MIN(1,S23)))^2/$B$5))-(MAX(0,MIN(1,R23))^2/(MAX(0,MIN(1,R23))^2+(1-MAX(0,MIN(1,R23)))^2/$B$5))))<0.000000001,0,S23-$B$11/$B$9*((MAX(0,MIN(1,S23))^2/(MAX(0,MIN(1,S23))^2+(1-MAX(0,MIN(1,S23)))^2/$B$5))-(MAX(0,MIN(1,R23))^2/(MAX(0,MIN(1,R23))^2+(1-MAX(0,MIN(1,R23)))^2/$B$5)))) -> 0.55718997 | T24: =IF(ABS(T23-$B$11/$B$9*((MAX(0,MIN(1,T23))^2/(MAX(0,MIN(1,T23))^2+(1-MAX(0,MIN(1,T23)))^2/$B$5))-(MAX(0,MIN(1,S23))^2/(MAX(0,MIN(1,S23))^2+(1-MAX(0,MIN(1,S23)))^2/$B$5))))<0.000000001,0,T23-$B$11/$B$9*((MAX(0,MIN(1,T23))^2/(MAX(0,MIN(1,T23))^2+(1-MAX(0,MIN(1,T23)))^2/$B$5))-(MAX(0,MIN(1,S23))^2/(MAX(0,MIN(1,S23))^2+(1-MAX(0,MIN(1,S23)))^2/$B$5)))) -> 0.44332037 | U24: =IF(ABS(U23-$B$11/$B$9*((MAX(0,MIN(1,U23))^2/(MAX(0,MIN(1,U23))^2+(1-MAX(0,MIN(1,U23)))^2/$B$5))-(MAX(0,MIN(1,T23))^2/(MAX(0,MIN(1,T23))^2+(1-MAX(0,MIN(1,T23)))^2/$B$5))))<0.000000001,0,U23-$B$11/$B$9*((MAX(0,MIN(1,U23))^2/(MAX(0,MIN(1,U23))^2+(1-MAX(0,MIN(1,U23)))^2/$B$5))-(MAX(0,MIN(1,T23))^2/(MAX(0,MIN(1,T23))^2+(1-MAX(0,MIN(1,T23)))^2/$B$5)))) -> 0.065722496 | ... AF24: =IF(ABS(AF23-$B$11/$B$9*((MAX(0,MIN(1,AF23))^2/(MAX(0,MIN(1,AF23))^2+(1-MAX(0,MIN(1,AF23)))^2/$B$5))-(MAX(0,MIN(1,AE23))^2/(MAX(0,MIN(1,AE23))^2+(1-MAX(0,MIN(1,AE23)))^2/$B$5))))<0.000000001,0,AF23-$B$11/$B$9*((MAX(0,MIN(1,AF23))^2/(MAX(0,MIN(1,AF23))^2+(1-MAX(0,MIN(1,AF23)))^2/$B$5))-(MAX(0,MIN(1,AE23))^2/(MAX(0,MIN(1,AE23))^2+(1-MAX(0,MIN(1,AE23)))^2/$B$5)))) -> 0
A25: 0.2 | D25: =A25 -> 0.2 | E25: =(G25-G24)/(A25-A24) -> 1.1976139 | F25: =G25/A25 -> 0.55555556 | G25: =A25^2/(A25^2+(1-A25)^2/$B$5) -> 0.11111111 | L25: 15 | M25: =IF(ABS(M24-$B$11/$B$9*((MAX(0,MIN(1,M24))^2/(MAX(0,MIN(1,M24))^2+(1-MAX(0,MIN(1,M24)))^2/$B$5))-(MAX(0,MIN(1,1))^2/(MAX(0,MIN(1,1))^2+(1-MAX(0,MIN(1,1)))^2/$B$5))))<0.000000001,0,M24-$B$11/$B$9*((MAX(0,MIN(1,M24))^2/(MAX(0,MIN(1,M24))^2+(1-MAX(0,MIN(1,M24)))^2/$B$5))-(MAX(0,MIN(1,1))^2/(MAX(0,MIN(1,1))^2+(1-MAX(0,MIN(1,1)))^2/$B$5)))) -> 0.85546899 | N25: =IF(ABS(N24-$B$11/$B$9*((MAX(0,MIN(1,N24))^2/(MAX(0,MIN(1,N24))^2+(1-MAX(0,MIN(1,N24)))^2/$B$5))-(MAX(0,MIN(1,M24))^2/(MAX(0,MIN(1,M24))^2+(1-MAX(0,MIN(1,M24)))^2/$B$5))))<0.000000001,0,N24-$B$11/$B$9*((MAX(0,MIN(1,N24))^2/(MAX(0,MIN(1,N24))^2+(1-MAX(0,MIN(1,N24)))^2/$B$5))-(MAX(0,MIN(1,M24))^2/(MAX(0,MIN(1,M24))^2+(1-MAX(0,MIN(1,M24)))^2/$B$5)))) -> 0.79260676 | O25: =IF(ABS(O24-$B$11/$B$9*((MAX(0,MIN(1,O24))^2/(MAX(0,MIN(1,O24))^2+(1-MAX(0,MIN(1,O24)))^2/$B$5))-(MAX(0,MIN(1,N24))^2/(MAX(0,MIN(1,N24))^2+(1-MAX(0,MIN(1,N24)))^2/$B$5))))<0.000000001,0,O24-$B$11/$B$9*((MAX(0,MIN(1,O24))^2/(MAX(0,MIN(1,O24))^2+(1-MAX(0,MIN(1,O24)))^2/$B$5))-(MAX(0,MIN(1,N24))^2/(MAX(0,MIN(1,N24))^2+(1-MAX(0,MIN(1,N24)))^2/$B$5)))) -> 0.74381589 | P25: =IF(ABS(P24-$B$11/$B$9*((MAX(0,MIN(1,P24))^2/(MAX(0,MIN(1,P24))^2+(1-MAX(0,MIN(1,P24)))^2/$B$5))-(MAX(0,MIN(1,O24))^2/(MAX(0,MIN(1,O24))^2+(1-MAX(0,MIN(1,O24)))^2/$B$5))))<0.000000001,0,P24-$B$11/$B$9*((MAX(0,MIN(1,P24))^2/(MAX(0,MIN(1,P24))^2+(1-MAX(0,MIN(1,P24)))^2/$B$5))-(MAX(0,MIN(1,O24))^2/(MAX(0,MIN(1,O24))^2+(1-MAX(0,MIN(1,O24)))^2/$B$5)))) -> 0.70198194 | Q25: =IF(ABS(Q24-$B$11/$B$9*((MAX(0,MIN(1,Q24))^2/(MAX(0,MIN(1,Q24))^2+(1-MAX(0,MIN(1,Q24)))^2/$B$5))-(MAX(0,MIN(1,P24))^2/(MAX(0,MIN(1,P24))^2+(1-MAX(0,MIN(1,P24)))^2/$B$5))))<0.000000001,0,Q24-$B$11/$B$9*((MAX(0,MIN(1,Q24))^2/(MAX(0,MIN(1,Q24))^2+(1-MAX(0,MIN(1,Q24)))^2/$B$5))-(MAX(0,MIN(1,P24))^2/(MAX(0,MIN(1,P24))^2+(1-MAX(0,MIN(1,P24)))^2/$B$5)))) -> 0.66360145 | R25: =IF(ABS(R24-$B$11/$B$9*((MAX(0,MIN(1,R24))^2/(MAX(0,MIN(1,R24))^2+(1-MAX(0,MIN(1,R24)))^2/$B$5))-(MAX(0,MIN(1,Q24))^2/(MAX(0,MIN(1,Q24))^2+(1-MAX(0,MIN(1,Q24)))^2/$B$5))))<0.000000001,0,R24-$B$11/$B$9*((MAX(0,MIN(1,R24))^2/(MAX(0,MIN(1,R24))^2+(1-MAX(0,MIN(1,R24)))^2/$B$5))-(MAX(0,MIN(1,Q24))^2/(MAX(0,MIN(1,Q24))^2+(1-MAX(0,MIN(1,Q24)))^2/$B$5)))) -> 0.62570582 | S25: =IF(ABS(S24-$B$11/$B$9*((MAX(0,MIN(1,S24))^2/(MAX(0,MIN(1,S24))^2+(1-MAX(0,MIN(1,S24)))^2/$B$5))-(MAX(0,MIN(1,R24))^2/(MAX(0,MIN(1,R24))^2+(1-MAX(0,MIN(1,R24)))^2/$B$5))))<0.000000001,0,S24-$B$11/$B$9*((MAX(0,MIN(1,S24))^2/(MAX(0,MIN(1,S24))^2+(1-MAX(0,MIN(1,S24)))^2/$B$5))-(MAX(0,MIN(1,R24))^2/(MAX(0,MIN(1,R24))^2+(1-MAX(0,MIN(1,R24)))^2/$B$5)))) -> 0.58350133 | T25: =IF(ABS(T24-$B$11/$B$9*((MAX(0,MIN(1,T24))^2/(MAX(0,MIN(1,T24))^2+(1-MAX(0,MIN(1,T24)))^2/$B$5))-(MAX(0,MIN(1,S24))^2/(MAX(0,MIN(1,S24))^2+(1-MAX(0,MIN(1,S24)))^2/$B$5))))<0.000000001,0,T24-$B$11/$B$9*((MAX(0,MIN(1,T24))^2/(MAX(0,MIN(1,T24))^2+(1-MAX(0,MIN(1,T24)))^2/$B$5))-(MAX(0,MIN(1,S24))^2/(MAX(0,MIN(1,S24))^2+(1-MAX(0,MIN(1,S24)))^2/$B$5)))) -> 0.52054963 | U25: =IF(ABS(U24-$B$11/$B$9*((MAX(0,MIN(1,U24))^2/(MAX(0,MIN(1,U24))^2+(1-MAX(0,MIN(1,U24)))^2/$B$5))-(MAX(0,MIN(1,T24))^2/(MAX(0,MIN(1,T24))^2+(1-MAX(0,MIN(1,T24)))^2/$B$5))))<0.000000001,0,U24-$B$11/$B$9*((MAX(0,MIN(1,U24))^2/(MAX(0,MIN(1,U24))^2+(1-MAX(0,MIN(1,U24)))^2/$B$5))-(MAX(0,MIN(1,T24))^2/(MAX(0,MIN(1,T24))^2+(1-MAX(0,MIN(1,T24)))^2/$B$5)))) -> 0.27696855 | ... AF25: =IF(ABS(AF24-$B$11/$B$9*((MAX(0,MIN(1,AF24))^2/(MAX(0,MIN(1,AF24))^2+(1-MAX(0,MIN(1,AF24)))^2/$B$5))-(MAX(0,MIN(1,AE24))^2/(MAX(0,MIN(1,AE24))^2+(1-MAX(0,MIN(1,AE24)))^2/$B$5))))<0.000000001,0,AF24-$B$11/$B$9*((MAX(0,MIN(1,AF24))^2/(MAX(0,MIN(1,AF24))^2+(1-MAX(0,MIN(1,AF24)))^2/$B$5))-(MAX(0,MIN(1,AE24))^2/(MAX(0,MIN(1,AE24))^2+(1-MAX(0,MIN(1,AE24)))^2/$B$5)))) -> 0
A26: 0.21 | D26: =A26 -> 0.21 | E26: =(G26-G25)/(A26-A25) -> 1.271312 | F26: =G26/A26 -> 0.5896392 | G26: =A26^2/(A26^2+(1-A26)^2/$B$5) -> 0.12382423 | L26: 16 | M26: =IF(ABS(M25-$B$11/$B$9*((MAX(0,MIN(1,M25))^2/(MAX(0,MIN(1,M25))^2+(1-MAX(0,MIN(1,M25)))^2/$B$5))-(MAX(0,MIN(1,1))^2/(MAX(0,MIN(1,1))^2+(1-MAX(0,MIN(1,1)))^2/$B$5))))<0.000000001,0,M25-$B$11/$B$9*((MAX(0,MIN(1,M25))^2/(MAX(0,MIN(1,M25))^2+(1-MAX(0,MIN(1,M25)))^2/$B$5))-(MAX(0,MIN(1,1))^2/(MAX(0,MIN(1,1))^2+(1-MAX(0,MIN(1,1)))^2/$B$5)))) -> 0.86087978 | N26: =IF(ABS(N25-$B$11/$B$9*((MAX(0,MIN(1,N25))^2/(MAX(0,MIN(1,N25))^2+(1-MAX(0,MIN(1,N25)))^2/$B$5))-(MAX(0,MIN(1,M25))^2/(MAX(0,MIN(1,M25))^2+(1-MAX(0,MIN(1,M25)))^2/$B$5))))<0.000000001,0,N25-$B$11/$B$9*((MAX(0,MIN(1,N25))^2/(MAX(0,MIN(1,N25))^2+(1-MAX(0,MIN(1,N25)))^2/$B$5))-(MAX(0,MIN(1,M25))^2/(MAX(0,MIN(1,M25))^2+(1-MAX(0,MIN(1,M25)))^2/$B$5)))) -> 0.79992388 | O26: =IF(ABS(O25-$B$11/$B$9*((MAX(0,MIN(1,O25))^2/(MAX(0,MIN(1,O25))^2+(1-MAX(0,MIN(1,O25)))^2/$B$5))-(MAX(0,MIN(1,N25))^2/(MAX(0,MIN(1,N25))^2+(1-MAX(0,MIN(1,N25)))^2/$B$5))))<0.000000001,0,O25-$B$11/$B$9*((MAX(0,MIN(1,O25))^2/(MAX(0,MIN(1,O25))^2+(1-MAX(0,MIN(1,O25)))^2/$B$5))-(MAX(0,MIN(1,N25))^2/(MAX(0,MIN(1,N25))^2+(1-MAX(0,MIN(1,N25)))^2/$B$5)))) -> 0.75261834 | P26: =IF(ABS(P25-$B$11/$B$9*((MAX(0,MIN(1,P25))^2/(MAX(0,MIN(1,P25))^2+(1-MAX(0,MIN(1,P25)))^2/$B$5))-(MAX(0,MIN(1,O25))^2/(MAX(0,MIN(1,O25))^2+(1-MAX(0,MIN(1,O25)))^2/$B$5))))<0.000000001,0,P25-$B$11/$B$9*((MAX(0,MIN(1,P25))^2/(MAX(0,MIN(1,P25))^2+(1-MAX(0,MIN(1,P25)))^2/$B$5))-(MAX(0,MIN(1,O25))^2/(MAX(0,MIN(1,O25))^2+(1-MAX(0,MIN(1,O25)))^2/$B$5)))) -> 0.71223951 | Q26: =IF(ABS(Q25-$B$11/$B$9*((MAX(0,MIN(1,Q25))^2/(MAX(0,MIN(1,Q25))^2+(1-MAX(0,MIN(1,Q25)))^2/$B$5))-(MAX(0,MIN(1,P25))^2/(MAX(0,MIN(1,P25))^2+(1-MAX(0,MIN(1,P25)))^2/$B$5))))<0.000000001,0,Q25-$B$11/$B$9*((MAX(0,MIN(1,Q25))^2/(MAX(0,MIN(1,Q25))^2+(1-MAX(0,MIN(1,Q25)))^2/$B$5))-(MAX(0,MIN(1,P25))^2/(MAX(0,MIN(1,P25))^2+(1-MAX(0,MIN(1,P25)))^2/$B$5)))) -> 0.67559579 | R26: =IF(ABS(R25-$B$11/$B$9*((MAX(0,MIN(1,R25))^2/(MAX(0,MIN(1,R25))^2+(1-MAX(0,MIN(1,R25)))^2/$B$5))-(MAX(0,MIN(1,Q25))^2/(MAX(0,MIN(1,Q25))^2+(1-MAX(0,MIN(1,Q25)))^2/$B$5))))<0.000000001,0,R25-$B$11/$B$9*((MAX(0,MIN(1,R25))^2/(MAX(0,MIN(1,R25))^2+(1-MAX(0,MIN(1,R25)))^2/$B$5))-(MAX(0,MIN(1,Q25))^2/(MAX(0,MIN(1,Q25))^2+(1-MAX(0,MIN(1,Q25)))^2/$B$5)))) -> 0.64028199 | S26: =IF(ABS(S25-$B$11/$B$9*((MAX(0,MIN(1,S25))^2/(MAX(0,MIN(1,S25))^2+(1-MAX(0,MIN(1,S25)))^2/$B$5))-(MAX(0,MIN(1,R25))^2/(MAX(0,MIN(1,R25))^2+(1-MAX(0,MIN(1,R25)))^2/$B$5))))<0.000000001,0,S25-$B$11/$B$9*((MAX(0,MIN(1,S25))^2/(MAX(0,MIN(1,S25))^2+(1-MAX(0,MIN(1,S25)))^2/$B$5))-(MAX(0,MIN(1,R25))^2/(MAX(0,MIN(1,R25))^2+(1-MAX(0,MIN(1,R25)))^2/$B$5)))) -> 0.60321362 | T26: =IF(ABS(T25-$B$11/$B$9*((MAX(0,MIN(1,T25))^2/(MAX(0,MIN(1,T25))^2+(1-MAX(0,MIN(1,T25)))^2/$B$5))-(MAX(0,MIN(1,S25))^2/(MAX(0,MIN(1,S25))^2+(1-MAX(0,MIN(1,S25)))^2/$B$5))))<0.000000001,0,T25-$B$11/$B$9*((MAX(0,MIN(1,T25))^2/(MAX(0,MIN(1,T25))^2+(1-MAX(0,MIN(1,T25)))^2/$B$5))-(MAX(0,MIN(1,S25))^2/(MAX(0,MIN(1,S25))^2+(1-MAX(0,MIN(1,S25)))^2/$B$5)))) -> 0.55700515 | U26: =IF(ABS(U25-$B$11/$B$9*((MAX(0,MIN(1,U25))^2/(MAX(0,MIN(1,U25))^2+(1-MAX(0,MIN(1,U25)))^2/$B$5))-(MAX(0,MIN(1,T25))^2/(MAX(0,MIN(1,T25))^2+(1-MAX(0,MIN(1,T25)))^2/$B$5))))<0.000000001,0,U25-$B$11/$B$9*((MAX(0,MIN(1,U25))^2/(MAX(0,MIN(1,U25))^2+(1-MAX(0,MIN(1,U25)))^2/$B$5))-(MAX(0,MIN(1,T25))^2/(MAX(0,MIN(1,T25))^2+(1-MAX(0,MIN(1,T25)))^2/$B$5)))) -> 0.45972697 | ... AF26: =IF(ABS(AF25-$B$11/$B$9*((MAX(0,MIN(1,AF25))^2/(MAX(0,MIN(1,AF25))^2+(1-MAX(0,MIN(1,AF25)))^2/$B$5))-(MAX(0,MIN(1,AE25))^2/(MAX(0,MIN(1,AE25))^2+(1-MAX(0,MIN(1,AE25)))^2/$B$5))))<0.000000001,0,AF25-$B$11/$B$9*((MAX(0,MIN(1,AF25))^2/(MAX(0,MIN(1,AF25))^2+(1-MAX(0,MIN(1,AF25)))^2/$B$5))-(MAX(0,MIN(1,AE25))^2/(MAX(0,MIN(1,AE25))^2+(1-MAX(0,MIN(1,AE25)))^2/$B$5)))) -> 0
A27: 0.22 | D27: =A27 -> 0.22 | E27: =(G27-G26)/(A27-A26) -> 1.3441792 | F27: =G27/A27 -> 0.62393647 | G27: =A27^2/(A27^2+(1-A27)^2/$B$5) -> 0.13726602 | L27: 17 | M27: =IF(ABS(M26-$B$11/$B$9*((MAX(0,MIN(1,M26))^2/(MAX(0,MIN(1,M26))^2+(1-MAX(0,MIN(1,M26)))^2/$B$5))-(MAX(0,MIN(1,1))^2/(MAX(0,MIN(1,1))^2+(1-MAX(0,MIN(1,1)))^2/$B$5))))<0.000000001,0,M26-$B$11/$B$9*((MAX(0,MIN(1,M26))^2/(MAX(0,MIN(1,M26))^2+(1-MAX(0,MIN(1,M26)))^2/$B$5))-(MAX(0,MIN(1,1))^2/(MAX(0,MIN(1,1))^2+(1-MAX(0,MIN(1,1)))^2/$B$5)))) -> 0.86583615 | N27: =IF(ABS(N26-$B$11/$B$9*((MAX(0,MIN(1,N26))^2/(MAX(0,MIN(1,N26))^2+(1-MAX(0,MIN(1,N26)))^2/$B$5))-(MAX(0,MIN(1,M26))^2/(MAX(0,MIN(1,M26))^2+(1-MAX(0,MIN(1,M26)))^2/$B$5))))<0.000000001,0,N26-$B$11/$B$9*((MAX(0,MIN(1,N26))^2/(MAX(0,MIN(1,N26))^2+(1-MAX(0,MIN(1,N26)))^2/$B$5))-(MAX(0,MIN(1,M26))^2/(MAX(0,MIN(1,M26))^2+(1-MAX(0,MIN(1,M26)))^2/$B$5)))) -> 0.80663073 | O27: =IF(ABS(O26-$B$11/$B$9*((MAX(0,MIN(1,O26))^2/(MAX(0,MIN(1,O26))^2+(1-MAX(0,MIN(1,O26)))^2/$B$5))-(MAX(0,MIN(1,N26))^2/(MAX(0,MIN(1,N26))^2+(1-MAX(0,MIN(1,N26)))^2/$B$5))))<0.000000001,0,O26-$B$11/$B$9*((MAX(0,MIN(1,O26))^2/(MAX(0,MIN(1,O26))^2+(1-MAX(0,MIN(1,O26)))^2/$B$5))-(MAX(0,MIN(1,N26))^2/(MAX(0,MIN(1,N26))^2+(1-MAX(0,MIN(1,N26)))^2/$B$5)))) -> 0.76066292 | P27: =IF(ABS(P26-$B$11/$B$9*((MAX(0,MIN(1,P26))^2/(MAX(0,MIN(1,P26))^2+(1-MAX(0,MIN(1,P26)))^2/$B$5))-(MAX(0,MIN(1,O26))^2/(MAX(0,MIN(1,O26))^2+(1-MAX(0,MIN(1,O26)))^2/$B$5))))<0.000000001,0,P26-$B$11/$B$9*((MAX(0,MIN(1,P26))^2/(MAX(0,MIN(1,P26))^2+(1-MAX(0,MIN(1,P26)))^2/$B$5))-(MAX(0,MIN(1,O26))^2/(MAX(0,MIN(1,O26))^2+(1-MAX(0,MIN(1,O26)))^2/$B$5)))) -> 0.72154777 | Q27: =IF(ABS(Q26-$B$11/$B$9*((MAX(0,MIN(1,Q26))^2/(MAX(0,MIN(1,Q26))^2+(1-MAX(0,MIN(1,Q26)))^2/$B$5))-(MAX(0,MIN(1,P26))^2/(MAX(0,MIN(1,P26))^2+(1-MAX(0,MIN(1,P26)))^2/$B$5))))<0.000000001,0,Q26-$B$11/$B$9*((MAX(0,MIN(1,Q26))^2/(MAX(0,MIN(1,Q26))^2+(1-MAX(0,MIN(1,Q26)))^2/$B$5))-(MAX(0,MIN(1,P26))^2/(MAX(0,MIN(1,P26))^2+(1-MAX(0,MIN(1,P26)))^2/$B$5)))) -> 0.68632774 | R27: =IF(ABS(R26-$B$11/$B$9*((MAX(0,MIN(1,R26))^2/(MAX(0,MIN(1,R26))^2+(1-MAX(0,MIN(1,R26)))^2/$B$5))-(MAX(0,MIN(1,Q26))^2/(MAX(0,MIN(1,Q26))^2+(1-MAX(0,MIN(1,Q26)))^2/$B$5))))<0.000000001,0,R26-$B$11/$B$9*((MAX(0,MIN(1,R26))^2/(MAX(0,MIN(1,R26))^2+(1-MAX(0,MIN(1,R26)))^2/$B$5))-(MAX(0,MIN(1,Q26))^2/(MAX(0,MIN(1,Q26))^2+(1-MAX(0,MIN(1,Q26)))^2/$B$5)))) -> 0.65294757 | S27: =IF(ABS(S26-$B$11/$B$9*((MAX(0,MIN(1,S26))^2/(MAX(0,MIN(1,S26))^2+(1-MAX(0,MIN(1,S26)))^2/$B$5))-(MAX(0,MIN(1,R26))^2/(MAX(0,MIN(1,R26))^2+(1-MAX(0,MIN(1,R26)))^2/$B$5))))<0.000000001,0,S26-$B$11/$B$9*((MAX(0,MIN(1,S26))^2/(MAX(0,MIN(1,S26))^2+(1-MAX(0,MIN(1,S26)))^2/$B$5))-(MAX(0,MIN(1,R26))^2/(MAX(0,MIN(1,R26))^2+(1-MAX(0,MIN(1,R26)))^2/$B$5)))) -> 0.61919391 | T27: =IF(ABS(T26-$B$11/$B$9*((MAX(0,MIN(1,T26))^2/(MAX(0,MIN(1,T26))^2+(1-MAX(0,MIN(1,T26)))^2/$B$5))-(MAX(0,MIN(1,S26))^2/(MAX(0,MIN(1,S26))^2+(1-MAX(0,MIN(1,S26)))^2/$B$5))))<0.000000001,0,T26-$B$11/$B$9*((MAX(0,MIN(1,T26))^2/(MAX(0,MIN(1,T26))^2+(1-MAX(0,MIN(1,T26)))^2/$B$5))-(MAX(0,MIN(1,S26))^2/(MAX(0,MIN(1,S26))^2+(1-MAX(0,MIN(1,S26)))^2/$B$5)))) -> 0.58100403 | U27: =IF(ABS(U26-$B$11/$B$9*((MAX(0,MIN(1,U26))^2/(MAX(0,MIN(1,U26))^2+(1-MAX(0,MIN(1,U26)))^2/$B$5))-(MAX(0,MIN(1,T26))^2/(MAX(0,MIN(1,T26))^2+(1-MAX(0,MIN(1,T26)))^2/$B$5))))<0.000000001,0,U26-$B$11/$B$9*((MAX(0,MIN(1,U26))^2/(MAX(0,MIN(1,U26))^2+(1-MAX(0,MIN(1,U26)))^2/$B$5))-(MAX(0,MIN(1,T26))^2/(MAX(0,MIN(1,T26))^2+(1-MAX(0,MIN(1,T26)))^2/$B$5)))) -> 0.52440658 | ... AF27: =IF(ABS(AF26-$B$11/$B$9*((MAX(0,MIN(1,AF26))^2/(MAX(0,MIN(1,AF26))^2+(1-MAX(0,MIN(1,AF26)))^2/$B$5))-(MAX(0,MIN(1,AE26))^2/(MAX(0,MIN(1,AE26))^2+(1-MAX(0,MIN(1,AE26)))^2/$B$5))))<0.000000001,0,AF26-$B$11/$B$9*((MAX(0,MIN(1,AF26))^2/(MAX(0,MIN(1,AF26))^2+(1-MAX(0,MIN(1,AF26)))^2/$B$5))-(MAX(0,MIN(1,AE26))^2/(MAX(0,MIN(1,AE26))^2+(1-MAX(0,MIN(1,AE26)))^2/$B$5)))) -> 0
A28: 0.23 | D28: =A28 -> 0.23 | E28: =(G28-G27)/(A28-A27) -> 1.4158049 | F28: =G28/A28 -> 0.65836554 | G28: =A28^2/(A28^2+(1-A28)^2/$B$5) -> 0.15142407 | L28: 18 | M28: =IF(ABS(M27-$B$11/$B$9*((MAX(0,MIN(1,M27))^2/(MAX(0,MIN(1,M27))^2+(1-MAX(0,MIN(1,M27)))^2/$B$5))-(MAX(0,MIN(1,1))^2/(MAX(0,MIN(1,1))^2+(1-MAX(0,MIN(1,1)))^2/$B$5))))<0.000000001,0,M27-$B$11/$B$9*((MAX(0,MIN(1,M27))^2/(MAX(0,MIN(1,M27))^2+(1-MAX(0,MIN(1,M27)))^2/$B$5))-(MAX(0,MIN(1,1))^2/(MAX(0,MIN(1,1))^2+(1-MAX(0,MIN(1,1)))^2/$B$5)))) -> 0.87039776 | N28: =IF(ABS(N27-$B$11/$B$9*((MAX(0,MIN(1,N27))^2/(MAX(0,MIN(1,N27))^2+(1-MAX(0,MIN(1,N27)))^2/$B$5))-(MAX(0,MIN(1,M27))^2/(MAX(0,MIN(1,M27))^2+(1-MAX(0,MIN(1,M27)))^2/$B$5))))<0.000000001,0,N27-$B$11/$B$9*((MAX(0,MIN(1,N27))^2/(MAX(0,MIN(1,N27))^2+(1-MAX(0,MIN(1,N27)))^2/$B$5))-(MAX(0,MIN(1,M27))^2/(MAX(0,MIN(1,M27))^2+(1-MAX(0,MIN(1,M27)))^2/$B$5)))) -> 0.81280961 | O28: =IF(ABS(O27-$B$11/$B$9*((MAX(0,MIN(1,O27))^2/(MAX(0,MIN(1,O27))^2+(1-MAX(0,MIN(1,O27)))^2/$B$5))-(MAX(0,MIN(1,N27))^2/(MAX(0,MIN(1,N27))^2+(1-MAX(0,MIN(1,N27)))^2/$B$5))))<0.000000001,0,O27-$B$11/$B$9*((MAX(0,MIN(1,O27))^2/(MAX(0,MIN(1,O27))^2+(1-MAX(0,MIN(1,O27)))^2/$B$5))-(MAX(0,MIN(1,N27))^2/(MAX(0,MIN(1,N27))^2+(1-MAX(0,MIN(1,N27)))^2/$B$5)))) -> 0.76805899 | P28: =IF(ABS(P27-$B$11/$B$9*((MAX(0,MIN(1,P27))^2/(MAX(0,MIN(1,P27))^2+(1-MAX(0,MIN(1,P27)))^2/$B$5))-(MAX(0,MIN(1,O27))^2/(MAX(0,MIN(1,O27))^2+(1-MAX(0,MIN(1,O27)))^2/$B$5))))<0.000000001,0,P27-$B$11/$B$9*((MAX(0,MIN(1,P27))^2/(MAX(0,MIN(1,P27))^2+(1-MAX(0,MIN(1,P27)))^2/$B$5))-(MAX(0,MIN(1,O27))^2/(MAX(0,MIN(1,O27))^2+(1-MAX(0,MIN(1,O27)))^2/$B$5)))) -> 0.73006025 | Q28: =IF(ABS(Q27-$B$11/$B$9*((MAX(0,MIN(1,Q27))^2/(MAX(0,MIN(1,Q27))^2+(1-MAX(0,MIN(1,Q27)))^2/$B$5))-(MAX(0,MIN(1,P27))^2/(MAX(0,MIN(1,P27))^2+(1-MAX(0,MIN(1,P27)))^2/$B$5))))<0.000000001,0,Q27-$B$11/$B$9*((MAX(0,MIN(1,Q27))^2/(MAX(0,MIN(1,Q27))^2+(1-MAX(0,MIN(1,Q27)))^2/$B$5))-(MAX(0,MIN(1,P27))^2/(MAX(0,MIN(1,P27))^2+(1-MAX(0,MIN(1,P27)))^2/$B$5)))) -> 0.69604085 | R28: =IF(ABS(R27-$B$11/$B$9*((MAX(0,MIN(1,R27))^2/(MAX(0,MIN(1,R27))^2+(1-MAX(0,MIN(1,R27)))^2/$B$5))-(MAX(0,MIN(1,Q27))^2/(MAX(0,MIN(1,Q27))^2+(1-MAX(0,MIN(1,Q27)))^2/$B$5))))<0.000000001,0,R27-$B$11/$B$9*((MAX(0,MIN(1,R27))^2/(MAX(0,MIN(1,R27))^2+(1-MAX(0,MIN(1,R27)))^2/$B$5))-(MAX(0,MIN(1,Q27))^2/(MAX(0,MIN(1,Q27))^2+(1-MAX(0,MIN(1,Q27)))^2/$B$5)))) -> 0.66417948 | S28: =IF(ABS(S27-$B$11/$B$9*((MAX(0,MIN(1,S27))^2/(MAX(0,MIN(1,S27))^2+(1-MAX(0,MIN(1,S27)))^2/$B$5))-(MAX(0,MIN(1,R27))^2/(MAX(0,MIN(1,R27))^2+(1-MAX(0,MIN(1,R27)))^2/$B$5))))<0.000000001,0,S27-$B$11/$B$9*((MAX(0,MIN(1,S27))^2/(MAX(0,MIN(1,S27))^2+(1-MAX(0,MIN(1,S27)))^2/$B$5))-(MAX(0,MIN(1,R27))^2/(MAX(0,MIN(1,R27))^2+(1-MAX(0,MIN(1,R27)))^2/$B$5)))) -> 0.63275495 | T28: =IF(ABS(T27-$B$11/$B$9*((MAX(0,MIN(1,T27))^2/(MAX(0,MIN(1,T27))^2+(1-MAX(0,MIN(1,T27)))^2/$B$5))-(MAX(0,MIN(1,S27))^2/(MAX(0,MIN(1,S27))^2+(1-MAX(0,MIN(1,S27)))^2/$B$5))))<0.000000001,0,T27-$B$11/$B$9*((MAX(0,MIN(1,T27))^2/(MAX(0,MIN(1,T27))^2+(1-MAX(0,MIN(1,T27)))^2/$B$5))-(MAX(0,MIN(1,S27))^2/(MAX(0,MIN(1,S27))^2+(1-MAX(0,MIN(1,S27)))^2/$B$5)))) -> 0.5992051 | U28: =IF(ABS(U27-$B$11/$B$9*((MAX(0,MIN(1,U27))^2/(MAX(0,MIN(1,U27))^2+(1-MAX(0,MIN(1,U27)))^2/$B$5))-(MAX(0,MIN(1,T27))^2/(MAX(0,MIN(1,T27))^2+(1-MAX(0,MIN(1,T27)))^2/$B$5))))<0.000000001,0,U27-$B$11/$B$9*((MAX(0,MIN(1,U27))^2/(MAX(0,MIN(1,U27))^2+(1-MAX(0,MIN(1,U27)))^2/$B$5))-(MAX(0,MIN(1,T27))^2/(MAX(0,MIN(1,T27))^2+(1-MAX(0,MIN(1,T27)))^2/$B$5)))) -> 0.55710597 | ... AF28: =IF(ABS(AF27-$B$11/$B$9*((MAX(0,MIN(1,AF27))^2/(MAX(0,MIN(1,AF27))^2+(1-MAX(0,MIN(1,AF27)))^2/$B$5))-(MAX(0,MIN(1,AE27))^2/(MAX(0,MIN(1,AE27))^2+(1-MAX(0,MIN(1,AE27)))^2/$B$5))))<0.000000001,0,AF27-$B$11/$B$9*((MAX(0,MIN(1,AF27))^2/(MAX(0,MIN(1,AF27))^2+(1-MAX(0,MIN(1,AF27)))^2/$B$5))-(MAX(0,MIN(1,AE27))^2/(MAX(0,MIN(1,AE27))^2+(1-MAX(0,MIN(1,AE27)))^2/$B$5)))) -> 0
... A105: 1 | D105: =A105 -> 1 | E105: =(G105-G104)/(A105-A104) -> 0.00510126 | F105: =G105/A105 -> 1 | G105: =A105^2/(A105^2+(1-A105)^2/$B$5) -> 1 | L105: 95 | M105: =IF(ABS(M104-$B$11/$B$9*((MAX(0,MIN(1,M104))^2/(MAX(0,MIN(1,M104))^2+(1-MAX(0,MIN(1,M104)))^2/$B$5))-(MAX(0,MIN(1,1))^2/(MAX(0,MIN(1,1))^2+(1-MAX(0,MIN(1,1)))^2/$B$5))))<0.000000001,0,M104-$B$11/$B$9*((MAX(0,MIN(1,M104))^2/(MAX(0,MIN(1,M104))^2+(1-MAX(0,MIN(1,M104)))^2/$B$5))-(MAX(0,MIN(1,1))^2/(MAX(0,MIN(1,1))^2+(1-MAX(0,MIN(1,1)))^2/$B$5)))) -> 0.95997126 | N105: =IF(ABS(N104-$B$11/$B$9*((MAX(0,MIN(1,N104))^2/(MAX(0,MIN(1,N104))^2+(1-MAX(0,MIN(1,N104)))^2/$B$5))-(MAX(0,MIN(1,M104))^2/(MAX(0,MIN(1,M104))^2+(1-MAX(0,MIN(1,M104)))^2/$B$5))))<0.000000001,0,N104-$B$11/$B$9*((MAX(0,MIN(1,N104))^2/(MAX(0,MIN(1,N104))^2+(1-MAX(0,MIN(1,N104)))^2/$B$5))-(MAX(0,MIN(1,M104))^2/(MAX(0,MIN(1,M104))^2+(1-MAX(0,MIN(1,M104)))^2/$B$5)))) -> 0.93836001 | O105: =IF(ABS(O104-$B$11/$B$9*((MAX(0,MIN(1,O104))^2/(MAX(0,MIN(1,O104))^2+(1-MAX(0,MIN(1,O104)))^2/$B$5))-(MAX(0,MIN(1,N104))^2/(MAX(0,MIN(1,N104))^2+(1-MAX(0,MIN(1,N104)))^2/$B$5))))<0.000000001,0,O104-$B$11/$B$9*((MAX(0,MIN(1,O104))^2/(MAX(0,MIN(1,O104))^2+(1-MAX(0,MIN(1,O104)))^2/$B$5))-(MAX(0,MIN(1,N104))^2/(MAX(0,MIN(1,N104))^2+(1-MAX(0,MIN(1,N104)))^2/$B$5)))) -> 0.92004378 | P105: =IF(ABS(P104-$B$11/$B$9*((MAX(0,MIN(1,P104))^2/(MAX(0,MIN(1,P104))^2+(1-MAX(0,MIN(1,P104)))^2/$B$5))-(MAX(0,MIN(1,O104))^2/(MAX(0,MIN(1,O104))^2+(1-MAX(0,MIN(1,O104)))^2/$B$5))))<0.000000001,0,P104-$B$11/$B$9*((MAX(0,MIN(1,P104))^2/(MAX(0,MIN(1,P104))^2+(1-MAX(0,MIN(1,P104)))^2/$B$5))-(MAX(0,MIN(1,O104))^2/(MAX(0,MIN(1,O104))^2+(1-MAX(0,MIN(1,O104)))^2/$B$5)))) -> 0.90373476 | Q105: =IF(ABS(Q104-$B$11/$B$9*((MAX(0,MIN(1,Q104))^2/(MAX(0,MIN(1,Q104))^2+(1-MAX(0,MIN(1,Q104)))^2/$B$5))-(MAX(0,MIN(1,P104))^2/(MAX(0,MIN(1,P104))^2+(1-MAX(0,MIN(1,P104)))^2/$B$5))))<0.000000001,0,Q104-$B$11/$B$9*((MAX(0,MIN(1,Q104))^2/(MAX(0,MIN(1,Q104))^2+(1-MAX(0,MIN(1,Q104)))^2/$B$5))-(MAX(0,MIN(1,P104))^2/(MAX(0,MIN(1,P104))^2+(1-MAX(0,MIN(1,P104)))^2/$B$5)))) -> 0.88888899 | R105: =IF(ABS(R104-$B$11/$B$9*((MAX(0,MIN(1,R104))^2/(MAX(0,MIN(1,R104))^2+(1-MAX(0,MIN(1,R104)))^2/$B$5))-(MAX(0,MIN(1,Q104))^2/(MAX(0,MIN(1,Q104))^2+(1-MAX(0,MIN(1,Q104)))^2/$B$5))))<0.000000001,0,R104-$B$11/$B$9*((MAX(0,MIN(1,R104))^2/(MAX(0,MIN(1,R104))^2+(1-MAX(0,MIN(1,R104)))^2/$B$5))-(MAX(0,MIN(1,Q104))^2/(MAX(0,MIN(1,Q104))^2+(1-MAX(0,MIN(1,Q104)))^2/$B$5)))) -> 0.87519482 | S105: =IF(ABS(S104-$B$11/$B$9*((MAX(0,MIN(1,S104))^2/(MAX(0,MIN(1,S104))^2+(1-MAX(0,MIN(1,S104)))^2/$B$5))-(MAX(0,MIN(1,R104))^2/(MAX(0,MIN(1,R104))^2+(1-MAX(0,MIN(1,R104)))^2/$B$5))))<0.000000001,0,S104-$B$11/$B$9*((MAX(0,MIN(1,S104))^2/(MAX(0,MIN(1,S104))^2+(1-MAX(0,MIN(1,S104)))^2/$B$5))-(MAX(0,MIN(1,R104))^2/(MAX(0,MIN(1,R104))^2+(1-MAX(0,MIN(1,R104)))^2/$B$5)))) -> 0.86244571 | T105: =IF(ABS(T104-$B$11/$B$9*((MAX(0,MIN(1,T104))^2/(MAX(0,MIN(1,T104))^2+(1-MAX(0,MIN(1,T104)))^2/$B$5))-(MAX(0,MIN(1,S104))^2/(MAX(0,MIN(1,S104))^2+(1-MAX(0,MIN(1,S104)))^2/$B$5))))<0.000000001,0,T104-$B$11/$B$9*((MAX(0,MIN(1,T104))^2/(MAX(0,MIN(1,T104))^2+(1-MAX(0,MIN(1,T104)))^2/$B$5))-(MAX(0,MIN(1,S104))^2/(MAX(0,MIN(1,S104))^2+(1-MAX(0,MIN(1,S104)))^2/$B$5)))) -> 0.85049295 | U105: =IF(ABS(U104-$B$11/$B$9*((MAX(0,MIN(1,U104))^2/(MAX(0,MIN(1,U104))^2+(1-MAX(0,MIN(1,U104)))^2/$B$5))-(MAX(0,MIN(1,T104))^2/(MAX(0,MIN(1,T104))^2+(1-MAX(0,MIN(1,T104)))^2/$B$5))))<0.000000001,0,U104-$B$11/$B$9*((MAX(0,MIN(1,U104))^2/(MAX(0,MIN(1,U104))^2+(1-MAX(0,MIN(1,U104)))^2/$B$5))-(MAX(0,MIN(1,T104))^2/(MAX(0,MIN(1,T104))^2+(1-MAX(0,MIN(1,T104)))^2/$B$5)))) -> 0.83922368 | ... AF105: =IF(ABS(AF104-$B$11/$B$9*((MAX(0,MIN(1,AF104))^2/(MAX(0,MIN(1,AF104))^2+(1-MAX(0,MIN(1,AF104)))^2/$B$5))-(MAX(0,MIN(1,AE104))^2/(MAX(0,MIN(1,AE104))^2+(1-MAX(0,MIN(1,AE104)))^2/$B$5))))<0.000000001,0,AF104-$B$11/$B$9*((MAX(0,MIN(1,AF104))^2/(MAX(0,MIN(1,AF104))^2+(1-MAX(0,MIN(1,AF104)))^2/$B$5))-(MAX(0,MIN(1,AE104))^2/(MAX(0,MIN(1,AE104))^2+(1-MAX(0,MIN(1,AE104)))^2/$B$5)))) -> 0.74320081
L106: 96 | M106: =IF(ABS(M105-$B$11/$B$9*((MAX(0,MIN(1,M105))^2/(MAX(0,MIN(1,M105))^2+(1-MAX(0,MIN(1,M105)))^2/$B$5))-(MAX(0,MIN(1,1))^2/(MAX(0,MIN(1,1))^2+(1-MAX(0,MIN(1,1)))^2/$B$5))))<0.000000001,0,M105-$B$11/$B$9*((MAX(0,MIN(1,M105))^2/(MAX(0,MIN(1,M105))^2+(1-MAX(0,MIN(1,M105)))^2/$B$5))-(MAX(0,MIN(1,1))^2/(MAX(0,MIN(1,1))^2+(1-MAX(0,MIN(1,1)))^2/$B$5)))) -> 0.96030527 | N106: =IF(ABS(N105-$B$11/$B$9*((MAX(0,MIN(1,N105))^2/(MAX(0,MIN(1,N105))^2+(1-MAX(0,MIN(1,N105)))^2/$B$5))-(MAX(0,MIN(1,M105))^2/(MAX(0,MIN(1,M105))^2+(1-MAX(0,MIN(1,M105)))^2/$B$5))))<0.000000001,0,N105-$B$11/$B$9*((MAX(0,MIN(1,N105))^2/(MAX(0,MIN(1,N105))^2+(1-MAX(0,MIN(1,N105)))^2/$B$5))-(MAX(0,MIN(1,M105))^2/(MAX(0,MIN(1,M105))^2+(1-MAX(0,MIN(1,M105)))^2/$B$5)))) -> 0.93885386 | O106: =IF(ABS(O105-$B$11/$B$9*((MAX(0,MIN(1,O105))^2/(MAX(0,MIN(1,O105))^2+(1-MAX(0,MIN(1,O105)))^2/$B$5))-(MAX(0,MIN(1,N105))^2/(MAX(0,MIN(1,N105))^2+(1-MAX(0,MIN(1,N105)))^2/$B$5))))<0.000000001,0,O105-$B$11/$B$9*((MAX(0,MIN(1,O105))^2/(MAX(0,MIN(1,O105))^2+(1-MAX(0,MIN(1,O105)))^2/$B$5))-(MAX(0,MIN(1,N105))^2/(MAX(0,MIN(1,N105))^2+(1-MAX(0,MIN(1,N105)))^2/$B$5)))) -> 0.92066254 | P106: =IF(ABS(P105-$B$11/$B$9*((MAX(0,MIN(1,P105))^2/(MAX(0,MIN(1,P105))^2+(1-MAX(0,MIN(1,P105)))^2/$B$5))-(MAX(0,MIN(1,O105))^2/(MAX(0,MIN(1,O105))^2+(1-MAX(0,MIN(1,O105)))^2/$B$5))))<0.000000001,0,P105-$B$11/$B$9*((MAX(0,MIN(1,P105))^2/(MAX(0,MIN(1,P105))^2+(1-MAX(0,MIN(1,P105)))^2/$B$5))-(MAX(0,MIN(1,O105))^2/(MAX(0,MIN(1,O105))^2+(1-MAX(0,MIN(1,O105)))^2/$B$5)))) -> 0.90445736 | Q106: =IF(ABS(Q105-$B$11/$B$9*((MAX(0,MIN(1,Q105))^2/(MAX(0,MIN(1,Q105))^2+(1-MAX(0,MIN(1,Q105)))^2/$B$5))-(MAX(0,MIN(1,P105))^2/(MAX(0,MIN(1,P105))^2+(1-MAX(0,MIN(1,P105)))^2/$B$5))))<0.000000001,0,Q105-$B$11/$B$9*((MAX(0,MIN(1,Q105))^2/(MAX(0,MIN(1,Q105))^2+(1-MAX(0,MIN(1,Q105)))^2/$B$5))-(MAX(0,MIN(1,P105))^2/(MAX(0,MIN(1,P105))^2+(1-MAX(0,MIN(1,P105)))^2/$B$5)))) -> 0.88970064 | R106: =IF(ABS(R105-$B$11/$B$9*((MAX(0,MIN(1,R105))^2/(MAX(0,MIN(1,R105))^2+(1-MAX(0,MIN(1,R105)))^2/$B$5))-(MAX(0,MIN(1,Q105))^2/(MAX(0,MIN(1,Q105))^2+(1-MAX(0,MIN(1,Q105)))^2/$B$5))))<0.000000001,0,R105-$B$11/$B$9*((MAX(0,MIN(1,R105))^2/(MAX(0,MIN(1,R105))^2+(1-MAX(0,MIN(1,R105)))^2/$B$5))-(MAX(0,MIN(1,Q105))^2/(MAX(0,MIN(1,Q105))^2+(1-MAX(0,MIN(1,Q105)))^2/$B$5)))) -> 0.87608444 | S106: =IF(ABS(S105-$B$11/$B$9*((MAX(0,MIN(1,S105))^2/(MAX(0,MIN(1,S105))^2+(1-MAX(0,MIN(1,S105)))^2/$B$5))-(MAX(0,MIN(1,R105))^2/(MAX(0,MIN(1,R105))^2+(1-MAX(0,MIN(1,R105)))^2/$B$5))))<0.000000001,0,S105-$B$11/$B$9*((MAX(0,MIN(1,S105))^2/(MAX(0,MIN(1,S105))^2+(1-MAX(0,MIN(1,S105)))^2/$B$5))-(MAX(0,MIN(1,R105))^2/(MAX(0,MIN(1,R105))^2+(1-MAX(0,MIN(1,R105)))^2/$B$5)))) -> 0.86340469 | T106: =IF(ABS(T105-$B$11/$B$9*((MAX(0,MIN(1,T105))^2/(MAX(0,MIN(1,T105))^2+(1-MAX(0,MIN(1,T105)))^2/$B$5))-(MAX(0,MIN(1,S105))^2/(MAX(0,MIN(1,S105))^2+(1-MAX(0,MIN(1,S105)))^2/$B$5))))<0.000000001,0,T105-$B$11/$B$9*((MAX(0,MIN(1,T105))^2/(MAX(0,MIN(1,T105))^2+(1-MAX(0,MIN(1,T105)))^2/$B$5))-(MAX(0,MIN(1,S105))^2/(MAX(0,MIN(1,S105))^2+(1-MAX(0,MIN(1,S105)))^2/$B$5)))) -> 0.85151443 | U106: =IF(ABS(U105-$B$11/$B$9*((MAX(0,MIN(1,U105))^2/(MAX(0,MIN(1,U105))^2+(1-MAX(0,MIN(1,U105)))^2/$B$5))-(MAX(0,MIN(1,T105))^2/(MAX(0,MIN(1,T105))^2+(1-MAX(0,MIN(1,T105)))^2/$B$5))))<0.000000001,0,U105-$B$11/$B$9*((MAX(0,MIN(1,U105))^2/(MAX(0,MIN(1,U105))^2+(1-MAX(0,MIN(1,U105)))^2/$B$5))-(MAX(0,MIN(1,T105))^2/(MAX(0,MIN(1,T105))^2+(1-MAX(0,MIN(1,T105)))^2/$B$5)))) -> 0.84030211 | ... AF106: =IF(ABS(AF105-$B$11/$B$9*((MAX(0,MIN(1,AF105))^2/(MAX(0,MIN(1,AF105))^2+(1-MAX(0,MIN(1,AF105)))^2/$B$5))-(MAX(0,MIN(1,AE105))^2/(MAX(0,MIN(1,AE105))^2+(1-MAX(0,MIN(1,AE105)))^2/$B$5))))<0.000000001,0,AF105-$B$11/$B$9*((MAX(0,MIN(1,AF105))^2/(MAX(0,MIN(1,AF105))^2+(1-MAX(0,MIN(1,AF105)))^2/$B$5))-(MAX(0,MIN(1,AE105))^2/(MAX(0,MIN(1,AE105))^2+(1-MAX(0,MIN(1,AE105)))^2/$B$5)))) -> 0.74472408
L107: 97 | M107: =IF(ABS(M106-$B$11/$B$9*((MAX(0,MIN(1,M106))^2/(MAX(0,MIN(1,M106))^2+(1-MAX(0,MIN(1,M106)))^2/$B$5))-(MAX(0,MIN(1,1))^2/(MAX(0,MIN(1,1))^2+(1-MAX(0,MIN(1,1)))^2/$B$5))))<0.000000001,0,M106-$B$11/$B$9*((MAX(0,MIN(1,M106))^2/(MAX(0,MIN(1,M106))^2+(1-MAX(0,MIN(1,M106)))^2/$B$5))-(MAX(0,MIN(1,1))^2/(MAX(0,MIN(1,1))^2+(1-MAX(0,MIN(1,1)))^2/$B$5)))) -> 0.9606335 | N107: =IF(ABS(N106-$B$11/$B$9*((MAX(0,MIN(1,N106))^2/(MAX(0,MIN(1,N106))^2+(1-MAX(0,MIN(1,N106)))^2/$B$5))-(MAX(0,MIN(1,M106))^2/(MAX(0,MIN(1,M106))^2+(1-MAX(0,MIN(1,M106)))^2/$B$5))))<0.000000001,0,N106-$B$11/$B$9*((MAX(0,MIN(1,N106))^2/(MAX(0,MIN(1,N106))^2+(1-MAX(0,MIN(1,N106)))^2/$B$5))-(MAX(0,MIN(1,M106))^2/(MAX(0,MIN(1,M106))^2+(1-MAX(0,MIN(1,M106)))^2/$B$5)))) -> 0.93933944 | O107: =IF(ABS(O106-$B$11/$B$9*((MAX(0,MIN(1,O106))^2/(MAX(0,MIN(1,O106))^2+(1-MAX(0,MIN(1,O106)))^2/$B$5))-(MAX(0,MIN(1,N106))^2/(MAX(0,MIN(1,N106))^2+(1-MAX(0,MIN(1,N106)))^2/$B$5))))<0.000000001,0,O106-$B$11/$B$9*((MAX(0,MIN(1,O106))^2/(MAX(0,MIN(1,O106))^2+(1-MAX(0,MIN(1,O106)))^2/$B$5))-(MAX(0,MIN(1,N106))^2/(MAX(0,MIN(1,N106))^2+(1-MAX(0,MIN(1,N106)))^2/$B$5)))) -> 0.92127122 | P107: =IF(ABS(P106-$B$11/$B$9*((MAX(0,MIN(1,P106))^2/(MAX(0,MIN(1,P106))^2+(1-MAX(0,MIN(1,P106)))^2/$B$5))-(MAX(0,MIN(1,O106))^2/(MAX(0,MIN(1,O106))^2+(1-MAX(0,MIN(1,O106)))^2/$B$5))))<0.000000001,0,P106-$B$11/$B$9*((MAX(0,MIN(1,P106))^2/(MAX(0,MIN(1,P106))^2+(1-MAX(0,MIN(1,P106)))^2/$B$5))-(MAX(0,MIN(1,O106))^2/(MAX(0,MIN(1,O106))^2+(1-MAX(0,MIN(1,O106)))^2/$B$5)))) -> 0.90516842 | Q107: =IF(ABS(Q106-$B$11/$B$9*((MAX(0,MIN(1,Q106))^2/(MAX(0,MIN(1,Q106))^2+(1-MAX(0,MIN(1,Q106)))^2/$B$5))-(MAX(0,MIN(1,P106))^2/(MAX(0,MIN(1,P106))^2+(1-MAX(0,MIN(1,P106)))^2/$B$5))))<0.000000001,0,Q106-$B$11/$B$9*((MAX(0,MIN(1,Q106))^2/(MAX(0,MIN(1,Q106))^2+(1-MAX(0,MIN(1,Q106)))^2/$B$5))-(MAX(0,MIN(1,P106))^2/(MAX(0,MIN(1,P106))^2+(1-MAX(0,MIN(1,P106)))^2/$B$5)))) -> 0.89049956 | R107: =IF(ABS(R106-$B$11/$B$9*((MAX(0,MIN(1,R106))^2/(MAX(0,MIN(1,R106))^2+(1-MAX(0,MIN(1,R106)))^2/$B$5))-(MAX(0,MIN(1,Q106))^2/(MAX(0,MIN(1,Q106))^2+(1-MAX(0,MIN(1,Q106)))^2/$B$5))))<0.000000001,0,R106-$B$11/$B$9*((MAX(0,MIN(1,R106))^2/(MAX(0,MIN(1,R106))^2+(1-MAX(0,MIN(1,R106)))^2/$B$5))-(MAX(0,MIN(1,Q106))^2/(MAX(0,MIN(1,Q106))^2+(1-MAX(0,MIN(1,Q106)))^2/$B$5)))) -> 0.87696032 | S107: =IF(ABS(S106-$B$11/$B$9*((MAX(0,MIN(1,S106))^2/(MAX(0,MIN(1,S106))^2+(1-MAX(0,MIN(1,S106)))^2/$B$5))-(MAX(0,MIN(1,R106))^2/(MAX(0,MIN(1,R106))^2+(1-MAX(0,MIN(1,R106)))^2/$B$5))))<0.000000001,0,S106-$B$11/$B$9*((MAX(0,MIN(1,S106))^2/(MAX(0,MIN(1,S106))^2+(1-MAX(0,MIN(1,S106)))^2/$B$5))-(MAX(0,MIN(1,R106))^2/(MAX(0,MIN(1,R106))^2+(1-MAX(0,MIN(1,R106)))^2/$B$5)))) -> 0.86434905 | T107: =IF(ABS(T106-$B$11/$B$9*((MAX(0,MIN(1,T106))^2/(MAX(0,MIN(1,T106))^2+(1-MAX(0,MIN(1,T106)))^2/$B$5))-(MAX(0,MIN(1,S106))^2/(MAX(0,MIN(1,S106))^2+(1-MAX(0,MIN(1,S106)))^2/$B$5))))<0.000000001,0,T106-$B$11/$B$9*((MAX(0,MIN(1,T106))^2/(MAX(0,MIN(1,T106))^2+(1-MAX(0,MIN(1,T106)))^2/$B$5))-(MAX(0,MIN(1,S106))^2/(MAX(0,MIN(1,S106))^2+(1-MAX(0,MIN(1,S106)))^2/$B$5)))) -> 0.85252051 | U107: =IF(ABS(U106-$B$11/$B$9*((MAX(0,MIN(1,U106))^2/(MAX(0,MIN(1,U106))^2+(1-MAX(0,MIN(1,U106)))^2/$B$5))-(MAX(0,MIN(1,T106))^2/(MAX(0,MIN(1,T106))^2+(1-MAX(0,MIN(1,T106)))^2/$B$5))))<0.000000001,0,U106-$B$11/$B$9*((MAX(0,MIN(1,U106))^2/(MAX(0,MIN(1,U106))^2+(1-MAX(0,MIN(1,U106)))^2/$B$5))-(MAX(0,MIN(1,T106))^2/(MAX(0,MIN(1,T106))^2+(1-MAX(0,MIN(1,T106)))^2/$B$5)))) -> 0.84136442 | ... AF107: =IF(ABS(AF106-$B$11/$B$9*((MAX(0,MIN(1,AF106))^2/(MAX(0,MIN(1,AF106))^2+(1-MAX(0,MIN(1,AF106)))^2/$B$5))-(MAX(0,MIN(1,AE106))^2/(MAX(0,MIN(1,AE106))^2+(1-MAX(0,MIN(1,AE106)))^2/$B$5))))<0.000000001,0,AF106-$B$11/$B$9*((MAX(0,MIN(1,AF106))^2/(MAX(0,MIN(1,AF106))^2+(1-MAX(0,MIN(1,AF106)))^2/$B$5))-(MAX(0,MIN(1,AE106))^2/(MAX(0,MIN(1,AE106))^2+(1-MAX(0,MIN(1,AE106)))^2/$B$5)))) -> 0.74622482
L108: 98 | M108: =IF(ABS(M107-$B$11/$B$9*((MAX(0,MIN(1,M107))^2/(MAX(0,MIN(1,M107))^2+(1-MAX(0,MIN(1,M107)))^2/$B$5))-(MAX(0,MIN(1,1))^2/(MAX(0,MIN(1,1))^2+(1-MAX(0,MIN(1,1)))^2/$B$5))))<0.000000001,0,M107-$B$11/$B$9*((MAX(0,MIN(1,M107))^2/(MAX(0,MIN(1,M107))^2+(1-MAX(0,MIN(1,M107)))^2/$B$5))-(MAX(0,MIN(1,1))^2/(MAX(0,MIN(1,1))^2+(1-MAX(0,MIN(1,1)))^2/$B$5)))) -> 0.9609561 | N108: =IF(ABS(N107-$B$11/$B$9*((MAX(0,MIN(1,N107))^2/(MAX(0,MIN(1,N107))^2+(1-MAX(0,MIN(1,N107)))^2/$B$5))-(MAX(0,MIN(1,M107))^2/(MAX(0,MIN(1,M107))^2+(1-MAX(0,MIN(1,M107)))^2/$B$5))))<0.000000001,0,N107-$B$11/$B$9*((MAX(0,MIN(1,N107))^2/(MAX(0,MIN(1,N107))^2+(1-MAX(0,MIN(1,N107)))^2/$B$5))-(MAX(0,MIN(1,M107))^2/(MAX(0,MIN(1,M107))^2+(1-MAX(0,MIN(1,M107)))^2/$B$5)))) -> 0.93981697 | O108: =IF(ABS(O107-$B$11/$B$9*((MAX(0,MIN(1,O107))^2/(MAX(0,MIN(1,O107))^2+(1-MAX(0,MIN(1,O107)))^2/$B$5))-(MAX(0,MIN(1,N107))^2/(MAX(0,MIN(1,N107))^2+(1-MAX(0,MIN(1,N107)))^2/$B$5))))<0.000000001,0,O107-$B$11/$B$9*((MAX(0,MIN(1,O107))^2/(MAX(0,MIN(1,O107))^2+(1-MAX(0,MIN(1,O107)))^2/$B$5))-(MAX(0,MIN(1,N107))^2/(MAX(0,MIN(1,N107))^2+(1-MAX(0,MIN(1,N107)))^2/$B$5)))) -> 0.92187006 | P108: =IF(ABS(P107-$B$11/$B$9*((MAX(0,MIN(1,P107))^2/(MAX(0,MIN(1,P107))^2+(1-MAX(0,MIN(1,P107)))^2/$B$5))-(MAX(0,MIN(1,O107))^2/(MAX(0,MIN(1,O107))^2+(1-MAX(0,MIN(1,O107)))^2/$B$5))))<0.000000001,0,P107-$B$11/$B$9*((MAX(0,MIN(1,P107))^2/(MAX(0,MIN(1,P107))^2+(1-MAX(0,MIN(1,P107)))^2/$B$5))-(MAX(0,MIN(1,O107))^2/(MAX(0,MIN(1,O107))^2+(1-MAX(0,MIN(1,O107)))^2/$B$5)))) -> 0.90586825 | Q108: =IF(ABS(Q107-$B$11/$B$9*((MAX(0,MIN(1,Q107))^2/(MAX(0,MIN(1,Q107))^2+(1-MAX(0,MIN(1,Q107)))^2/$B$5))-(MAX(0,MIN(1,P107))^2/(MAX(0,MIN(1,P107))^2+(1-MAX(0,MIN(1,P107)))^2/$B$5))))<0.000000001,0,Q107-$B$11/$B$9*((MAX(0,MIN(1,Q107))^2/(MAX(0,MIN(1,Q107))^2+(1-MAX(0,MIN(1,Q107)))^2/$B$5))-(MAX(0,MIN(1,P107))^2/(MAX(0,MIN(1,P107))^2+(1-MAX(0,MIN(1,P107)))^2/$B$5)))) -> 0.89128609 | R108: =IF(ABS(R107-$B$11/$B$9*((MAX(0,MIN(1,R107))^2/(MAX(0,MIN(1,R107))^2+(1-MAX(0,MIN(1,R107)))^2/$B$5))-(MAX(0,MIN(1,Q107))^2/(MAX(0,MIN(1,Q107))^2+(1-MAX(0,MIN(1,Q107)))^2/$B$5))))<0.000000001,0,R107-$B$11/$B$9*((MAX(0,MIN(1,R107))^2/(MAX(0,MIN(1,R107))^2+(1-MAX(0,MIN(1,R107)))^2/$B$5))-(MAX(0,MIN(1,Q107))^2/(MAX(0,MIN(1,Q107))^2+(1-MAX(0,MIN(1,Q107)))^2/$B$5)))) -> 0.87782282 | S108: =IF(ABS(S107-$B$11/$B$9*((MAX(0,MIN(1,S107))^2/(MAX(0,MIN(1,S107))^2+(1-MAX(0,MIN(1,S107)))^2/$B$5))-(MAX(0,MIN(1,R107))^2/(MAX(0,MIN(1,R107))^2+(1-MAX(0,MIN(1,R107)))^2/$B$5))))<0.000000001,0,S107-$B$11/$B$9*((MAX(0,MIN(1,S107))^2/(MAX(0,MIN(1,S107))^2+(1-MAX(0,MIN(1,S107)))^2/$B$5))-(MAX(0,MIN(1,R107))^2/(MAX(0,MIN(1,R107))^2+(1-MAX(0,MIN(1,R107)))^2/$B$5)))) -> 0.86527916 | T108: =IF(ABS(T107-$B$11/$B$9*((MAX(0,MIN(1,T107))^2/(MAX(0,MIN(1,T107))^2+(1-MAX(0,MIN(1,T107)))^2/$B$5))-(MAX(0,MIN(1,S107))^2/(MAX(0,MIN(1,S107))^2+(1-MAX(0,MIN(1,S107)))^2/$B$5))))<0.000000001,0,T107-$B$11/$B$9*((MAX(0,MIN(1,T107))^2/(MAX(0,MIN(1,T107))^2+(1-MAX(0,MIN(1,T107)))^2/$B$5))-(MAX(0,MIN(1,S107))^2/(MAX(0,MIN(1,S107))^2+(1-MAX(0,MIN(1,S107)))^2/$B$5)))) -> 0.85351157 | U108: =IF(ABS(U107-$B$11/$B$9*((MAX(0,MIN(1,U107))^2/(MAX(0,MIN(1,U107))^2+(1-MAX(0,MIN(1,U107)))^2/$B$5))-(MAX(0,MIN(1,T107))^2/(MAX(0,MIN(1,T107))^2+(1-MAX(0,MIN(1,T107)))^2/$B$5))))<0.000000001,0,U107-$B$11/$B$9*((MAX(0,MIN(1,U107))^2/(MAX(0,MIN(1,U107))^2+(1-MAX(0,MIN(1,U107)))^2/$B$5))-(MAX(0,MIN(1,T107))^2/(MAX(0,MIN(1,T107))^2+(1-MAX(0,MIN(1,T107)))^2/$B$5)))) -> 0.84241101 | ... AF108: =IF(ABS(AF107-$B$11/$B$9*((MAX(0,MIN(1,AF107))^2/(MAX(0,MIN(1,AF107))^2+(1-MAX(0,MIN(1,AF107)))^2/$B$5))-(MAX(0,MIN(1,AE107))^2/(MAX(0,MIN(1,AE107))^2+(1-MAX(0,MIN(1,AE107)))^2/$B$5))))<0.000000001,0,AF107-$B$11/$B$9*((MAX(0,MIN(1,AF107))^2/(MAX(0,MIN(1,AF107))^2+(1-MAX(0,MIN(1,AF107)))^2/$B$5))-(MAX(0,MIN(1,AE107))^2/(MAX(0,MIN(1,AE107))^2+(1-MAX(0,MIN(1,AE107)))^2/$B$5)))) -> 0.74770361
L109: 99 | M109: =IF(ABS(M108-$B$11/$B$9*((MAX(0,MIN(1,M108))^2/(MAX(0,MIN(1,M108))^2+(1-MAX(0,MIN(1,M108)))^2/$B$5))-(MAX(0,MIN(1,1))^2/(MAX(0,MIN(1,1))^2+(1-MAX(0,MIN(1,1)))^2/$B$5))))<0.000000001,0,M108-$B$11/$B$9*((MAX(0,MIN(1,M108))^2/(MAX(0,MIN(1,M108))^2+(1-MAX(0,MIN(1,M108)))^2/$B$5))-(MAX(0,MIN(1,1))^2/(MAX(0,MIN(1,1))^2+(1-MAX(0,MIN(1,1)))^2/$B$5)))) -> 0.96127324 | N109: =IF(ABS(N108-$B$11/$B$9*((MAX(0,MIN(1,N108))^2/(MAX(0,MIN(1,N108))^2+(1-MAX(0,MIN(1,N108)))^2/$B$5))-(MAX(0,MIN(1,M108))^2/(MAX(0,MIN(1,M108))^2+(1-MAX(0,MIN(1,M108)))^2/$B$5))))<0.000000001,0,N108-$B$11/$B$9*((MAX(0,MIN(1,N108))^2/(MAX(0,MIN(1,N108))^2+(1-MAX(0,MIN(1,N108)))^2/$B$5))-(MAX(0,MIN(1,M108))^2/(MAX(0,MIN(1,M108))^2+(1-MAX(0,MIN(1,M108)))^2/$B$5)))) -> 0.94028665 | O109: =IF(ABS(O108-$B$11/$B$9*((MAX(0,MIN(1,O108))^2/(MAX(0,MIN(1,O108))^2+(1-MAX(0,MIN(1,O108)))^2/$B$5))-(MAX(0,MIN(1,N108))^2/(MAX(0,MIN(1,N108))^2+(1-MAX(0,MIN(1,N108)))^2/$B$5))))<0.000000001,0,O108-$B$11/$B$9*((MAX(0,MIN(1,O108))^2/(MAX(0,MIN(1,O108))^2+(1-MAX(0,MIN(1,O108)))^2/$B$5))-(MAX(0,MIN(1,N108))^2/(MAX(0,MIN(1,N108))^2+(1-MAX(0,MIN(1,N108)))^2/$B$5)))) -> 0.92245931 | P109: =IF(ABS(P108-$B$11/$B$9*((MAX(0,MIN(1,P108))^2/(MAX(0,MIN(1,P108))^2+(1-MAX(0,MIN(1,P108)))^2/$B$5))-(MAX(0,MIN(1,O108))^2/(MAX(0,MIN(1,O108))^2+(1-MAX(0,MIN(1,O108)))^2/$B$5))))<0.000000001,0,P108-$B$11/$B$9*((MAX(0,MIN(1,P108))^2/(MAX(0,MIN(1,P108))^2+(1-MAX(0,MIN(1,P108)))^2/$B$5))-(MAX(0,MIN(1,O108))^2/(MAX(0,MIN(1,O108))^2+(1-MAX(0,MIN(1,O108)))^2/$B$5)))) -> 0.90655711 | Q109: =IF(ABS(Q108-$B$11/$B$9*((MAX(0,MIN(1,Q108))^2/(MAX(0,MIN(1,Q108))^2+(1-MAX(0,MIN(1,Q108)))^2/$B$5))-(MAX(0,MIN(1,P108))^2/(MAX(0,MIN(1,P108))^2+(1-MAX(0,MIN(1,P108)))^2/$B$5))))<0.000000001,0,Q108-$B$11/$B$9*((MAX(0,MIN(1,Q108))^2/(MAX(0,MIN(1,Q108))^2+(1-MAX(0,MIN(1,Q108)))^2/$B$5))-(MAX(0,MIN(1,P108))^2/(MAX(0,MIN(1,P108))^2+(1-MAX(0,MIN(1,P108)))^2/$B$5)))) -> 0.89206051 | R109: =IF(ABS(R108-$B$11/$B$9*((MAX(0,MIN(1,R108))^2/(MAX(0,MIN(1,R108))^2+(1-MAX(0,MIN(1,R108)))^2/$B$5))-(MAX(0,MIN(1,Q108))^2/(MAX(0,MIN(1,Q108))^2+(1-MAX(0,MIN(1,Q108)))^2/$B$5))))<0.000000001,0,R108-$B$11/$B$9*((MAX(0,MIN(1,R108))^2/(MAX(0,MIN(1,R108))^2+(1-MAX(0,MIN(1,R108)))^2/$B$5))-(MAX(0,MIN(1,Q108))^2/(MAX(0,MIN(1,Q108))^2+(1-MAX(0,MIN(1,Q108)))^2/$B$5)))) -> 0.87867224 | S109: =IF(ABS(S108-$B$11/$B$9*((MAX(0,MIN(1,S108))^2/(MAX(0,MIN(1,S108))^2+(1-MAX(0,MIN(1,S108)))^2/$B$5))-(MAX(0,MIN(1,R108))^2/(MAX(0,MIN(1,R108))^2+(1-MAX(0,MIN(1,R108)))^2/$B$5))))<0.000000001,0,S108-$B$11/$B$9*((MAX(0,MIN(1,S108))^2/(MAX(0,MIN(1,S108))^2+(1-MAX(0,MIN(1,S108)))^2/$B$5))-(MAX(0,MIN(1,R108))^2/(MAX(0,MIN(1,R108))^2+(1-MAX(0,MIN(1,R108)))^2/$B$5)))) -> 0.86619535 | T109: =IF(ABS(T108-$B$11/$B$9*((MAX(0,MIN(1,T108))^2/(MAX(0,MIN(1,T108))^2+(1-MAX(0,MIN(1,T108)))^2/$B$5))-(MAX(0,MIN(1,S108))^2/(MAX(0,MIN(1,S108))^2+(1-MAX(0,MIN(1,S108)))^2/$B$5))))<0.000000001,0,T108-$B$11/$B$9*((MAX(0,MIN(1,T108))^2/(MAX(0,MIN(1,T108))^2+(1-MAX(0,MIN(1,T108)))^2/$B$5))-(MAX(0,MIN(1,S108))^2/(MAX(0,MIN(1,S108))^2+(1-MAX(0,MIN(1,S108)))^2/$B$5)))) -> 0.85448796 | U109: =IF(ABS(U108-$B$11/$B$9*((MAX(0,MIN(1,U108))^2/(MAX(0,MIN(1,U108))^2+(1-MAX(0,MIN(1,U108)))^2/$B$5))-(MAX(0,MIN(1,T108))^2/(MAX(0,MIN(1,T108))^2+(1-MAX(0,MIN(1,T108)))^2/$B$5))))<0.000000001,0,U108-$B$11/$B$9*((MAX(0,MIN(1,U108))^2/(MAX(0,MIN(1,U108))^2+(1-MAX(0,MIN(1,U108)))^2/$B$5))-(MAX(0,MIN(1,T108))^2/(MAX(0,MIN(1,T108))^2+(1-MAX(0,MIN(1,T108)))^2/$B$5)))) -> 0.84344225 | ... AF109: =IF(ABS(AF108-$B$11/$B$9*((MAX(0,MIN(1,AF108))^2/(MAX(0,MIN(1,AF108))^2+(1-MAX(0,MIN(1,AF108)))^2/$B$5))-(MAX(0,MIN(1,AE108))^2/(MAX(0,MIN(1,AE108))^2+(1-MAX(0,MIN(1,AE108)))^2/$B$5))))<0.000000001,0,AF108-$B$11/$B$9*((MAX(0,MIN(1,AF108))^2/(MAX(0,MIN(1,AF108))^2+(1-MAX(0,MIN(1,AF108)))^2/$B$5))-(MAX(0,MIN(1,AE108))^2/(MAX(0,MIN(1,AE108))^2+(1-MAX(0,MIN(1,AE108)))^2/$B$5)))) -> 0.74916102
L110: 100 | M110: =IF(ABS(M109-$B$11/$B$9*((MAX(0,MIN(1,M109))^2/(MAX(0,MIN(1,M109))^2+(1-MAX(0,MIN(1,M109)))^2/$B$5))-(MAX(0,MIN(1,1))^2/(MAX(0,MIN(1,1))^2+(1-MAX(0,MIN(1,1)))^2/$B$5))))<0.000000001,0,M109-$B$11/$B$9*((MAX(0,MIN(1,M109))^2/(MAX(0,MIN(1,M109))^2+(1-MAX(0,MIN(1,M109)))^2/$B$5))-(MAX(0,MIN(1,1))^2/(MAX(0,MIN(1,1))^2+(1-MAX(0,MIN(1,1)))^2/$B$5)))) -> 0.96158504 | N110: =IF(ABS(N109-$B$11/$B$9*((MAX(0,MIN(1,N109))^2/(MAX(0,MIN(1,N109))^2+(1-MAX(0,MIN(1,N109)))^2/$B$5))-(MAX(0,MIN(1,M109))^2/(MAX(0,MIN(1,M109))^2+(1-MAX(0,MIN(1,M109)))^2/$B$5))))<0.000000001,0,N109-$B$11/$B$9*((MAX(0,MIN(1,N109))^2/(MAX(0,MIN(1,N109))^2+(1-MAX(0,MIN(1,N109)))^2/$B$5))-(MAX(0,MIN(1,M109))^2/(MAX(0,MIN(1,M109))^2+(1-MAX(0,MIN(1,M109)))^2/$B$5)))) -> 0.94074869 | O110: =IF(ABS(O109-$B$11/$B$9*((MAX(0,MIN(1,O109))^2/(MAX(0,MIN(1,O109))^2+(1-MAX(0,MIN(1,O109)))^2/$B$5))-(MAX(0,MIN(1,N109))^2/(MAX(0,MIN(1,N109))^2+(1-MAX(0,MIN(1,N109)))^2/$B$5))))<0.000000001,0,O109-$B$11/$B$9*((MAX(0,MIN(1,O109))^2/(MAX(0,MIN(1,O109))^2+(1-MAX(0,MIN(1,O109)))^2/$B$5))-(MAX(0,MIN(1,N109))^2/(MAX(0,MIN(1,N109))^2+(1-MAX(0,MIN(1,N109)))^2/$B$5)))) -> 0.92303921 | P110: =IF(ABS(P109-$B$11/$B$9*((MAX(0,MIN(1,P109))^2/(MAX(0,MIN(1,P109))^2+(1-MAX(0,MIN(1,P109)))^2/$B$5))-(MAX(0,MIN(1,O109))^2/(MAX(0,MIN(1,O109))^2+(1-MAX(0,MIN(1,O109)))^2/$B$5))))<0.000000001,0,P109-$B$11/$B$9*((MAX(0,MIN(1,P109))^2/(MAX(0,MIN(1,P109))^2+(1-MAX(0,MIN(1,P109)))^2/$B$5))-(MAX(0,MIN(1,O109))^2/(MAX(0,MIN(1,O109))^2+(1-MAX(0,MIN(1,O109)))^2/$B$5)))) -> 0.90723528 | Q110: =IF(ABS(Q109-$B$11/$B$9*((MAX(0,MIN(1,Q109))^2/(MAX(0,MIN(1,Q109))^2+(1-MAX(0,MIN(1,Q109)))^2/$B$5))-(MAX(0,MIN(1,P109))^2/(MAX(0,MIN(1,P109))^2+(1-MAX(0,MIN(1,P109)))^2/$B$5))))<0.000000001,0,Q109-$B$11/$B$9*((MAX(0,MIN(1,Q109))^2/(MAX(0,MIN(1,Q109))^2+(1-MAX(0,MIN(1,Q109)))^2/$B$5))-(MAX(0,MIN(1,P109))^2/(MAX(0,MIN(1,P109))^2+(1-MAX(0,MIN(1,P109)))^2/$B$5)))) -> 0.89282312 | R110: =IF(ABS(R109-$B$11/$B$9*((MAX(0,MIN(1,R109))^2/(MAX(0,MIN(1,R109))^2+(1-MAX(0,MIN(1,R109)))^2/$B$5))-(MAX(0,MIN(1,Q109))^2/(MAX(0,MIN(1,Q109))^2+(1-MAX(0,MIN(1,Q109)))^2/$B$5))))<0.000000001,0,R109-$B$11/$B$9*((MAX(0,MIN(1,R109))^2/(MAX(0,MIN(1,R109))^2+(1-MAX(0,MIN(1,R109)))^2/$B$5))-(MAX(0,MIN(1,Q109))^2/(MAX(0,MIN(1,Q109))^2+(1-MAX(0,MIN(1,Q109)))^2/$B$5)))) -> 0.8795089 | S110: =IF(ABS(S109-$B$11/$B$9*((MAX(0,MIN(1,S109))^2/(MAX(0,MIN(1,S109))^2+(1-MAX(0,MIN(1,S109)))^2/$B$5))-(MAX(0,MIN(1,R109))^2/(MAX(0,MIN(1,R109))^2+(1-MAX(0,MIN(1,R109)))^2/$B$5))))<0.000000001,0,S109-$B$11/$B$9*((MAX(0,MIN(1,S109))^2/(MAX(0,MIN(1,S109))^2+(1-MAX(0,MIN(1,S109)))^2/$B$5))-(MAX(0,MIN(1,R109))^2/(MAX(0,MIN(1,R109))^2+(1-MAX(0,MIN(1,R109)))^2/$B$5)))) -> 0.86709797 | T110: =IF(ABS(T109-$B$11/$B$9*((MAX(0,MIN(1,T109))^2/(MAX(0,MIN(1,T109))^2+(1-MAX(0,MIN(1,T109)))^2/$B$5))-(MAX(0,MIN(1,S109))^2/(MAX(0,MIN(1,S109))^2+(1-MAX(0,MIN(1,S109)))^2/$B$5))))<0.000000001,0,T109-$B$11/$B$9*((MAX(0,MIN(1,T109))^2/(MAX(0,MIN(1,T109))^2+(1-MAX(0,MIN(1,T109)))^2/$B$5))-(MAX(0,MIN(1,S109))^2/(MAX(0,MIN(1,S109))^2+(1-MAX(0,MIN(1,S109)))^2/$B$5)))) -> 0.85545003 | U110: =IF(ABS(U109-$B$11/$B$9*((MAX(0,MIN(1,U109))^2/(MAX(0,MIN(1,U109))^2+(1-MAX(0,MIN(1,U109)))^2/$B$5))-(MAX(0,MIN(1,T109))^2/(MAX(0,MIN(1,T109))^2+(1-MAX(0,MIN(1,T109)))^2/$B$5))))<0.000000001,0,U109-$B$11/$B$9*((MAX(0,MIN(1,U109))^2/(MAX(0,MIN(1,U109))^2+(1-MAX(0,MIN(1,U109)))^2/$B$5))-(MAX(0,MIN(1,T109))^2/(MAX(0,MIN(1,T109))^2+(1-MAX(0,MIN(1,T109)))^2/$B$5)))) -> 0.84445851 | ... AF110: =IF(ABS(AF109-$B$11/$B$9*((MAX(0,MIN(1,AF109))^2/(MAX(0,MIN(1,AF109))^2+(1-MAX(0,MIN(1,AF109)))^2/$B$5))-(MAX(0,MIN(1,AE109))^2/(MAX(0,MIN(1,AE109))^2+(1-MAX(0,MIN(1,AE109)))^2/$B$5))))<0.000000001,0,AF109-$B$11/$B$9*((MAX(0,MIN(1,AF109))^2/(MAX(0,MIN(1,AF109))^2+(1-MAX(0,MIN(1,AF109)))^2/$B$5))-(MAX(0,MIN(1,AE109))^2/(MAX(0,MIN(1,AE109))^2+(1-MAX(0,MIN(1,AE109)))^2/$B$5)))) -> 0.75059758
L111: 101 | M111: =IF(ABS(M110-$B$11/$B$9*((MAX(0,MIN(1,M110))^2/(MAX(0,MIN(1,M110))^2+(1-MAX(0,MIN(1,M110)))^2/$B$5))-(MAX(0,MIN(1,1))^2/(MAX(0,MIN(1,1))^2+(1-MAX(0,MIN(1,1)))^2/$B$5))))<0.000000001,0,M110-$B$11/$B$9*((MAX(0,MIN(1,M110))^2/(MAX(0,MIN(1,M110))^2+(1-MAX(0,MIN(1,M110)))^2/$B$5))-(MAX(0,MIN(1,1))^2/(MAX(0,MIN(1,1))^2+(1-MAX(0,MIN(1,1)))^2/$B$5)))) -> 0.96189164 | N111: =IF(ABS(N110-$B$11/$B$9*((MAX(0,MIN(1,N110))^2/(MAX(0,MIN(1,N110))^2+(1-MAX(0,MIN(1,N110)))^2/$B$5))-(MAX(0,MIN(1,M110))^2/(MAX(0,MIN(1,M110))^2+(1-MAX(0,MIN(1,M110)))^2/$B$5))))<0.000000001,0,N110-$B$11/$B$9*((MAX(0,MIN(1,N110))^2/(MAX(0,MIN(1,N110))^2+(1-MAX(0,MIN(1,N110)))^2/$B$5))-(MAX(0,MIN(1,M110))^2/(MAX(0,MIN(1,M110))^2+(1-MAX(0,MIN(1,M110)))^2/$B$5)))) -> 0.94120327 | O111: =IF(ABS(O110-$B$11/$B$9*((MAX(0,MIN(1,O110))^2/(MAX(0,MIN(1,O110))^2+(1-MAX(0,MIN(1,O110)))^2/$B$5))-(MAX(0,MIN(1,N110))^2/(MAX(0,MIN(1,N110))^2+(1-MAX(0,MIN(1,N110)))^2/$B$5))))<0.000000001,0,O110-$B$11/$B$9*((MAX(0,MIN(1,O110))^2/(MAX(0,MIN(1,O110))^2+(1-MAX(0,MIN(1,O110)))^2/$B$5))-(MAX(0,MIN(1,N110))^2/(MAX(0,MIN(1,N110))^2+(1-MAX(0,MIN(1,N110)))^2/$B$5)))) -> 0.92360999 | P111: =IF(ABS(P110-$B$11/$B$9*((MAX(0,MIN(1,P110))^2/(MAX(0,MIN(1,P110))^2+(1-MAX(0,MIN(1,P110)))^2/$B$5))-(MAX(0,MIN(1,O110))^2/(MAX(0,MIN(1,O110))^2+(1-MAX(0,MIN(1,O110)))^2/$B$5))))<0.000000001,0,P110-$B$11/$B$9*((MAX(0,MIN(1,P110))^2/(MAX(0,MIN(1,P110))^2+(1-MAX(0,MIN(1,P110)))^2/$B$5))-(MAX(0,MIN(1,O110))^2/(MAX(0,MIN(1,O110))^2+(1-MAX(0,MIN(1,O110)))^2/$B$5)))) -> 0.907903 | Q111: =IF(ABS(Q110-$B$11/$B$9*((MAX(0,MIN(1,Q110))^2/(MAX(0,MIN(1,Q110))^2+(1-MAX(0,MIN(1,Q110)))^2/$B$5))-(MAX(0,MIN(1,P110))^2/(MAX(0,MIN(1,P110))^2+(1-MAX(0,MIN(1,P110)))^2/$B$5))))<0.000000001,0,Q110-$B$11/$B$9*((MAX(0,MIN(1,Q110))^2/(MAX(0,MIN(1,Q110))^2+(1-MAX(0,MIN(1,Q110)))^2/$B$5))-(MAX(0,MIN(1,P110))^2/(MAX(0,MIN(1,P110))^2+(1-MAX(0,MIN(1,P110)))^2/$B$5)))) -> 0.8935742 | R111: =IF(ABS(R110-$B$11/$B$9*((MAX(0,MIN(1,R110))^2/(MAX(0,MIN(1,R110))^2+(1-MAX(0,MIN(1,R110)))^2/$B$5))-(MAX(0,MIN(1,Q110))^2/(MAX(0,MIN(1,Q110))^2+(1-MAX(0,MIN(1,Q110)))^2/$B$5))))<0.000000001,0,R110-$B$11/$B$9*((MAX(0,MIN(1,R110))^2/(MAX(0,MIN(1,R110))^2+(1-MAX(0,MIN(1,R110)))^2/$B$5))-(MAX(0,MIN(1,Q110))^2/(MAX(0,MIN(1,Q110))^2+(1-MAX(0,MIN(1,Q110)))^2/$B$5)))) -> 0.88033312 | S111: =IF(ABS(S110-$B$11/$B$9*((MAX(0,MIN(1,S110))^2/(MAX(0,MIN(1,S110))^2+(1-MAX(0,MIN(1,S110)))^2/$B$5))-(MAX(0,MIN(1,R110))^2/(MAX(0,MIN(1,R110))^2+(1-MAX(0,MIN(1,R110)))^2/$B$5))))<0.000000001,0,S110-$B$11/$B$9*((MAX(0,MIN(1,S110))^2/(MAX(0,MIN(1,S110))^2+(1-MAX(0,MIN(1,S110)))^2/$B$5))-(MAX(0,MIN(1,R110))^2/(MAX(0,MIN(1,R110))^2+(1-MAX(0,MIN(1,R110)))^2/$B$5)))) -> 0.86798731 | T111: =IF(ABS(T110-$B$11/$B$9*((MAX(0,MIN(1,T110))^2/(MAX(0,MIN(1,T110))^2+(1-MAX(0,MIN(1,T110)))^2/$B$5))-(MAX(0,MIN(1,S110))^2/(MAX(0,MIN(1,S110))^2+(1-MAX(0,MIN(1,S110)))^2/$B$5))))<0.000000001,0,T110-$B$11/$B$9*((MAX(0,MIN(1,T110))^2/(MAX(0,MIN(1,T110))^2+(1-MAX(0,MIN(1,T110)))^2/$B$5))-(MAX(0,MIN(1,S110))^2/(MAX(0,MIN(1,S110))^2+(1-MAX(0,MIN(1,S110)))^2/$B$5)))) -> 0.85639812 | U111: =IF(ABS(U110-$B$11/$B$9*((MAX(0,MIN(1,U110))^2/(MAX(0,MIN(1,U110))^2+(1-MAX(0,MIN(1,U110)))^2/$B$5))-(MAX(0,MIN(1,T110))^2/(MAX(0,MIN(1,T110))^2+(1-MAX(0,MIN(1,T110)))^2/$B$5))))<0.000000001,0,U110-$B$11/$B$9*((MAX(0,MIN(1,U110))^2/(MAX(0,MIN(1,U110))^2+(1-MAX(0,MIN(1,U110)))^2/$B$5))-(MAX(0,MIN(1,T110))^2/(MAX(0,MIN(1,T110))^2+(1-MAX(0,MIN(1,T110)))^2/$B$5)))) -> 0.84546013 | ... AF111: =IF(ABS(AF110-$B$11/$B$9*((MAX(0,MIN(1,AF110))^2/(MAX(0,MIN(1,AF110))^2+(1-MAX(0,MIN(1,AF110)))^2/$B$5))-(MAX(0,MIN(1,AE110))^2/(MAX(0,MIN(1,AE110))^2+(1-MAX(0,MIN(1,AE110)))^2/$B$5))))<0.000000001,0,AF110-$B$11/$B$9*((MAX(0,MIN(1,AF110))^2/(MAX(0,MIN(1,AF110))^2+(1-MAX(0,MIN(1,AF110)))^2/$B$5))-(MAX(0,MIN(1,AE110))^2/(MAX(0,MIN(1,AE110))^2+(1-MAX(0,MIN(1,AE110)))^2/$B$5)))) -> 0.75201383
L112: 102 | M112: =IF(ABS(M111-$B$11/$B$9*((MAX(0,MIN(1,M111))^2/(MAX(0,MIN(1,M111))^2+(1-MAX(0,MIN(1,M111)))^2/$B$5))-(MAX(0,MIN(1,1))^2/(MAX(0,MIN(1,1))^2+(1-MAX(0,MIN(1,1)))^2/$B$5))))<0.000000001,0,M111-$B$11/$B$9*((MAX(0,MIN(1,M111))^2/(MAX(0,MIN(1,M111))^2+(1-MAX(0,MIN(1,M111)))^2/$B$5))-(MAX(0,MIN(1,1))^2/(MAX(0,MIN(1,1))^2+(1-MAX(0,MIN(1,1)))^2/$B$5)))) -> 0.96219319 | N112: =IF(ABS(N111-$B$11/$B$9*((MAX(0,MIN(1,N111))^2/(MAX(0,MIN(1,N111))^2+(1-MAX(0,MIN(1,N111)))^2/$B$5))-(MAX(0,MIN(1,M111))^2/(MAX(0,MIN(1,M111))^2+(1-MAX(0,MIN(1,M111)))^2/$B$5))))<0.000000001,0,N111-$B$11/$B$9*((MAX(0,MIN(1,N111))^2/(MAX(0,MIN(1,N111))^2+(1-MAX(0,MIN(1,N111)))^2/$B$5))-(MAX(0,MIN(1,M111))^2/(MAX(0,MIN(1,M111))^2+(1-MAX(0,MIN(1,M111)))^2/$B$5)))) -> 0.94165057 | O112: =IF(ABS(O111-$B$11/$B$9*((MAX(0,MIN(1,O111))^2/(MAX(0,MIN(1,O111))^2+(1-MAX(0,MIN(1,O111)))^2/$B$5))-(MAX(0,MIN(1,N111))^2/(MAX(0,MIN(1,N111))^2+(1-MAX(0,MIN(1,N111)))^2/$B$5))))<0.000000001,0,O111-$B$11/$B$9*((MAX(0,MIN(1,O111))^2/(MAX(0,MIN(1,O111))^2+(1-MAX(0,MIN(1,O111)))^2/$B$5))-(MAX(0,MIN(1,N111))^2/(MAX(0,MIN(1,N111))^2+(1-MAX(0,MIN(1,N111)))^2/$B$5)))) -> 0.92417188 | P112: =IF(ABS(P111-$B$11/$B$9*((MAX(0,MIN(1,P111))^2/(MAX(0,MIN(1,P111))^2+(1-MAX(0,MIN(1,P111)))^2/$B$5))-(MAX(0,MIN(1,O111))^2/(MAX(0,MIN(1,O111))^2+(1-MAX(0,MIN(1,O111)))^2/$B$5))))<0.000000001,0,P111-$B$11/$B$9*((MAX(0,MIN(1,P111))^2/(MAX(0,MIN(1,P111))^2+(1-MAX(0,MIN(1,P111)))^2/$B$5))-(MAX(0,MIN(1,O111))^2/(MAX(0,MIN(1,O111))^2+(1-MAX(0,MIN(1,O111)))^2/$B$5)))) -> 0.90856054 | Q112: =IF(ABS(Q111-$B$11/$B$9*((MAX(0,MIN(1,Q111))^2/(MAX(0,MIN(1,Q111))^2+(1-MAX(0,MIN(1,Q111)))^2/$B$5))-(MAX(0,MIN(1,P111))^2/(MAX(0,MIN(1,P111))^2+(1-MAX(0,MIN(1,P111)))^2/$B$5))))<0.000000001,0,Q111-$B$11/$B$9*((MAX(0,MIN(1,Q111))^2/(MAX(0,MIN(1,Q111))^2+(1-MAX(0,MIN(1,Q111)))^2/$B$5))-(MAX(0,MIN(1,P111))^2/(MAX(0,MIN(1,P111))^2+(1-MAX(0,MIN(1,P111)))^2/$B$5)))) -> 0.89431403 | R112: =IF(ABS(R111-$B$11/$B$9*((MAX(0,MIN(1,R111))^2/(MAX(0,MIN(1,R111))^2+(1-MAX(0,MIN(1,R111)))^2/$B$5))-(MAX(0,MIN(1,Q111))^2/(MAX(0,MIN(1,Q111))^2+(1-MAX(0,MIN(1,Q111)))^2/$B$5))))<0.000000001,0,R111-$B$11/$B$9*((MAX(0,MIN(1,R111))^2/(MAX(0,MIN(1,R111))^2+(1-MAX(0,MIN(1,R111)))^2/$B$5))-(MAX(0,MIN(1,Q111))^2/(MAX(0,MIN(1,Q111))^2+(1-MAX(0,MIN(1,Q111)))^2/$B$5)))) -> 0.88114517 | S112: =IF(ABS(S111-$B$11/$B$9*((MAX(0,MIN(1,S111))^2/(MAX(0,MIN(1,S111))^2+(1-MAX(0,MIN(1,S111)))^2/$B$5))-(MAX(0,MIN(1,R111))^2/(MAX(0,MIN(1,R111))^2+(1-MAX(0,MIN(1,R111)))^2/$B$5))))<0.000000001,0,S111-$B$11/$B$9*((MAX(0,MIN(1,S111))^2/(MAX(0,MIN(1,S111))^2+(1-MAX(0,MIN(1,S111)))^2/$B$5))-(MAX(0,MIN(1,R111))^2/(MAX(0,MIN(1,R111))^2+(1-MAX(0,MIN(1,R111)))^2/$B$5)))) -> 0.86886371 | T112: =IF(ABS(T111-$B$11/$B$9*((MAX(0,MIN(1,T111))^2/(MAX(0,MIN(1,T111))^2+(1-MAX(0,MIN(1,T111)))^2/$B$5))-(MAX(0,MIN(1,S111))^2/(MAX(0,MIN(1,S111))^2+(1-MAX(0,MIN(1,S111)))^2/$B$5))))<0.000000001,0,T111-$B$11/$B$9*((MAX(0,MIN(1,T111))^2/(MAX(0,MIN(1,T111))^2+(1-MAX(0,MIN(1,T111)))^2/$B$5))-(MAX(0,MIN(1,S111))^2/(MAX(0,MIN(1,S111))^2+(1-MAX(0,MIN(1,S111)))^2/$B$5)))) -> 0.85733255 | U112: =IF(ABS(U111-$B$11/$B$9*((MAX(0,MIN(1,U111))^2/(MAX(0,MIN(1,U111))^2+(1-MAX(0,MIN(1,U111)))^2/$B$5))-(MAX(0,MIN(1,T111))^2/(MAX(0,MIN(1,T111))^2+(1-MAX(0,MIN(1,T111)))^2/$B$5))))<0.000000001,0,U111-$B$11/$B$9*((MAX(0,MIN(1,U111))^2/(MAX(0,MIN(1,U111))^2+(1-MAX(0,MIN(1,U111)))^2/$B$5))-(MAX(0,MIN(1,T111))^2/(MAX(0,MIN(1,T111))^2+(1-MAX(0,MIN(1,T111)))^2/$B$5)))) -> 0.84644746 | ... AF112: =IF(ABS(AF111-$B$11/$B$9*((MAX(0,MIN(1,AF111))^2/(MAX(0,MIN(1,AF111))^2+(1-MAX(0,MIN(1,AF111)))^2/$B$5))-(MAX(0,MIN(1,AE111))^2/(MAX(0,MIN(1,AE111))^2+(1-MAX(0,MIN(1,AE111)))^2/$B$5))))<0.000000001,0,AF111-$B$11/$B$9*((MAX(0,MIN(1,AF111))^2/(MAX(0,MIN(1,AF111))^2+(1-MAX(0,MIN(1,AF111)))^2/$B$5))-(MAX(0,MIN(1,AE111))^2/(MAX(0,MIN(1,AE111))^2+(1-MAX(0,MIN(1,AE111)))^2/$B$5)))) -> 0.75341026
L113: 103 | M113: =IF(ABS(M112-$B$11/$B$9*((MAX(0,MIN(1,M112))^2/(MAX(0,MIN(1,M112))^2+(1-MAX(0,MIN(1,M112)))^2/$B$5))-(MAX(0,MIN(1,1))^2/(MAX(0,MIN(1,1))^2+(1-MAX(0,MIN(1,1)))^2/$B$5))))<0.000000001,0,M112-$B$11/$B$9*((MAX(0,MIN(1,M112))^2/(MAX(0,MIN(1,M112))^2+(1-MAX(0,MIN(1,M112)))^2/$B$5))-(MAX(0,MIN(1,1))^2/(MAX(0,MIN(1,1))^2+(1-MAX(0,MIN(1,1)))^2/$B$5)))) -> 0.9624898 | N113: =IF(ABS(N112-$B$11/$B$9*((MAX(0,MIN(1,N112))^2/(MAX(0,MIN(1,N112))^2+(1-MAX(0,MIN(1,N112)))^2/$B$5))-(MAX(0,MIN(1,M112))^2/(MAX(0,MIN(1,M112))^2+(1-MAX(0,MIN(1,M112)))^2/$B$5))))<0.000000001,0,N112-$B$11/$B$9*((MAX(0,MIN(1,N112))^2/(MAX(0,MIN(1,N112))^2+(1-MAX(0,MIN(1,N112)))^2/$B$5))-(MAX(0,MIN(1,M112))^2/(MAX(0,MIN(1,M112))^2+(1-MAX(0,MIN(1,M112)))^2/$B$5)))) -> 0.94209079 | O113: =IF(ABS(O112-$B$11/$B$9*((MAX(0,MIN(1,O112))^2/(MAX(0,MIN(1,O112))^2+(1-MAX(0,MIN(1,O112)))^2/$B$5))-(MAX(0,MIN(1,N112))^2/(MAX(0,MIN(1,N112))^2+(1-MAX(0,MIN(1,N112)))^2/$B$5))))<0.000000001,0,O112-$B$11/$B$9*((MAX(0,MIN(1,O112))^2/(MAX(0,MIN(1,O112))^2+(1-MAX(0,MIN(1,O112)))^2/$B$5))-(MAX(0,MIN(1,N112))^2/(MAX(0,MIN(1,N112))^2+(1-MAX(0,MIN(1,N112)))^2/$B$5)))) -> 0.92472508 | P113: =IF(ABS(P112-$B$11/$B$9*((MAX(0,MIN(1,P112))^2/(MAX(0,MIN(1,P112))^2+(1-MAX(0,MIN(1,P112)))^2/$B$5))-(MAX(0,MIN(1,O112))^2/(MAX(0,MIN(1,O112))^2+(1-MAX(0,MIN(1,O112)))^2/$B$5))))<0.000000001,0,P112-$B$11/$B$9*((MAX(0,MIN(1,P112))^2/(MAX(0,MIN(1,P112))^2+(1-MAX(0,MIN(1,P112)))^2/$B$5))-(MAX(0,MIN(1,O112))^2/(MAX(0,MIN(1,O112))^2+(1-MAX(0,MIN(1,O112)))^2/$B$5)))) -> 0.90920813 | Q113: =IF(ABS(Q112-$B$11/$B$9*((MAX(0,MIN(1,Q112))^2/(MAX(0,MIN(1,Q112))^2+(1-MAX(0,MIN(1,Q112)))^2/$B$5))-(MAX(0,MIN(1,P112))^2/(MAX(0,MIN(1,P112))^2+(1-MAX(0,MIN(1,P112)))^2/$B$5))))<0.000000001,0,Q112-$B$11/$B$9*((MAX(0,MIN(1,Q112))^2/(MAX(0,MIN(1,Q112))^2+(1-MAX(0,MIN(1,Q112)))^2/$B$5))-(MAX(0,MIN(1,P112))^2/(MAX(0,MIN(1,P112))^2+(1-MAX(0,MIN(1,P112)))^2/$B$5)))) -> 0.89504287 | R113: =IF(ABS(R112-$B$11/$B$9*((MAX(0,MIN(1,R112))^2/(MAX(0,MIN(1,R112))^2+(1-MAX(0,MIN(1,R112)))^2/$B$5))-(MAX(0,MIN(1,Q112))^2/(MAX(0,MIN(1,Q112))^2+(1-MAX(0,MIN(1,Q112)))^2/$B$5))))<0.000000001,0,R112-$B$11/$B$9*((MAX(0,MIN(1,R112))^2/(MAX(0,MIN(1,R112))^2+(1-MAX(0,MIN(1,R112)))^2/$B$5))-(MAX(0,MIN(1,Q112))^2/(MAX(0,MIN(1,Q112))^2+(1-MAX(0,MIN(1,Q112)))^2/$B$5)))) -> 0.88194534 | S113: =IF(ABS(S112-$B$11/$B$9*((MAX(0,MIN(1,S112))^2/(MAX(0,MIN(1,S112))^2+(1-MAX(0,MIN(1,S112)))^2/$B$5))-(MAX(0,MIN(1,R112))^2/(MAX(0,MIN(1,R112))^2+(1-MAX(0,MIN(1,R112)))^2/$B$5))))<0.000000001,0,S112-$B$11/$B$9*((MAX(0,MIN(1,S112))^2/(MAX(0,MIN(1,S112))^2+(1-MAX(0,MIN(1,S112)))^2/$B$5))-(MAX(0,MIN(1,R112))^2/(MAX(0,MIN(1,R112))^2+(1-MAX(0,MIN(1,R112)))^2/$B$5)))) -> 0.86972746 | T113: =IF(ABS(T112-$B$11/$B$9*((MAX(0,MIN(1,T112))^2/(MAX(0,MIN(1,T112))^2+(1-MAX(0,MIN(1,T112)))^2/$B$5))-(MAX(0,MIN(1,S112))^2/(MAX(0,MIN(1,S112))^2+(1-MAX(0,MIN(1,S112)))^2/$B$5))))<0.000000001,0,T112-$B$11/$B$9*((MAX(0,MIN(1,T112))^2/(MAX(0,MIN(1,T112))^2+(1-MAX(0,MIN(1,T112)))^2/$B$5))-(MAX(0,MIN(1,S112))^2/(MAX(0,MIN(1,S112))^2+(1-MAX(0,MIN(1,S112)))^2/$B$5)))) -> 0.85825365 | U113: =IF(ABS(U112-$B$11/$B$9*((MAX(0,MIN(1,U112))^2/(MAX(0,MIN(1,U112))^2+(1-MAX(0,MIN(1,U112)))^2/$B$5))-(MAX(0,MIN(1,T112))^2/(MAX(0,MIN(1,T112))^2+(1-MAX(0,MIN(1,T112)))^2/$B$5))))<0.000000001,0,U112-$B$11/$B$9*((MAX(0,MIN(1,U112))^2/(MAX(0,MIN(1,U112))^2+(1-MAX(0,MIN(1,U112)))^2/$B$5))-(MAX(0,MIN(1,T112))^2/(MAX(0,MIN(1,T112))^2+(1-MAX(0,MIN(1,T112)))^2/$B$5)))) -> 0.84742083 | ... AF113: =IF(ABS(AF112-$B$11/$B$9*((MAX(0,MIN(1,AF112))^2/(MAX(0,MIN(1,AF112))^2+(1-MAX(0,MIN(1,AF112)))^2/$B$5))-(MAX(0,MIN(1,AE112))^2/(MAX(0,MIN(1,AE112))^2+(1-MAX(0,MIN(1,AE112)))^2/$B$5))))<0.000000001,0,AF112-$B$11/$B$9*((MAX(0,MIN(1,AF112))^2/(MAX(0,MIN(1,AF112))^2+(1-MAX(0,MIN(1,AF112)))^2/$B$5))-(MAX(0,MIN(1,AE112))^2/(MAX(0,MIN(1,AE112))^2+(1-MAX(0,MIN(1,AE112)))^2/$B$5)))) -> 0.75478736
L114: 104 | M114: =IF(ABS(M113-$B$11/$B$9*((MAX(0,MIN(1,M113))^2/(MAX(0,MIN(1,M113))^2+(1-MAX(0,MIN(1,M113)))^2/$B$5))-(MAX(0,MIN(1,1))^2/(MAX(0,MIN(1,1))^2+(1-MAX(0,MIN(1,1)))^2/$B$5))))<0.000000001,0,M113-$B$11/$B$9*((MAX(0,MIN(1,M113))^2/(MAX(0,MIN(1,M113))^2+(1-MAX(0,MIN(1,M113)))^2/$B$5))-(MAX(0,MIN(1,1))^2/(MAX(0,MIN(1,1))^2+(1-MAX(0,MIN(1,1)))^2/$B$5)))) -> 0.96278159 | N114: =IF(ABS(N113-$B$11/$B$9*((MAX(0,MIN(1,N113))^2/(MAX(0,MIN(1,N113))^2+(1-MAX(0,MIN(1,N113)))^2/$B$5))-(MAX(0,MIN(1,M113))^2/(MAX(0,MIN(1,M113))^2+(1-MAX(0,MIN(1,M113)))^2/$B$5))))<0.000000001,0,N113-$B$11/$B$9*((MAX(0,MIN(1,N113))^2/(MAX(0,MIN(1,N113))^2+(1-MAX(0,MIN(1,N113)))^2/$B$5))-(MAX(0,MIN(1,M113))^2/(MAX(0,MIN(1,M113))^2+(1-MAX(0,MIN(1,M113)))^2/$B$5)))) -> 0.94252408 | O114: =IF(ABS(O113-$B$11/$B$9*((MAX(0,MIN(1,O113))^2/(MAX(0,MIN(1,O113))^2+(1-MAX(0,MIN(1,O113)))^2/$B$5))-(MAX(0,MIN(1,N113))^2/(MAX(0,MIN(1,N113))^2+(1-MAX(0,MIN(1,N113)))^2/$B$5))))<0.000000001,0,O113-$B$11/$B$9*((MAX(0,MIN(1,O113))^2/(MAX(0,MIN(1,O113))^2+(1-MAX(0,MIN(1,O113)))^2/$B$5))-(MAX(0,MIN(1,N113))^2/(MAX(0,MIN(1,N113))^2+(1-MAX(0,MIN(1,N113)))^2/$B$5)))) -> 0.92526981 | P114: =IF(ABS(P113-$B$11/$B$9*((MAX(0,MIN(1,P113))^2/(MAX(0,MIN(1,P113))^2+(1-MAX(0,MIN(1,P113)))^2/$B$5))-(MAX(0,MIN(1,O113))^2/(MAX(0,MIN(1,O113))^2+(1-MAX(0,MIN(1,O113)))^2/$B$5))))<0.000000001,0,P113-$B$11/$B$9*((MAX(0,MIN(1,P113))^2/(MAX(0,MIN(1,P113))^2+(1-MAX(0,MIN(1,P113)))^2/$B$5))-(MAX(0,MIN(1,O113))^2/(MAX(0,MIN(1,O113))^2+(1-MAX(0,MIN(1,O113)))^2/$B$5)))) -> 0.90984601 | Q114: =IF(ABS(Q113-$B$11/$B$9*((MAX(0,MIN(1,Q113))^2/(MAX(0,MIN(1,Q113))^2+(1-MAX(0,MIN(1,Q113)))^2/$B$5))-(MAX(0,MIN(1,P113))^2/(MAX(0,MIN(1,P113))^2+(1-MAX(0,MIN(1,P113)))^2/$B$5))))<0.000000001,0,Q113-$B$11/$B$9*((MAX(0,MIN(1,Q113))^2/(MAX(0,MIN(1,Q113))^2+(1-MAX(0,MIN(1,Q113)))^2/$B$5))-(MAX(0,MIN(1,P113))^2/(MAX(0,MIN(1,P113))^2+(1-MAX(0,MIN(1,P113)))^2/$B$5)))) -> 0.89576098 | R114: =IF(ABS(R113-$B$11/$B$9*((MAX(0,MIN(1,R113))^2/(MAX(0,MIN(1,R113))^2+(1-MAX(0,MIN(1,R113)))^2/$B$5))-(MAX(0,MIN(1,Q113))^2/(MAX(0,MIN(1,Q113))^2+(1-MAX(0,MIN(1,Q113)))^2/$B$5))))<0.000000001,0,R113-$B$11/$B$9*((MAX(0,MIN(1,R113))^2/(MAX(0,MIN(1,R113))^2+(1-MAX(0,MIN(1,R113)))^2/$B$5))-(MAX(0,MIN(1,Q113))^2/(MAX(0,MIN(1,Q113))^2+(1-MAX(0,MIN(1,Q113)))^2/$B$5)))) -> 0.88273392 | S114: =IF(ABS(S113-$B$11/$B$9*((MAX(0,MIN(1,S113))^2/(MAX(0,MIN(1,S113))^2+(1-MAX(0,MIN(1,S113)))^2/$B$5))-(MAX(0,MIN(1,R113))^2/(MAX(0,MIN(1,R113))^2+(1-MAX(0,MIN(1,R113)))^2/$B$5))))<0.000000001,0,S113-$B$11/$B$9*((MAX(0,MIN(1,S113))^2/(MAX(0,MIN(1,S113))^2+(1-MAX(0,MIN(1,S113)))^2/$B$5))-(MAX(0,MIN(1,R113))^2/(MAX(0,MIN(1,R113))^2+(1-MAX(0,MIN(1,R113)))^2/$B$5)))) -> 0.87057885 | T114: =IF(ABS(T113-$B$11/$B$9*((MAX(0,MIN(1,T113))^2/(MAX(0,MIN(1,T113))^2+(1-MAX(0,MIN(1,T113)))^2/$B$5))-(MAX(0,MIN(1,S113))^2/(MAX(0,MIN(1,S113))^2+(1-MAX(0,MIN(1,S113)))^2/$B$5))))<0.000000001,0,T113-$B$11/$B$9*((MAX(0,MIN(1,T113))^2/(MAX(0,MIN(1,T113))^2+(1-MAX(0,MIN(1,T113)))^2/$B$5))-(MAX(0,MIN(1,S113))^2/(MAX(0,MIN(1,S113))^2+(1-MAX(0,MIN(1,S113)))^2/$B$5)))) -> 0.85916171 | U114: =IF(ABS(U113-$B$11/$B$9*((MAX(0,MIN(1,U113))^2/(MAX(0,MIN(1,U113))^2+(1-MAX(0,MIN(1,U113)))^2/$B$5))-(MAX(0,MIN(1,T113))^2/(MAX(0,MIN(1,T113))^2+(1-MAX(0,MIN(1,T113)))^2/$B$5))))<0.000000001,0,U113-$B$11/$B$9*((MAX(0,MIN(1,U113))^2/(MAX(0,MIN(1,U113))^2+(1-MAX(0,MIN(1,U113)))^2/$B$5))-(MAX(0,MIN(1,T113))^2/(MAX(0,MIN(1,T113))^2+(1-MAX(0,MIN(1,T113)))^2/$B$5)))) -> 0.84838054 | ... AF114: =IF(ABS(AF113-$B$11/$B$9*((MAX(0,MIN(1,AF113))^2/(MAX(0,MIN(1,AF113))^2+(1-MAX(0,MIN(1,AF113)))^2/$B$5))-(MAX(0,MIN(1,AE113))^2/(MAX(0,MIN(1,AE113))^2+(1-MAX(0,MIN(1,AE113)))^2/$B$5))))<0.000000001,0,AF113-$B$11/$B$9*((MAX(0,MIN(1,AF113))^2/(MAX(0,MIN(1,AF113))^2+(1-MAX(0,MIN(1,AF113)))^2/$B$5))-(MAX(0,MIN(1,AE113))^2/(MAX(0,MIN(1,AE113))^2+(1-MAX(0,MIN(1,AE113)))^2/$B$5)))) -> 0.75614559
L115: 105 | M115: =IF(ABS(M114-$B$11/$B$9*((MAX(0,MIN(1,M114))^2/(MAX(0,MIN(1,M114))^2+(1-MAX(0,MIN(1,M114)))^2/$B$5))-(MAX(0,MIN(1,1))^2/(MAX(0,MIN(1,1))^2+(1-MAX(0,MIN(1,1)))^2/$B$5))))<0.000000001,0,M114-$B$11/$B$9*((MAX(0,MIN(1,M114))^2/(MAX(0,MIN(1,M114))^2+(1-MAX(0,MIN(1,M114)))^2/$B$5))-(MAX(0,MIN(1,1))^2/(MAX(0,MIN(1,1))^2+(1-MAX(0,MIN(1,1)))^2/$B$5)))) -> 0.96306869 | N115: =IF(ABS(N114-$B$11/$B$9*((MAX(0,MIN(1,N114))^2/(MAX(0,MIN(1,N114))^2+(1-MAX(0,MIN(1,N114)))^2/$B$5))-(MAX(0,MIN(1,M114))^2/(MAX(0,MIN(1,M114))^2+(1-MAX(0,MIN(1,M114)))^2/$B$5))))<0.000000001,0,N114-$B$11/$B$9*((MAX(0,MIN(1,N114))^2/(MAX(0,MIN(1,N114))^2+(1-MAX(0,MIN(1,N114)))^2/$B$5))-(MAX(0,MIN(1,M114))^2/(MAX(0,MIN(1,M114))^2+(1-MAX(0,MIN(1,M114)))^2/$B$5)))) -> 0.94295062 | O115: =IF(ABS(O114-$B$11/$B$9*((MAX(0,MIN(1,O114))^2/(MAX(0,MIN(1,O114))^2+(1-MAX(0,MIN(1,O114)))^2/$B$5))-(MAX(0,MIN(1,N114))^2/(MAX(0,MIN(1,N114))^2+(1-MAX(0,MIN(1,N114)))^2/$B$5))))<0.000000001,0,O114-$B$11/$B$9*((MAX(0,MIN(1,O114))^2/(MAX(0,MIN(1,O114))^2+(1-MAX(0,MIN(1,O114)))^2/$B$5))-(MAX(0,MIN(1,N114))^2/(MAX(0,MIN(1,N114))^2+(1-MAX(0,MIN(1,N114)))^2/$B$5)))) -> 0.92580626 | P115: =IF(ABS(P114-$B$11/$B$9*((MAX(0,MIN(1,P114))^2/(MAX(0,MIN(1,P114))^2+(1-MAX(0,MIN(1,P114)))^2/$B$5))-(MAX(0,MIN(1,O114))^2/(MAX(0,MIN(1,O114))^2+(1-MAX(0,MIN(1,O114)))^2/$B$5))))<0.000000001,0,P114-$B$11/$B$9*((MAX(0,MIN(1,P114))^2/(MAX(0,MIN(1,P114))^2+(1-MAX(0,MIN(1,P114)))^2/$B$5))-(MAX(0,MIN(1,O114))^2/(MAX(0,MIN(1,O114))^2+(1-MAX(0,MIN(1,O114)))^2/$B$5)))) -> 0.91047441 | Q115: =IF(ABS(Q114-$B$11/$B$9*((MAX(0,MIN(1,Q114))^2/(MAX(0,MIN(1,Q114))^2+(1-MAX(0,MIN(1,Q114)))^2/$B$5))-(MAX(0,MIN(1,P114))^2/(MAX(0,MIN(1,P114))^2+(1-MAX(0,MIN(1,P114)))^2/$B$5))))<0.000000001,0,Q114-$B$11/$B$9*((MAX(0,MIN(1,Q114))^2/(MAX(0,MIN(1,Q114))^2+(1-MAX(0,MIN(1,Q114)))^2/$B$5))-(MAX(0,MIN(1,P114))^2/(MAX(0,MIN(1,P114))^2+(1-MAX(0,MIN(1,P114)))^2/$B$5)))) -> 0.8964686 | R115: =IF(ABS(R114-$B$11/$B$9*((MAX(0,MIN(1,R114))^2/(MAX(0,MIN(1,R114))^2+(1-MAX(0,MIN(1,R114)))^2/$B$5))-(MAX(0,MIN(1,Q114))^2/(MAX(0,MIN(1,Q114))^2+(1-MAX(0,MIN(1,Q114)))^2/$B$5))))<0.000000001,0,R114-$B$11/$B$9*((MAX(0,MIN(1,R114))^2/(MAX(0,MIN(1,R114))^2+(1-MAX(0,MIN(1,R114)))^2/$B$5))-(MAX(0,MIN(1,Q114))^2/(MAX(0,MIN(1,Q114))^2+(1-MAX(0,MIN(1,Q114)))^2/$B$5)))) -> 0.88351115 | S115: =IF(ABS(S114-$B$11/$B$9*((MAX(0,MIN(1,S114))^2/(MAX(0,MIN(1,S114))^2+(1-MAX(0,MIN(1,S114)))^2/$B$5))-(MAX(0,MIN(1,R114))^2/(MAX(0,MIN(1,R114))^2+(1-MAX(0,MIN(1,R114)))^2/$B$5))))<0.000000001,0,S114-$B$11/$B$9*((MAX(0,MIN(1,S114))^2/(MAX(0,MIN(1,S114))^2+(1-MAX(0,MIN(1,S114)))^2/$B$5))-(MAX(0,MIN(1,R114))^2/(MAX(0,MIN(1,R114))^2+(1-MAX(0,MIN(1,R114)))^2/$B$5)))) -> 0.87141815 | T115: =IF(ABS(T114-$B$11/$B$9*((MAX(0,MIN(1,T114))^2/(MAX(0,MIN(1,T114))^2+(1-MAX(0,MIN(1,T114)))^2/$B$5))-(MAX(0,MIN(1,S114))^2/(MAX(0,MIN(1,S114))^2+(1-MAX(0,MIN(1,S114)))^2/$B$5))))<0.000000001,0,T114-$B$11/$B$9*((MAX(0,MIN(1,T114))^2/(MAX(0,MIN(1,T114))^2+(1-MAX(0,MIN(1,T114)))^2/$B$5))-(MAX(0,MIN(1,S114))^2/(MAX(0,MIN(1,S114))^2+(1-MAX(0,MIN(1,S114)))^2/$B$5)))) -> 0.86005702 | U115: =IF(ABS(U114-$B$11/$B$9*((MAX(0,MIN(1,U114))^2/(MAX(0,MIN(1,U114))^2+(1-MAX(0,MIN(1,U114)))^2/$B$5))-(MAX(0,MIN(1,T114))^2/(MAX(0,MIN(1,T114))^2+(1-MAX(0,MIN(1,T114)))^2/$B$5))))<0.000000001,0,U114-$B$11/$B$9*((MAX(0,MIN(1,U114))^2/(MAX(0,MIN(1,U114))^2+(1-MAX(0,MIN(1,U114)))^2/$B$5))-(MAX(0,MIN(1,T114))^2/(MAX(0,MIN(1,T114))^2+(1-MAX(0,MIN(1,T114)))^2/$B$5)))) -> 0.84932692 | ... AF115: =IF(ABS(AF114-$B$11/$B$9*((MAX(0,MIN(1,AF114))^2/(MAX(0,MIN(1,AF114))^2+(1-MAX(0,MIN(1,AF114)))^2/$B$5))-(MAX(0,MIN(1,AE114))^2/(MAX(0,MIN(1,AE114))^2+(1-MAX(0,MIN(1,AE114)))^2/$B$5))))<0.000000001,0,AF114-$B$11/$B$9*((MAX(0,MIN(1,AF114))^2/(MAX(0,MIN(1,AF114))^2+(1-MAX(0,MIN(1,AF114)))^2/$B$5))-(MAX(0,MIN(1,AE114))^2/(MAX(0,MIN(1,AE114))^2+(1-MAX(0,MIN(1,AE114)))^2/$B$5)))) -> 0.75748541
L116: 106 | M116: =IF(ABS(M115-$B$11/$B$9*((MAX(0,MIN(1,M115))^2/(MAX(0,MIN(1,M115))^2+(1-MAX(0,MIN(1,M115)))^2/$B$5))-(MAX(0,MIN(1,1))^2/(MAX(0,MIN(1,1))^2+(1-MAX(0,MIN(1,1)))^2/$B$5))))<0.000000001,0,M115-$B$11/$B$9*((MAX(0,MIN(1,M115))^2/(MAX(0,MIN(1,M115))^2+(1-MAX(0,MIN(1,M115)))^2/$B$5))-(MAX(0,MIN(1,1))^2/(MAX(0,MIN(1,1))^2+(1-MAX(0,MIN(1,1)))^2/$B$5)))) -> 0.96335122 | N116: =IF(ABS(N115-$B$11/$B$9*((MAX(0,MIN(1,N115))^2/(MAX(0,MIN(1,N115))^2+(1-MAX(0,MIN(1,N115)))^2/$B$5))-(MAX(0,MIN(1,M115))^2/(MAX(0,MIN(1,M115))^2+(1-MAX(0,MIN(1,M115)))^2/$B$5))))<0.000000001,0,N115-$B$11/$B$9*((MAX(0,MIN(1,N115))^2/(MAX(0,MIN(1,N115))^2+(1-MAX(0,MIN(1,N115)))^2/$B$5))-(MAX(0,MIN(1,M115))^2/(MAX(0,MIN(1,M115))^2+(1-MAX(0,MIN(1,M115)))^2/$B$5)))) -> 0.94337057 | O116: =IF(ABS(O115-$B$11/$B$9*((MAX(0,MIN(1,O115))^2/(MAX(0,MIN(1,O115))^2+(1-MAX(0,MIN(1,O115)))^2/$B$5))-(MAX(0,MIN(1,N115))^2/(MAX(0,MIN(1,N115))^2+(1-MAX(0,MIN(1,N115)))^2/$B$5))))<0.000000001,0,O115-$B$11/$B$9*((MAX(0,MIN(1,O115))^2/(MAX(0,MIN(1,O115))^2+(1-MAX(0,MIN(1,O115)))^2/$B$5))-(MAX(0,MIN(1,N115))^2/(MAX(0,MIN(1,N115))^2+(1-MAX(0,MIN(1,N115)))^2/$B$5)))) -> 0.92633463 | P116: =IF(ABS(P115-$B$11/$B$9*((MAX(0,MIN(1,P115))^2/(MAX(0,MIN(1,P115))^2+(1-MAX(0,MIN(1,P115)))^2/$B$5))-(MAX(0,MIN(1,O115))^2/(MAX(0,MIN(1,O115))^2+(1-MAX(0,MIN(1,O115)))^2/$B$5))))<0.000000001,0,P115-$B$11/$B$9*((MAX(0,MIN(1,P115))^2/(MAX(0,MIN(1,P115))^2+(1-MAX(0,MIN(1,P115)))^2/$B$5))-(MAX(0,MIN(1,O115))^2/(MAX(0,MIN(1,O115))^2+(1-MAX(0,MIN(1,O115)))^2/$B$5)))) -> 0.91109354 | Q116: =IF(ABS(Q115-$B$11/$B$9*((MAX(0,MIN(1,Q115))^2/(MAX(0,MIN(1,Q115))^2+(1-MAX(0,MIN(1,Q115)))^2/$B$5))-(MAX(0,MIN(1,P115))^2/(MAX(0,MIN(1,P115))^2+(1-MAX(0,MIN(1,P115)))^2/$B$5))))<0.000000001,0,Q115-$B$11/$B$9*((MAX(0,MIN(1,Q115))^2/(MAX(0,MIN(1,Q115))^2+(1-MAX(0,MIN(1,Q115)))^2/$B$5))-(MAX(0,MIN(1,P115))^2/(MAX(0,MIN(1,P115))^2+(1-MAX(0,MIN(1,P115)))^2/$B$5)))) -> 0.89716598 | R116: =IF(ABS(R115-$B$11/$B$9*((MAX(0,MIN(1,R115))^2/(MAX(0,MIN(1,R115))^2+(1-MAX(0,MIN(1,R115)))^2/$B$5))-(MAX(0,MIN(1,Q115))^2/(MAX(0,MIN(1,Q115))^2+(1-MAX(0,MIN(1,Q115)))^2/$B$5))))<0.000000001,0,R115-$B$11/$B$9*((MAX(0,MIN(1,R115))^2/(MAX(0,MIN(1,R115))^2+(1-MAX(0,MIN(1,R115)))^2/$B$5))-(MAX(0,MIN(1,Q115))^2/(MAX(0,MIN(1,Q115))^2+(1-MAX(0,MIN(1,Q115)))^2/$B$5)))) -> 0.8842773 | S116: =IF(ABS(S115-$B$11/$B$9*((MAX(0,MIN(1,S115))^2/(MAX(0,MIN(1,S115))^2+(1-MAX(0,MIN(1,S115)))^2/$B$5))-(MAX(0,MIN(1,R115))^2/(MAX(0,MIN(1,R115))^2+(1-MAX(0,MIN(1,R115)))^2/$B$5))))<0.000000001,0,S115-$B$11/$B$9*((MAX(0,MIN(1,S115))^2/(MAX(0,MIN(1,S115))^2+(1-MAX(0,MIN(1,S115)))^2/$B$5))-(MAX(0,MIN(1,R115))^2/(MAX(0,MIN(1,R115))^2+(1-MAX(0,MIN(1,R115)))^2/$B$5)))) -> 0.87224565 | T116: =IF(ABS(T115-$B$11/$B$9*((MAX(0,MIN(1,T115))^2/(MAX(0,MIN(1,T115))^2+(1-MAX(0,MIN(1,T115)))^2/$B$5))-(MAX(0,MIN(1,S115))^2/(MAX(0,MIN(1,S115))^2+(1-MAX(0,MIN(1,S115)))^2/$B$5))))<0.000000001,0,T115-$B$11/$B$9*((MAX(0,MIN(1,T115))^2/(MAX(0,MIN(1,T115))^2+(1-MAX(0,MIN(1,T115)))^2/$B$5))-(MAX(0,MIN(1,S115))^2/(MAX(0,MIN(1,S115))^2+(1-MAX(0,MIN(1,S115)))^2/$B$5)))) -> 0.86093989 | U116: =IF(ABS(U115-$B$11/$B$9*((MAX(0,MIN(1,U115))^2/(MAX(0,MIN(1,U115))^2+(1-MAX(0,MIN(1,U115)))^2/$B$5))-(MAX(0,MIN(1,T115))^2/(MAX(0,MIN(1,T115))^2+(1-MAX(0,MIN(1,T115)))^2/$B$5))))<0.000000001,0,U115-$B$11/$B$9*((MAX(0,MIN(1,U115))^2/(MAX(0,MIN(1,U115))^2+(1-MAX(0,MIN(1,U115)))^2/$B$5))-(MAX(0,MIN(1,T115))^2/(MAX(0,MIN(1,T115))^2+(1-MAX(0,MIN(1,T115)))^2/$B$5)))) -> 0.85026026 | ... AF116: =IF(ABS(AF115-$B$11/$B$9*((MAX(0,MIN(1,AF115))^2/(MAX(0,MIN(1,AF115))^2+(1-MAX(0,MIN(1,AF115)))^2/$B$5))-(MAX(0,MIN(1,AE115))^2/(MAX(0,MIN(1,AE115))^2+(1-MAX(0,MIN(1,AE115)))^2/$B$5))))<0.000000001,0,AF115-$B$11/$B$9*((MAX(0,MIN(1,AF115))^2/(MAX(0,MIN(1,AF115))^2+(1-MAX(0,MIN(1,AF115)))^2/$B$5))-(MAX(0,MIN(1,AE115))^2/(MAX(0,MIN(1,AE115))^2+(1-MAX(0,MIN(1,AE115)))^2/$B$5)))) -> 0.75880724
L117: 107 | M117: =IF(ABS(M116-$B$11/$B$9*((MAX(0,MIN(1,M116))^2/(MAX(0,MIN(1,M116))^2+(1-MAX(0,MIN(1,M116)))^2/$B$5))-(MAX(0,MIN(1,1))^2/(MAX(0,MIN(1,1))^2+(1-MAX(0,MIN(1,1)))^2/$B$5))))<0.000000001,0,M116-$B$11/$B$9*((MAX(0,MIN(1,M116))^2/(MAX(0,MIN(1,M116))^2+(1-MAX(0,MIN(1,M116)))^2/$B$5))-(MAX(0,MIN(1,1))^2/(MAX(0,MIN(1,1))^2+(1-MAX(0,MIN(1,1)))^2/$B$5)))) -> 0.96362928 | N117: =IF(ABS(N116-$B$11/$B$9*((MAX(0,MIN(1,N116))^2/(MAX(0,MIN(1,N116))^2+(1-MAX(0,MIN(1,N116)))^2/$B$5))-(MAX(0,MIN(1,M116))^2/(MAX(0,MIN(1,M116))^2+(1-MAX(0,MIN(1,M116)))^2/$B$5))))<0.000000001,0,N116-$B$11/$B$9*((MAX(0,MIN(1,N116))^2/(MAX(0,MIN(1,N116))^2+(1-MAX(0,MIN(1,N116)))^2/$B$5))-(MAX(0,MIN(1,M116))^2/(MAX(0,MIN(1,M116))^2+(1-MAX(0,MIN(1,M116)))^2/$B$5)))) -> 0.94378409 | O117: =IF(ABS(O116-$B$11/$B$9*((MAX(0,MIN(1,O116))^2/(MAX(0,MIN(1,O116))^2+(1-MAX(0,MIN(1,O116)))^2/$B$5))-(MAX(0,MIN(1,N116))^2/(MAX(0,MIN(1,N116))^2+(1-MAX(0,MIN(1,N116)))^2/$B$5))))<0.000000001,0,O116-$B$11/$B$9*((MAX(0,MIN(1,O116))^2/(MAX(0,MIN(1,O116))^2+(1-MAX(0,MIN(1,O116)))^2/$B$5))-(MAX(0,MIN(1,N116))^2/(MAX(0,MIN(1,N116))^2+(1-MAX(0,MIN(1,N116)))^2/$B$5)))) -> 0.9268551 | P117: =IF(ABS(P116-$B$11/$B$9*((MAX(0,MIN(1,P116))^2/(MAX(0,MIN(1,P116))^2+(1-MAX(0,MIN(1,P116)))^2/$B$5))-(MAX(0,MIN(1,O116))^2/(MAX(0,MIN(1,O116))^2+(1-MAX(0,MIN(1,O116)))^2/$B$5))))<0.000000001,0,P116-$B$11/$B$9*((MAX(0,MIN(1,P116))^2/(MAX(0,MIN(1,P116))^2+(1-MAX(0,MIN(1,P116)))^2/$B$5))-(MAX(0,MIN(1,O116))^2/(MAX(0,MIN(1,O116))^2+(1-MAX(0,MIN(1,O116)))^2/$B$5)))) -> 0.91170362 | Q117: =IF(ABS(Q116-$B$11/$B$9*((MAX(0,MIN(1,Q116))^2/(MAX(0,MIN(1,Q116))^2+(1-MAX(0,MIN(1,Q116)))^2/$B$5))-(MAX(0,MIN(1,P116))^2/(MAX(0,MIN(1,P116))^2+(1-MAX(0,MIN(1,P116)))^2/$B$5))))<0.000000001,0,Q116-$B$11/$B$9*((MAX(0,MIN(1,Q116))^2/(MAX(0,MIN(1,Q116))^2+(1-MAX(0,MIN(1,Q116)))^2/$B$5))-(MAX(0,MIN(1,P116))^2/(MAX(0,MIN(1,P116))^2+(1-MAX(0,MIN(1,P116)))^2/$B$5)))) -> 0.89785334 | R117: =IF(ABS(R116-$B$11/$B$9*((MAX(0,MIN(1,R116))^2/(MAX(0,MIN(1,R116))^2+(1-MAX(0,MIN(1,R116)))^2/$B$5))-(MAX(0,MIN(1,Q116))^2/(MAX(0,MIN(1,Q116))^2+(1-MAX(0,MIN(1,Q116)))^2/$B$5))))<0.000000001,0,R116-$B$11/$B$9*((MAX(0,MIN(1,R116))^2/(MAX(0,MIN(1,R116))^2+(1-MAX(0,MIN(1,R116)))^2/$B$5))-(MAX(0,MIN(1,Q116))^2/(MAX(0,MIN(1,Q116))^2+(1-MAX(0,MIN(1,Q116)))^2/$B$5)))) -> 0.88503263 | S117: =IF(ABS(S116-$B$11/$B$9*((MAX(0,MIN(1,S116))^2/(MAX(0,MIN(1,S116))^2+(1-MAX(0,MIN(1,S116)))^2/$B$5))-(MAX(0,MIN(1,R116))^2/(MAX(0,MIN(1,R116))^2+(1-MAX(0,MIN(1,R116)))^2/$B$5))))<0.000000001,0,S116-$B$11/$B$9*((MAX(0,MIN(1,S116))^2/(MAX(0,MIN(1,S116))^2+(1-MAX(0,MIN(1,S116)))^2/$B$5))-(MAX(0,MIN(1,R116))^2/(MAX(0,MIN(1,R116))^2+(1-MAX(0,MIN(1,R116)))^2/$B$5)))) -> 0.8730616 | T117: =IF(ABS(T116-$B$11/$B$9*((MAX(0,MIN(1,T116))^2/(MAX(0,MIN(1,T116))^2+(1-MAX(0,MIN(1,T116)))^2/$B$5))-(MAX(0,MIN(1,S116))^2/(MAX(0,MIN(1,S116))^2+(1-MAX(0,MIN(1,S116)))^2/$B$5))))<0.000000001,0,T116-$B$11/$B$9*((MAX(0,MIN(1,T116))^2/(MAX(0,MIN(1,T116))^2+(1-MAX(0,MIN(1,T116)))^2/$B$5))-(MAX(0,MIN(1,S116))^2/(MAX(0,MIN(1,S116))^2+(1-MAX(0,MIN(1,S116)))^2/$B$5)))) -> 0.86181057 | U117: =IF(ABS(U116-$B$11/$B$9*((MAX(0,MIN(1,U116))^2/(MAX(0,MIN(1,U116))^2+(1-MAX(0,MIN(1,U116)))^2/$B$5))-(MAX(0,MIN(1,T116))^2/(MAX(0,MIN(1,T116))^2+(1-MAX(0,MIN(1,T116)))^2/$B$5))))<0.000000001,0,U116-$B$11/$B$9*((MAX(0,MIN(1,U116))^2/(MAX(0,MIN(1,U116))^2+(1-MAX(0,MIN(1,U116)))^2/$B$5))-(MAX(0,MIN(1,T116))^2/(MAX(0,MIN(1,T116))^2+(1-MAX(0,MIN(1,T116)))^2/$B$5)))) -> 0.85118085 | ... AF117: =IF(ABS(AF116-$B$11/$B$9*((MAX(0,MIN(1,AF116))^2/(MAX(0,MIN(1,AF116))^2+(1-MAX(0,MIN(1,AF116)))^2/$B$5))-(MAX(0,MIN(1,AE116))^2/(MAX(0,MIN(1,AE116))^2+(1-MAX(0,MIN(1,AE116)))^2/$B$5))))<0.000000001,0,AF116-$B$11/$B$9*((MAX(0,MIN(1,AF116))^2/(MAX(0,MIN(1,AF116))^2+(1-MAX(0,MIN(1,AF116)))^2/$B$5))-(MAX(0,MIN(1,AE116))^2/(MAX(0,MIN(1,AE116))^2+(1-MAX(0,MIN(1,AE116)))^2/$B$5)))) -> 0.7601115
... L259: 249 | M259: =IF(ABS(M258-$B$11/$B$9*((MAX(0,MIN(1,M258))^2/(MAX(0,MIN(1,M258))^2+(1-MAX(0,MIN(1,M258)))^2/$B$5))-(MAX(0,MIN(1,1))^2/(MAX(0,MIN(1,1))^2+(1-MAX(0,MIN(1,1)))^2/$B$5))))<0.000000001,0,M258-$B$11/$B$9*((MAX(0,MIN(1,M258))^2/(MAX(0,MIN(1,M258))^2+(1-MAX(0,MIN(1,M258)))^2/$B$5))-(MAX(0,MIN(1,1))^2/(MAX(0,MIN(1,1))^2+(1-MAX(0,MIN(1,1)))^2/$B$5)))) -> 0.98225233 | N259: =IF(ABS(N258-$B$11/$B$9*((MAX(0,MIN(1,N258))^2/(MAX(0,MIN(1,N258))^2+(1-MAX(0,MIN(1,N258)))^2/$B$5))-(MAX(0,MIN(1,M258))^2/(MAX(0,MIN(1,M258))^2+(1-MAX(0,MIN(1,M258)))^2/$B$5))))<0.000000001,0,N258-$B$11/$B$9*((MAX(0,MIN(1,N258))^2/(MAX(0,MIN(1,N258))^2+(1-MAX(0,MIN(1,N258)))^2/$B$5))-(MAX(0,MIN(1,M258))^2/(MAX(0,MIN(1,M258))^2+(1-MAX(0,MIN(1,M258)))^2/$B$5)))) -> 0.97198555 | O259: =IF(ABS(O258-$B$11/$B$9*((MAX(0,MIN(1,O258))^2/(MAX(0,MIN(1,O258))^2+(1-MAX(0,MIN(1,O258)))^2/$B$5))-(MAX(0,MIN(1,N258))^2/(MAX(0,MIN(1,N258))^2+(1-MAX(0,MIN(1,N258)))^2/$B$5))))<0.000000001,0,O258-$B$11/$B$9*((MAX(0,MIN(1,O258))^2/(MAX(0,MIN(1,O258))^2+(1-MAX(0,MIN(1,O258)))^2/$B$5))-(MAX(0,MIN(1,N258))^2/(MAX(0,MIN(1,N258))^2+(1-MAX(0,MIN(1,N258)))^2/$B$5)))) -> 0.96288435 | P259: =IF(ABS(P258-$B$11/$B$9*((MAX(0,MIN(1,P258))^2/(MAX(0,MIN(1,P258))^2+(1-MAX(0,MIN(1,P258)))^2/$B$5))-(MAX(0,MIN(1,O258))^2/(MAX(0,MIN(1,O258))^2+(1-MAX(0,MIN(1,O258)))^2/$B$5))))<0.000000001,0,P258-$B$11/$B$9*((MAX(0,MIN(1,P258))^2/(MAX(0,MIN(1,P258))^2+(1-MAX(0,MIN(1,P258)))^2/$B$5))-(MAX(0,MIN(1,O258))^2/(MAX(0,MIN(1,O258))^2+(1-MAX(0,MIN(1,O258)))^2/$B$5)))) -> 0.95447372 | Q259: =IF(ABS(Q258-$B$11/$B$9*((MAX(0,MIN(1,Q258))^2/(MAX(0,MIN(1,Q258))^2+(1-MAX(0,MIN(1,Q258)))^2/$B$5))-(MAX(0,MIN(1,P258))^2/(MAX(0,MIN(1,P258))^2+(1-MAX(0,MIN(1,P258)))^2/$B$5))))<0.000000001,0,Q258-$B$11/$B$9*((MAX(0,MIN(1,Q258))^2/(MAX(0,MIN(1,Q258))^2+(1-MAX(0,MIN(1,Q258)))^2/$B$5))-(MAX(0,MIN(1,P258))^2/(MAX(0,MIN(1,P258))^2+(1-MAX(0,MIN(1,P258)))^2/$B$5)))) -> 0.94657091 | R259: =IF(ABS(R258-$B$11/$B$9*((MAX(0,MIN(1,R258))^2/(MAX(0,MIN(1,R258))^2+(1-MAX(0,MIN(1,R258)))^2/$B$5))-(MAX(0,MIN(1,Q258))^2/(MAX(0,MIN(1,Q258))^2+(1-MAX(0,MIN(1,Q258)))^2/$B$5))))<0.000000001,0,R258-$B$11/$B$9*((MAX(0,MIN(1,R258))^2/(MAX(0,MIN(1,R258))^2+(1-MAX(0,MIN(1,R258)))^2/$B$5))-(MAX(0,MIN(1,Q258))^2/(MAX(0,MIN(1,Q258))^2+(1-MAX(0,MIN(1,Q258)))^2/$B$5)))) -> 0.93907787 | S259: =IF(ABS(S258-$B$11/$B$9*((MAX(0,MIN(1,S258))^2/(MAX(0,MIN(1,S258))^2+(1-MAX(0,MIN(1,S258)))^2/$B$5))-(MAX(0,MIN(1,R258))^2/(MAX(0,MIN(1,R258))^2+(1-MAX(0,MIN(1,R258)))^2/$B$5))))<0.000000001,0,S258-$B$11/$B$9*((MAX(0,MIN(1,S258))^2/(MAX(0,MIN(1,S258))^2+(1-MAX(0,MIN(1,S258)))^2/$B$5))-(MAX(0,MIN(1,R258))^2/(MAX(0,MIN(1,R258))^2+(1-MAX(0,MIN(1,R258)))^2/$B$5)))) -> 0.93193207 | T259: =IF(ABS(T258-$B$11/$B$9*((MAX(0,MIN(1,T258))^2/(MAX(0,MIN(1,T258))^2+(1-MAX(0,MIN(1,T258)))^2/$B$5))-(MAX(0,MIN(1,S258))^2/(MAX(0,MIN(1,S258))^2+(1-MAX(0,MIN(1,S258)))^2/$B$5))))<0.000000001,0,T258-$B$11/$B$9*((MAX(0,MIN(1,T258))^2/(MAX(0,MIN(1,T258))^2+(1-MAX(0,MIN(1,T258)))^2/$B$5))-(MAX(0,MIN(1,S258))^2/(MAX(0,MIN(1,S258))^2+(1-MAX(0,MIN(1,S258)))^2/$B$5)))) -> 0.92508924 | U259: =IF(ABS(U258-$B$11/$B$9*((MAX(0,MIN(1,U258))^2/(MAX(0,MIN(1,U258))^2+(1-MAX(0,MIN(1,U258)))^2/$B$5))-(MAX(0,MIN(1,T258))^2/(MAX(0,MIN(1,T258))^2+(1-MAX(0,MIN(1,T258)))^2/$B$5))))<0.000000001,0,U258-$B$11/$B$9*((MAX(0,MIN(1,U258))^2/(MAX(0,MIN(1,U258))^2+(1-MAX(0,MIN(1,U258)))^2/$B$5))-(MAX(0,MIN(1,T258))^2/(MAX(0,MIN(1,T258))^2+(1-MAX(0,MIN(1,T258)))^2/$B$5)))) -> 0.91851583 | ... AF259: =IF(ABS(AF258-$B$11/$B$9*((MAX(0,MIN(1,AF258))^2/(MAX(0,MIN(1,AF258))^2+(1-MAX(0,MIN(1,AF258)))^2/$B$5))-(MAX(0,MIN(1,AE258))^2/(MAX(0,MIN(1,AE258))^2+(1-MAX(0,MIN(1,AE258)))^2/$B$5))))<0.000000001,0,AF258-$B$11/$B$9*((MAX(0,MIN(1,AF258))^2/(MAX(0,MIN(1,AF258))^2+(1-MAX(0,MIN(1,AF258)))^2/$B$5))-(MAX(0,MIN(1,AE258))^2/(MAX(0,MIN(1,AE258))^2+(1-MAX(0,MIN(1,AE258)))^2/$B$5)))) -> 0.85865952
