Workbook

Sheet Parametros
A1: Control de calidad de una serie de producción y ajuste de declinación
A2: Datos de ejemplo (sintéticos) con fines didácticos. Celdas azules sobre fondo crema = entradas editables; el resto son fórmulas.
A4: Parámetro | B4: Valor | C4: Detalle
A5: Ventana de la mediana móvil (días, impar) | B5: 7 | C5: Fija en 7 en las fórmulas de la hoja Serie
A6: Umbral en desvíos robustos (MAD) | B6: 3
A7: Días de entrenamiento del ajuste | B7: 70
A9: Serie sintética: declinación exponencial con ruido y siete datos erróneos insertados (cero, picos y un valor bajo). La columna "Error real" marca los datos modificados.

Sheet Serie
A1: Serie diaria y detección con mediana móvil y MAD
A2: Datos de ejemplo (sintéticos) con fines didácticos. Celdas azules sobre fondo crema = entradas editables; el resto son fórmulas.
A4: Día | B4: Caudal (bbl/d) | C4: Mediana móvil 7 d | D4: Residuo | E4: |Residuo − mediana residuos| | F4: Puntaje (desvíos robustos) | G4: Marcado (1/0) | H4: Error real (1/0) | I4: Acierto
A5: 1 | B5: 832.9 | C5: =MEDIAN(INDEX($B$5:$B$94,MAX(1,A5-3)):INDEX($B$5:$B$94,MIN(90,A5+3))) -> 838.35 | D5: =B5-C5 -> -5.45 | E5: =ABS(D5-MEDIAN($D$5:$D$94)) -> 5.45 | F5: =E5/(1.4826*MEDIAN($E$5:$E$94)) -> 0.5612175 | G5: =IF(F5>Parametros!$B$6,1,0) -> 0 | H5: 0 | I5: =IF(AND(G5=1,H5=1),"VP",IF(G5=1,"Falsa alarma",IF(H5=1,"No detectado","")))
A6: 2 | B6: 845.1 | C6: =MEDIAN(INDEX($B$5:$B$94,MAX(1,A6-3)):INDEX($B$5:$B$94,MIN(90,A6+3))) -> 832.9 | D6: =B6-C6 -> 12.2 | E6: =ABS(D6-MEDIAN($D$5:$D$94)) -> 12.2 | F6: =E6/(1.4826*MEDIAN($E$5:$E$94)) -> 1.2563034 | G6: =IF(F6>Parametros!$B$6,1,0) -> 0 | H6: 0 | I6: =IF(AND(G6=1,H6=1),"VP",IF(G6=1,"Falsa alarma",IF(H6=1,"No detectado","")))
A7: 3 | B7: 843.8 | C7: =MEDIAN(INDEX($B$5:$B$94,MAX(1,A7-3)):INDEX($B$5:$B$94,MIN(90,A7+3))) -> 822.85 | D7: =B7-C7 -> 20.95 | E7: =ABS(D7-MEDIAN($D$5:$D$94)) -> 20.95 | F7: =E7/(1.4826*MEDIAN($E$5:$E$94)) -> 2.1573407 | G7: =IF(F7>Parametros!$B$6,1,0) -> 0 | H7: 0 | I7: =IF(AND(G7=1,H7=1),"VP",IF(G7=1,"Falsa alarma",IF(H7=1,"No detectado","")))
A8: 4 | B8: 812.8 | C8: =MEDIAN(INDEX($B$5:$B$94,MAX(1,A8-3)):INDEX($B$5:$B$94,MIN(90,A8+3))) -> 812.8 | D8: =B8-C8 -> 0 | E8: =ABS(D8-MEDIAN($D$5:$D$94)) -> 0 | F8: =E8/(1.4826*MEDIAN($E$5:$E$94)) -> 0 | G8: =IF(F8>Parametros!$B$6,1,0) -> 0 | H8: 0 | I8: =IF(AND(G8=1,H8=1),"VP",IF(G8=1,"Falsa alarma",IF(H8=1,"No detectado","")))
A9: 5 | B9: 791.6 | C9: =MEDIAN(INDEX($B$5:$B$94,MAX(1,A9-3)):INDEX($B$5:$B$94,MIN(90,A9+3))) -> 799.6 | D9: =B9-C9 -> -8 | E9: =ABS(D9-MEDIAN($D$5:$D$94)) -> 8 | F9: =E9/(1.4826*MEDIAN($E$5:$E$94)) -> 0.82380551 | G9: =IF(F9>Parametros!$B$6,1,0) -> 0 | H9: 0 | I9: =IF(AND(G9=1,H9=1),"VP",IF(G9=1,"Falsa alarma",IF(H9=1,"No detectado","")))
A10: 6 | B10: 799.6 | C10: =MEDIAN(INDEX($B$5:$B$94,MAX(1,A10-3)):INDEX($B$5:$B$94,MIN(90,A10+3))) -> 797.6 | D10: =B10-C10 -> 2 | E10: =ABS(D10-MEDIAN($D$5:$D$94)) -> 2 | F10: =E10/(1.4826*MEDIAN($E$5:$E$94)) -> 0.20595138 | G10: =IF(F10>Parametros!$B$6,1,0) -> 0 | H10: 0 | I10: =IF(AND(G10=1,H10=1),"VP",IF(G10=1,"Falsa alarma",IF(H10=1,"No detectado","")))
A11: 7 | B11: 797.6 | C11: =MEDIAN(INDEX($B$5:$B$94,MAX(1,A11-3)):INDEX($B$5:$B$94,MIN(90,A11+3))) -> 796.9 | D11: =B11-C11 -> 0.7 | E11: =ABS(D11-MEDIAN($D$5:$D$94)) -> 0.7 | F11: =E11/(1.4826*MEDIAN($E$5:$E$94)) -> 0.072082982 | G11: =IF(F11>Parametros!$B$6,1,0) -> 0 | H11: 0 | I11: =IF(AND(G11=1,H11=1),"VP",IF(G11=1,"Falsa alarma",IF(H11=1,"No detectado","")))
A12: 8 | B12: 796.9 | C12: =MEDIAN(INDEX($B$5:$B$94,MAX(1,A12-3)):INDEX($B$5:$B$94,MIN(90,A12+3))) -> 791.6 | D12: =B12-C12 -> 5.3 | E12: =ABS(D12-MEDIAN($D$5:$D$94)) -> 5.3 | F12: =E12/(1.4826*MEDIAN($E$5:$E$94)) -> 0.54577115 | G12: =IF(F12>Parametros!$B$6,1,0) -> 0 | H12: 0 | I12: =IF(AND(G12=1,H12=1),"VP",IF(G12=1,"Falsa alarma",IF(H12=1,"No detectado","")))
A13: 9 | B13: 755.2 | C13: =MEDIAN(INDEX($B$5:$B$94,MAX(1,A13-3)):INDEX($B$5:$B$94,MIN(90,A13+3))) -> 763.8 | D13: =B13-C13 -> -8.6 | E13: =ABS(D13-MEDIAN($D$5:$D$94)) -> 8.6 | F13: =E13/(1.4826*MEDIAN($E$5:$E$94)) -> 0.88559092 | G13: =IF(F13>Parametros!$B$6,1,0) -> 0 | H13: 0 | I13: =IF(AND(G13=1,H13=1),"VP",IF(G13=1,"Falsa alarma",IF(H13=1,"No detectado","")))
A14: 10 | B14: 744.9 | C14: =MEDIAN(INDEX($B$5:$B$94,MAX(1,A14-3)):INDEX($B$5:$B$94,MIN(90,A14+3))) -> 755.2 | D14: =B14-C14 -> -10.3 | E14: =ABS(D14-MEDIAN($D$5:$D$94)) -> 10.3 | F14: =E14/(1.4826*MEDIAN($E$5:$E$94)) -> 1.0606496 | G14: =IF(F14>Parametros!$B$6,1,0) -> 0 | H14: 0 | I14: =IF(AND(G14=1,H14=1),"VP",IF(G14=1,"Falsa alarma",IF(H14=1,"No detectado","")))
A15: 11 | B15: 763.8 | C15: =MEDIAN(INDEX($B$5:$B$94,MAX(1,A15-3)):INDEX($B$5:$B$94,MIN(90,A15+3))) -> 751.5 | D15: =B15-C15 -> 12.3 | E15: =ABS(D15-MEDIAN($D$5:$D$94)) -> 12.3 | F15: =E15/(1.4826*MEDIAN($E$5:$E$94)) -> 1.266601 | G15: =IF(F15>Parametros!$B$6,1,0) -> 0 | H15: 0 | I15: =IF(AND(G15=1,H15=1),"VP",IF(G15=1,"Falsa alarma",IF(H15=1,"No detectado","")))
A16: 12 | B16: 751.5 | C16: =MEDIAN(INDEX($B$5:$B$94,MAX(1,A16-3)):INDEX($B$5:$B$94,MIN(90,A16+3))) -> 744.9 | D16: =B16-C16 -> 6.6 | E16: =ABS(D16-MEDIAN($D$5:$D$94)) -> 6.6 | F16: =E16/(1.4826*MEDIAN($E$5:$E$94)) -> 0.67963954 | G16: =IF(F16>Parametros!$B$6,1,0) -> 0 | H16: 0 | I16: =IF(AND(G16=1,H16=1),"VP",IF(G16=1,"Falsa alarma",IF(H16=1,"No detectado","")))
... A94: 90 | B94: 317 | C94: =MEDIAN(INDEX($B$5:$B$94,MAX(1,A94-3)):INDEX($B$5:$B$94,MIN(90,A94+3))) -> 316.05 | D94: =B94-C94 -> 0.95 | E94: =ABS(D94-MEDIAN($D$5:$D$94)) -> 0.95 | F94: =E94/(1.4826*MEDIAN($E$5:$E$94)) -> 0.097826904 | G94: =IF(F94>Parametros!$B$6,1,0) -> 0 | H94: 0 | I94: =IF(AND(G94=1,H94=1),"VP",IF(G94=1,"Falsa alarma",IF(H94=1,"No detectado","")))

Sheet Metricas
A1: Desempeño de la detección y del ajuste
A2: Datos de ejemplo (sintéticos) con fines didácticos. Celdas azules sobre fondo crema = entradas editables; el resto son fórmulas.
A4: Indicador | B4: Valor
A5: Verdaderos positivos | B5: =COUNTIF(Serie!I5:I94,"VP") -> 7
A6: Falsas alarmas | B6: =COUNTIF(Serie!I5:I94,"Falsa alarma") -> 3
A7: No detectados | B7: =COUNTIF(Serie!I5:I94,"No detectado") -> 0
A8: Precisión | B8: =IF(B5+B6=0,0,B5/(B5+B6)) -> 0.7
A9: Recall (sensibilidad) | B9: =IF(B5+B7=0,0,B5/(B5+B7)) -> 1

Sheet Ajuste
A1: Ajuste exponencial de declinación: con y sin los datos marcados
A2: Datos de ejemplo (sintéticos) con fines didácticos. Celdas azules sobre fondo crema = entradas editables; el resto son fórmulas.
A4: Día | B4: ln q (sin cero) | C4: Peso: todos | D4: Peso: sin marcados | E4: Entrena (1/0) | F4: q ajustado (todos) | G4: q ajustado (limpio) | H4: Real y no marcado (1/0)
A5: =Serie!A5 -> 1 | B5: =LN(MAX(Serie!B5,1)) -> 6.7249136 | C5: =IF(A5<=Parametros!$B$7,1,0) -> 1 | D5: =IF(A5<=Parametros!$B$7,1-Serie!G5,0) -> 1 | E5: =C5 -> 1 | F5: =EXP($K$7+$K$8*A5) -> 626.86791 | G5: =EXP($L$7+$L$8*A5) -> 844.11176 | H5: =IF(AND(A5>Parametros!$B$7,Serie!G5=0),1,0) -> 0 | J5: Regresión ponderada de ln q contra el día
A6: =Serie!A6 -> 2 | B6: =LN(MAX(Serie!B6,1)) -> 6.739455 | C6: =IF(A6<=Parametros!$B$7,1,0) -> 1 | D6: =IF(A6<=Parametros!$B$7,1-Serie!G6,0) -> 1 | E6: =C6 -> 1 | F6: =EXP($K$7+$K$8*A6) -> 622.04839 | G6: =EXP($L$7+$L$8*A6) -> 834.24525 | H6: =IF(AND(A6>Parametros!$B$7,Serie!G6=0),1,0) -> 0 | K6: Con todos los datos | L6: Sin marcados
A7: =Serie!A7 -> 3 | B7: =LN(MAX(Serie!B7,1)) -> 6.7379155 | C7: =IF(A7<=Parametros!$B$7,1,0) -> 1 | D7: =IF(A7<=Parametros!$B$7,1-Serie!G7,0) -> 1 | E7: =C7 -> 1 | F7: =EXP($K$7+$K$8*A7) -> 617.26591 | G7: =EXP($L$7+$L$8*A7) -> 824.49406 | H7: =IF(AND(A7>Parametros!$B$7,Serie!G7=0),1,0) -> 0 | J7: Intercepto | K7: =(SUMPRODUCT(C5:C94,B5:B94)-K8*SUMPRODUCT(C5:C94,A5:A94))/SUM(C5:C94) -> 6.4484538 | L7: =(SUMPRODUCT(D5:D94,B5:B94)-L8*SUMPRODUCT(D5:D94,A5:A94))/SUM(D5:D94) -> 6.7500424
A8: =Serie!A8 -> 4 | B8: =LN(MAX(Serie!B8,1)) -> 6.7004851 | C8: =IF(A8<=Parametros!$B$7,1,0) -> 1 | D8: =IF(A8<=Parametros!$B$7,1-Serie!G8,0) -> 1 | E8: =C8 -> 1 | F8: =EXP($K$7+$K$8*A8) -> 612.52021 | G8: =EXP($L$7+$L$8*A8) -> 814.85685 | H8: =IF(AND(A8>Parametros!$B$7,Serie!G8=0),1,0) -> 0 | J8: Pendiente (−Di por día) | K8: =(SUM(C5:C94)*SUMPRODUCT(C5:C94,A5:A94,B5:B94)-SUMPRODUCT(C5:C94,A5:A94)*SUMPRODUCT(C5:C94,B5:B94))/(SUM(C5:C94)*SUMPRODUCT(C5:C94,A5:A94,A5:A94)-SUMPRODUCT(C5:C94,A5:A94)^2) -> -0.0077179724 | L8: =(SUM(D5:D94)*SUMPRODUCT(D5:D94,A5:A94,B5:B94)-SUMPRODUCT(D5:D94,A5:A94)*SUMPRODUCT(D5:D94,B5:B94))/(SUM(D5:D94)*SUMPRODUCT(D5:D94,A5:A94,A5:A94)-SUMPRODUCT(D5:D94,A5:A94)^2) -> -0.011757482
A9: =Serie!A9 -> 5 | B9: =LN(MAX(Serie!B9,1)) -> 6.6740562 | C9: =IF(A9<=Parametros!$B$7,1,0) -> 1 | D9: =IF(A9<=Parametros!$B$7,1-Serie!G9,0) -> 1 | E9: =C9 -> 1 | F9: =EXP($K$7+$K$8*A9) -> 607.81099 | G9: =EXP($L$7+$L$8*A9) -> 805.33229 | H9: =IF(AND(A9>Parametros!$B$7,Serie!G9=0),1,0) -> 0
A10: =Serie!A10 -> 6 | B10: =LN(MAX(Serie!B10,1)) -> 6.6841116 | C10: =IF(A10<=Parametros!$B$7,1,0) -> 1 | D10: =IF(A10<=Parametros!$B$7,1-Serie!G10,0) -> 1 | E10: =C10 -> 1 | F10: =EXP($K$7+$K$8*A10) -> 603.13798 | G10: =EXP($L$7+$L$8*A10) -> 795.91906 | H10: =IF(AND(A10>Parametros!$B$7,Serie!G10=0),1,0) -> 0 | J10: Error en datos de prueba (días posteriores al entrenamiento, no marcados)
A11: =Serie!A11 -> 7 | B11: =LN(MAX(Serie!B11,1)) -> 6.6816072 | C11: =IF(A11<=Parametros!$B$7,1,0) -> 1 | D11: =IF(A11<=Parametros!$B$7,1-Serie!G11,0) -> 1 | E11: =C11 -> 1 | F11: =EXP($K$7+$K$8*A11) -> 598.5009 | G11: =EXP($L$7+$L$8*A11) -> 786.61585 | H11: =IF(AND(A11>Parametros!$B$7,Serie!G11=0),1,0) -> 0 | J11: RMSE (bbl/d) | K11: =SQRT(SUMPRODUCT(H5:H94,(Serie!B5:B94-F5:F94)^2)/SUM(H5:H94)) -> 11.34417 | L11: =SQRT(SUMPRODUCT(H5:H94,(Serie!B5:B94-G5:G94)^2)/SUM(H5:H94)) -> 13.076755
A12: =Serie!A12 -> 8 | B12: =LN(MAX(Serie!B12,1)) -> 6.6807292 | C12: =IF(A12<=Parametros!$B$7,1,0) -> 1 | D12: =IF(A12<=Parametros!$B$7,1-Serie!G12,0) -> 1 | E12: =C12 -> 1 | F12: =EXP($K$7+$K$8*A12) -> 593.89946 | G12: =EXP($L$7+$L$8*A12) -> 777.42139 | H12: =IF(AND(A12>Parametros!$B$7,Serie!G12=0),1,0) -> 0 | J12: Declinación anual equivalente | K12: =1-EXP(365*K8) -> 0.94021855 | L12: =1-EXP(365*L8) -> 0.98631536
A13: =Serie!A13 -> 9 | B13: =LN(MAX(Serie!B13,1)) -> 6.6269826 | C13: =IF(A13<=Parametros!$B$7,1,0) -> 1 | D13: =IF(A13<=Parametros!$B$7,1-Serie!G13,0) -> 1 | E13: =C13 -> 1 | F13: =EXP($K$7+$K$8*A13) -> 589.33341 | G13: =EXP($L$7+$L$8*A13) -> 768.3344 | H13: =IF(AND(A13>Parametros!$B$7,Serie!G13=0),1,0) -> 0
A14: =Serie!A14 -> 10 | B14: =LN(MAX(Serie!B14,1)) -> 6.61325 | C14: =IF(A14<=Parametros!$B$7,1,0) -> 1 | D14: =IF(A14<=Parametros!$B$7,1-Serie!G14,0) -> 1 | E14: =C14 -> 1 | F14: =EXP($K$7+$K$8*A14) -> 584.80245 | G14: =EXP($L$7+$L$8*A14) -> 759.35362 | H14: =IF(AND(A14>Parametros!$B$7,Serie!G14=0),1,0) -> 0 | J14: Si el ajuste con todos los datos queda muy distinto del limpio, los errores están distorsionando la declinación.
A15: =Serie!A15 -> 11 | B15: =LN(MAX(Serie!B15,1)) -> 6.638306 | C15: =IF(A15<=Parametros!$B$7,1,0) -> 1 | D15: =IF(A15<=Parametros!$B$7,1-Serie!G15,0) -> 1 | E15: =C15 -> 1 | F15: =EXP($K$7+$K$8*A15) -> 580.30634 | G15: =EXP($L$7+$L$8*A15) -> 750.47781 | H15: =IF(AND(A15>Parametros!$B$7,Serie!G15=0),1,0) -> 0
A16: =Serie!A16 -> 12 | B16: =LN(MAX(Serie!B16,1)) -> 6.6220712 | C16: =IF(A16<=Parametros!$B$7,1,0) -> 1 | D16: =IF(A16<=Parametros!$B$7,1-Serie!G16,0) -> 1 | E16: =C16 -> 1 | F16: =EXP($K$7+$K$8*A16) -> 575.84479 | G16: =EXP($L$7+$L$8*A16) -> 741.70575 | H16: =IF(AND(A16>Parametros!$B$7,Serie!G16=0),1,0) -> 0
A17: =Serie!A17 -> 13 | B17: =LN(MAX(Serie!B17,1)) -> 0 | C17: =IF(A17<=Parametros!$B$7,1,0) -> 1 | D17: =IF(A17<=Parametros!$B$7,1-Serie!G17,0) -> 0 | E17: =C17 -> 1 | F17: =EXP($K$7+$K$8*A17) -> 571.41754 | G17: =EXP($L$7+$L$8*A17) -> 733.03623 | H17: =IF(AND(A17>Parametros!$B$7,Serie!G17=0),1,0) -> 0
A18: =Serie!A18 -> 14 | B18: =LN(MAX(Serie!B18,1)) -> 6.6080006 | C18: =IF(A18<=Parametros!$B$7,1,0) -> 1 | D18: =IF(A18<=Parametros!$B$7,1-Serie!G18,0) -> 1 | E18: =C18 -> 1 | F18: =EXP($K$7+$K$8*A18) -> 567.02433 | G18: =EXP($L$7+$L$8*A18) -> 724.46803 | H18: =IF(AND(A18>Parametros!$B$7,Serie!G18=0),1,0) -> 0
A19: =Serie!A19 -> 15 | B19: =LN(MAX(Serie!B19,1)) -> 6.5752153 | C19: =IF(A19<=Parametros!$B$7,1,0) -> 1 | D19: =IF(A19<=Parametros!$B$7,1-Serie!G19,0) -> 1 | E19: =C19 -> 1 | F19: =EXP($K$7+$K$8*A19) -> 562.6649 | G19: =EXP($L$7+$L$8*A19) -> 715.99999 | H19: =IF(AND(A19>Parametros!$B$7,Serie!G19=0),1,0) -> 0
A20: =Serie!A20 -> 16 | B20: =LN(MAX(Serie!B20,1)) -> 6.5597569 | C20: =IF(A20<=Parametros!$B$7,1,0) -> 1 | D20: =IF(A20<=Parametros!$B$7,1-Serie!G20,0) -> 1 | E20: =C20 -> 1 | F20: =EXP($K$7+$K$8*A20) -> 558.33898 | G20: =EXP($L$7+$L$8*A20) -> 707.63093 | H20: =IF(AND(A20>Parametros!$B$7,Serie!G20=0),1,0) -> 0
A21: =Serie!A21 -> 17 | B21: =LN(MAX(Serie!B21,1)) -> 6.6032661 | C21: =IF(A21<=Parametros!$B$7,1,0) -> 1 | D21: =IF(A21<=Parametros!$B$7,1-Serie!G21,0) -> 0 | E21: =C21 -> 1 | F21: =EXP($K$7+$K$8*A21) -> 554.04632 | G21: =EXP($L$7+$L$8*A21) -> 699.35969 | H21: =IF(AND(A21>Parametros!$B$7,Serie!G21=0),1,0) -> 0
A22: =Serie!A22 -> 18 | B22: =LN(MAX(Serie!B22,1)) -> 6.5353864 | C22: =IF(A22<=Parametros!$B$7,1,0) -> 1 | D22: =IF(A22<=Parametros!$B$7,1-Serie!G22,0) -> 1 | E22: =C22 -> 1 | F22: =EXP($K$7+$K$8*A22) -> 549.78667 | G22: =EXP($L$7+$L$8*A22) -> 691.18513 | H22: =IF(AND(A22>Parametros!$B$7,Serie!G22=0),1,0) -> 0
A23: =Serie!A23 -> 19 | B23: =LN(MAX(Serie!B23,1)) -> 6.5130817 | C23: =IF(A23<=Parametros!$B$7,1,0) -> 1 | D23: =IF(A23<=Parametros!$B$7,1-Serie!G23,0) -> 1 | E23: =C23 -> 1 | F23: =EXP($K$7+$K$8*A23) -> 545.55976 | G23: =EXP($L$7+$L$8*A23) -> 683.10613 | H23: =IF(AND(A23>Parametros!$B$7,Serie!G23=0),1,0) -> 0
A24: =Serie!A24 -> 20 | B24: =LN(MAX(Serie!B24,1)) -> 6.4934512 | C24: =IF(A24<=Parametros!$B$7,1,0) -> 1 | D24: =IF(A24<=Parametros!$B$7,1-Serie!G24,0) -> 1 | E24: =C24 -> 1 | F24: =EXP($K$7+$K$8*A24) -> 541.36535 | G24: =EXP($L$7+$L$8*A24) -> 675.12155 | H24: =IF(AND(A24>Parametros!$B$7,Serie!G24=0),1,0) -> 0
A25: =Serie!A25 -> 21 | B25: =LN(MAX(Serie!B25,1)) -> 6.5072777 | C25: =IF(A25<=Parametros!$B$7,1,0) -> 1 | D25: =IF(A25<=Parametros!$B$7,1-Serie!G25,0) -> 1 | E25: =C25 -> 1 | F25: =EXP($K$7+$K$8*A25) -> 537.20319 | G25: =EXP($L$7+$L$8*A25) -> 667.2303 | H25: =IF(AND(A25>Parametros!$B$7,Serie!G25=0),1,0) -> 0
A26: =Serie!A26 -> 22 | B26: =LN(MAX(Serie!B26,1)) -> 6.4963224 | C26: =IF(A26<=Parametros!$B$7,1,0) -> 1 | D26: =IF(A26<=Parametros!$B$7,1-Serie!G26,0) -> 1 | E26: =C26 -> 1 | F26: =EXP($K$7+$K$8*A26) -> 533.07303 | G26: =EXP($L$7+$L$8*A26) -> 659.43129 | H26: =IF(AND(A26>Parametros!$B$7,Serie!G26=0),1,0) -> 0
... A94: =Serie!A94 -> 90 | B94: =LN(MAX(Serie!B94,1)) -> 5.7589018 | C94: =IF(A94<=Parametros!$B$7,1,0) -> 0 | D94: =IF(A94<=Parametros!$B$7,1-Serie!G94,0) -> 0 | E94: =C94 -> 0 | F94: =EXP($K$7+$K$8*A94) -> 315.39831 | G94: =EXP($L$7+$L$8*A94) -> 296.44716 | H94: =IF(AND(A94>Parametros!$B$7,Serie!G94=0),1,0) -> 1
