Workbook

Sheet Parametros
A1: Volumetría y cortes de petrofísica
A2: Datos de ejemplo (sintéticos) con fines didácticos. Celdas azules sobre fondo crema = entradas editables; el resto son fórmulas.
A4: Parámetro | B4: Valor | C4: Unidad
A5: Corte Vsh máximo | B5: 0.4 | C5: fracción
A6: Corte porosidad mínima (PHIE) | B6: 0.06 | C6: fracción
A7: Corte Sw máxima | B7: 0.6 | C7: fracción
A8: Paso de muestreo | B8: 0.5 | C8: m
A9: Área | B9: 40 | C9: km²
A10: Bo | B10: 1.35 | C10: rb/stb
A11: Factor de recuperación | B11: 0.08 | C11: fracción

Sheet Perfil
A1: Perfil sintético de pozo (datos de ejemplo)
A2: Datos de ejemplo (sintéticos) con fines didácticos. Celdas azules sobre fondo crema = entradas editables; el resto son fórmulas.
A4: Profundidad (m) | B4: Vsh | C4: PHIE | D4: Sw | E4: Pasa cortes (1/0) | F4: Espesor neto (m)
A5: 2400 | B5: 0.215 | C5: 0.074 | D5: 0.429 | E5: =IF(AND(B5<=Parametros!$B$5,C5>=Parametros!$B$6,D5<=Parametros!$B$7),1,0) -> 1 | F5: =E5*Parametros!$B$8 -> 0.5
A6: 2400.5 | B6: 0.198 | C6: 0.087 | D6: 0.349 | E6: =IF(AND(B6<=Parametros!$B$5,C6>=Parametros!$B$6,D6<=Parametros!$B$7),1,0) -> 1 | F6: =E6*Parametros!$B$8 -> 0.5
A7: 2401 | B7: 0.228 | C7: 0.083 | D7: 0.313 | E7: =IF(AND(B7<=Parametros!$B$5,C7>=Parametros!$B$6,D7<=Parametros!$B$7),1,0) -> 1 | F7: =E7*Parametros!$B$8 -> 0.5
A8: 2401.5 | B8: 0.335 | C8: 0.057 | D8: 0.435 | E8: =IF(AND(B8<=Parametros!$B$5,C8>=Parametros!$B$6,D8<=Parametros!$B$7),1,0) -> 0 | F8: =E8*Parametros!$B$8 -> 0
A9: 2402 | B9: 0.364 | C9: 0.076 | D9: 0.457 | E9: =IF(AND(B9<=Parametros!$B$5,C9>=Parametros!$B$6,D9<=Parametros!$B$7),1,0) -> 1 | F9: =E9*Parametros!$B$8 -> 0.5
A10: 2402.5 | B10: 0.353 | C10: 0.071 | D10: 0.614 | E10: =IF(AND(B10<=Parametros!$B$5,C10>=Parametros!$B$6,D10<=Parametros!$B$7),1,0) -> 0 | F10: =E10*Parametros!$B$8 -> 0
A11: 2403 | B11: 0.451 | C11: 0.053 | D11: 0.719 | E11: =IF(AND(B11<=Parametros!$B$5,C11>=Parametros!$B$6,D11<=Parametros!$B$7),1,0) -> 0 | F11: =E11*Parametros!$B$8 -> 0
A12: 2403.5 | B12: 0.37 | C12: 0.076 | D12: 0.495 | E12: =IF(AND(B12<=Parametros!$B$5,C12>=Parametros!$B$6,D12<=Parametros!$B$7),1,0) -> 1 | F12: =E12*Parametros!$B$8 -> 0.5
A13: 2404 | B13: 0.412 | C13: 0.049 | D13: 0.553 | E13: =IF(AND(B13<=Parametros!$B$5,C13>=Parametros!$B$6,D13<=Parametros!$B$7),1,0) -> 0 | F13: =E13*Parametros!$B$8 -> 0
A14: 2404.5 | B14: 0.566 | C14: 0.033 | D14: 0.756 | E14: =IF(AND(B14<=Parametros!$B$5,C14>=Parametros!$B$6,D14<=Parametros!$B$7),1,0) -> 0 | F14: =E14*Parametros!$B$8 -> 0
A15: 2405 | B15: 0.547 | C15: 0.041 | D15: 0.727 | E15: =IF(AND(B15<=Parametros!$B$5,C15>=Parametros!$B$6,D15<=Parametros!$B$7),1,0) -> 0 | F15: =E15*Parametros!$B$8 -> 0
A16: 2405.5 | B16: 0.445 | C16: 0.043 | D16: 0.565 | E16: =IF(AND(B16<=Parametros!$B$5,C16>=Parametros!$B$6,D16<=Parametros!$B$7),1,0) -> 0 | F16: =E16*Parametros!$B$8 -> 0
... A124: 2459.5 | B124: 0.401 | C124: 0.063 | D124: 0.658 | E124: =IF(AND(B124<=Parametros!$B$5,C124>=Parametros!$B$6,D124<=Parametros!$B$7),1,0) -> 0 | F124: =E124*Parametros!$B$8 -> 0

Sheet Resumen
A1: Resultados determinísticos
A2: Datos de ejemplo (sintéticos) con fines didácticos. Celdas azules sobre fondo crema = entradas editables; el resto son fórmulas.
A4: Indicador | B4: Valor | C4: Unidad
A5: Espesor bruto | B5: =COUNT(Perfil!$B$5:$B$124)*Parametros!B8 -> 60 | C5: m
A6: Espesor neto (net pay) | B6: =SUM(Perfil!F5:F124) -> 39 | C6: m
A7: Net-to-gross | B7: =IF(B5=0,0,B6/B5) -> 0.65 | C7: fracción
A8: PHIE media neta | B8: =IF(SUM(Perfil!$E$5:$E$124)=0,0,SUMPRODUCT(Perfil!$E$5:$E$124,Perfil!$C$5:$C$124)/SUM(Perfil!$E$5:$E$124)) -> 0.092 | C8: fracción
A9: Sw media neta | B9: =IF(SUM(Perfil!$E$5:$E$124)=0,0,SUMPRODUCT(Perfil!$E$5:$E$124,Perfil!$D$5:$D$124)/SUM(Perfil!$E$5:$E$124)) -> 0.31985897 | C9: fracción
A10: STOIIP | B10: =7758*Parametros!B9*247.105*B6*B8*(1-B9)/Parametros!B10/1000000 -> 138.61459 | C10: MMstb
A11: Recursos recuperables | B11: =B10*Parametros!B11 -> 11.089167 | C11: MMstb
A13: STOIIP = 7758 · A(acres) · h · φ · (1−Sw) / Bo. 1 km² = 247,105 acres. Net pay = espesor que cumple los tres cortes.

Sheet Escenarios
A1: Escenarios de cortes y rango P90 / P50 / P10
A2: Datos de ejemplo (sintéticos) con fines didácticos. Celdas azules sobre fondo crema = entradas editables; el resto son fórmulas.
A4: Escenario | B4: Vsh máx | C4: PHIE mín | D4: Sw máx | E4: Net pay (m) | F4: PHIE neta | G4: Sw neta | H4: STOIIP (MMstb) | I4: Δ vs. base
A5: Base (Parametros) | B5: =Parametros!B5 -> 0.4 | C5: =Parametros!B6 -> 0.06 | D5: =Parametros!B7 -> 0.6 | E5: =SUMPRODUCT((Perfil!$B$5:$B$124<=B5)*(Perfil!$C$5:$C$124>=C5)*(Perfil!$D$5:$D$124<=D5))*Parametros!$B$8 -> 39 | F5: =IF(E5=0,0,SUMPRODUCT((Perfil!$B$5:$B$124<=B5)*(Perfil!$C$5:$C$124>=C5)*(Perfil!$D$5:$D$124<=D5)*Perfil!$C$5:$C$124)*Parametros!$B$8/E5) -> 0.092 | G5: =IF(E5=0,0,SUMPRODUCT((Perfil!$B$5:$B$124<=B5)*(Perfil!$C$5:$C$124>=C5)*(Perfil!$D$5:$D$124<=D5)*Perfil!$D$5:$D$124)*Parametros!$B$8/E5) -> 0.31985897 | H5: =7758*Parametros!$B$9*247.105*E5*F5*(1-G5)/Parametros!$B$10/1000000 -> 138.61459 | I5: =IF($H$5=0,0,H5/$H$5-1) -> 0
A6: Conservador | B6: 0.3 | C6: 0.08 | D6: 0.45 | E6: =SUMPRODUCT((Perfil!$B$5:$B$124<=B6)*(Perfil!$C$5:$C$124>=C6)*(Perfil!$D$5:$D$124<=D6))*Parametros!$B$8 -> 27.5 | F6: =IF(E6=0,0,SUMPRODUCT((Perfil!$B$5:$B$124<=B6)*(Perfil!$C$5:$C$124>=C6)*(Perfil!$D$5:$D$124<=D6)*Perfil!$C$5:$C$124)*Parametros!$B$8/E6) -> 0.099381818 | G6: =IF(E6=0,0,SUMPRODUCT((Perfil!$B$5:$B$124<=B6)*(Perfil!$C$5:$C$124>=C6)*(Perfil!$D$5:$D$124<=D6)*Perfil!$D$5:$D$124)*Parametros!$B$8/E6) -> 0.25918182 | H6: =7758*Parametros!$B$9*247.105*E6*F6*(1-G6)/Parametros!$B$10/1000000 -> 115.0029 | I6: =IF($H$5=0,0,H6/$H$5-1) -> -0.17034056
A7: Optimista | B7: 0.5 | C7: 0.04 | D7: 0.7 | E7: =SUMPRODUCT((Perfil!$B$5:$B$124<=B7)*(Perfil!$C$5:$C$124>=C7)*(Perfil!$D$5:$D$124<=D7))*Parametros!$B$8 -> 47 | F7: =IF(E7=0,0,SUMPRODUCT((Perfil!$B$5:$B$124<=B7)*(Perfil!$C$5:$C$124>=C7)*(Perfil!$D$5:$D$124<=D7)*Perfil!$C$5:$C$124)*Parametros!$B$8/E7) -> 0.085797872 | G7: =IF(E7=0,0,SUMPRODUCT((Perfil!$B$5:$B$124<=B7)*(Perfil!$C$5:$C$124>=C7)*(Perfil!$D$5:$D$124<=D7)*Perfil!$D$5:$D$124)*Parametros!$B$8/E7) -> 0.36787234 | H7: =7758*Parametros!$B$9*247.105*E7*F7*(1-G7)/Parametros!$B$10/1000000 -> 144.78938 | I7: =IF($H$5=0,0,H7/$H$5-1) -> 0.044546465
A10: Rango por incertidumbre de parámetros (extremos = P90/P10, centro = P50 aproximado)
A11: Caso | B11: Área (km²) | C11: Espesor neto (m) | D11: PHIE | E11: Sw | F11: Bo | G11: STOIIP (MMstb)
A12: P90 (bajo) | B12: 32 | C12: =0.8*Resumen!B6 -> 31.2 | D12: =0.9*Resumen!B8 -> 0.0828 | E12: =Resumen!B9+0.05 -> 0.36985897 | F12: 1.4 | G12: =7758*B12*247.105*C12*D12*(1-E12)/F12/1000000 -> 71.33061
A13: P50 (medio) | B13: 40 | C13: =Resumen!B6 -> 39 | D13: =Resumen!B8 -> 0.092 | E13: =Resumen!B9 -> 0.31985897 | F13: 1.35 | G13: =7758*B13*247.105*C13*D13*(1-E13)/F13/1000000 -> 138.61459
A14: P10 (alto) | B14: 48 | C14: =1.2*Resumen!B6 -> 46.8 | D14: =1.1*Resumen!B8 -> 0.1012 | E14: =Resumen!B9-0.05 -> 0.26985897 | F14: 1.3 | G14: =7758*B14*247.105*C14*D14*(1-E14)/F14/1000000 -> 244.77232
A16: Los P90/P50/P10 de este bloque son escenarios determinísticos para practicar; un P90/P50/P10 estadístico sale de una simulación Monte Carlo (ver la lección del curso).
