Workbook

Sheet Parametros
A1: Prueba de restauración de presión: Horner y derivada
A2: Datos de ejemplo (sintéticos) con fines didácticos. Celdas azules sobre fondo crema = entradas editables; el resto son fórmulas.
A4: Parámetro | B4: Valor | C4: Unidad
A5: Caudal antes del cierre q | B5: 500 | C5: stb/d
A6: Factor volumétrico B | B6: 1.2 | C6: rb/stb
A7: Viscosidad μ | B7: 1 | C7: cP
A8: Espesor h | B8: 50 | C8: pies
A9: Porosidad φ | B9: 0.15 | C9: fracción
A10: Compresibilidad total ct | B10: 1e-05 | C10: 1/psi
A11: Radio del pozo rw | B11: 0.3 | C11: pies
A12: Tiempo de producción tp | B12: 240 | C12: h
A13: Fila inicial de la recta de Horner (1 a 70) | B13: 50
A14: Fila final de la recta de Horner (1 a 70) | B14: 65
A16: Los datos de presión se generaron con la solución analítica (k = 20 md, S = 3, C = 0,02 bbl/psi). Tu resultado debería acercarse a esos valores si la ventana está bien elegida.
A17: Probá moviendo la ventana a las primeras filas (almacenamiento): la permeabilidad se aleja del valor real.

Sheet Datos
A1: Datos de cierre (sintéticos) y derivada de Bourdet
A2: Datos de ejemplo (sintéticos) con fines didácticos. Celdas azules sobre fondo crema = entradas editables; el resto son fórmulas.
A4: N.º | B4: Δt (h) | C4: pws (psi) | D4: tp+Δt | E4: Horner (tp+Δt)/Δt | F4: log10 Horner | G4: Δp (psi) | H4: Δt equivalente (h) | I4: ln Δte | J4: Derivada dΔp/dlnΔte (psi)
A5: 1 | B5: 0.01 | C5: 3044.155 | D5: =Parametros!$B$12+B5 -> 240.01 | E5: =D5/B5 -> 24001 | F5: =LOG10(E5) -> 4.3802293 | G5: =C5-$C$5 -> 0 | H5: =B5*Parametros!$B$12/D5 -> 0.0099995834 | I5: =LN(H5) -> -4.6052119
A6: 2 | B6: 0.0115 | C6: 3045.986 | D6: =Parametros!$B$12+B6 -> 240.0115 | E6: =D6/B6 -> 20870.565 | F6: =LOG10(E6) -> 4.3195342 | G6: =C6-$C$5 -> 1.831 | H6: =B6*Parametros!$B$12/D6 -> 0.011499449 | I6: =LN(H6) -> -4.4654562 | J6: =((G6-G5)/(I6-I5)*(I7-I6)+(G7-G6)/(I7-I6)*(I6-I5))/(I7-I5) -> 13.967378
A7: 3 | B7: 0.0133 | C7: 3048.148 | D7: =Parametros!$B$12+B7 -> 240.0133 | E7: =D7/B7 -> 18046.113 | F7: =LOG10(E7) -> 4.2563837 | G7: =C7-$C$5 -> 3.993 | H7: =B7*Parametros!$B$12/D7 -> 0.013299263 | I7: =LN(H7) -> -4.3200467 | J7: =((G7-G6)/(I7-I6)*(I8-I7)+(G8-G7)/(I8-I7)*(I7-I6))/(I8-I6) -> 16.072147
A8: 4 | B8: 0.0154 | C8: 3050.682 | D8: =Parametros!$B$12+B8 -> 240.0154 | E8: =D8/B8 -> 15585.416 | F8: =LOG10(E8) -> 4.1927184 | G8: =C8-$C$5 -> 6.527 | H8: =B8*Parametros!$B$12/D8 -> 0.015399012 | I8: =LN(H8) -> -4.1734519 | J8: =((G8-G7)/(I8-I7)*(I9-I8)+(G9-G8)/(I9-I8)*(I8-I7))/(I9-I7) -> 18.649681
A9: 5 | B9: 0.0178 | C9: 3053.578 | D9: =Parametros!$B$12+B9 -> 240.0178 | E9: =D9/B9 -> 13484.146 | F9: =LOG10(E9) -> 4.1298234 | G9: =C9-$C$5 -> 9.423 | H9: =B9*Parametros!$B$12/D9 -> 0.01779868 | I9: =LN(H9) -> -4.028631 | J9: =((G9-G8)/(I9-I8)*(I10-I9)+(G10-G9)/(I10-I9)*(I9-I8))/(I10-I8) -> 21.485395
A10: 6 | B10: 0.0205 | C10: 3056.817 | D10: =Parametros!$B$12+B10 -> 240.0205 | E10: =D10/B10 -> 11708.317 | F10: =LOG10(E10) -> 4.0684945 | G10: =C10-$C$5 -> 12.662 | H10: =B10*Parametros!$B$12/D10 -> 0.020498249 | I10: =LN(H10) -> -3.8874158 | J10: =((G10-G9)/(I10-I9)*(I11-I10)+(G11-G10)/(I11-I10)*(I10-I9))/(I11-I9) -> 24.49903
A11: 7 | B11: 0.0237 | C11: 3060.603 | D11: =Parametros!$B$12+B11 -> 240.0237 | E11: =D11/B11 -> 10127.582 | F11: =LOG10(E11) -> 4.0055058 | G11: =C11-$C$5 -> 16.448 | H11: =B11*Parametros!$B$12/D11 -> 0.02369766 | I11: =LN(H11) -> -3.742379 | J11: =((G11-G10)/(I11-I10)*(I12-I11)+(G12-G11)/(I12-I11)*(I11-I10))/(I12-I10) -> 28.023258
A12: 8 | B12: 0.0273 | C12: 3064.83 | D12: =Parametros!$B$12+B12 -> 240.0273 | E12: =D12/B12 -> 8792.2088 | F12: =LOG10(E12) -> 3.944098 | G12: =C12-$C$5 -> 20.675 | H12: =B12*Parametros!$B$12/D12 -> 0.027296895 | I12: =LN(H12) -> -3.6009823 | J12: =((G12-G11)/(I12-I11)*(I13-I12)+(G13-G12)/(I13-I12)*(I12-I11))/(I13-I11) -> 32.105933
A13: 9 | B13: 0.0315 | C13: 3069.744 | D13: =Parametros!$B$12+B13 -> 240.0315 | E13: =D13/B13 -> 7620.0476 | F13: =LOG10(E13) -> 3.8819577 | G13: =C13-$C$5 -> 25.589 | H13: =B13*Parametros!$B$12/D13 -> 0.031495866 | I13: =LN(H13) -> -3.457899 | J13: =((G13-G12)/(I13-I12)*(I14-I13)+(G14-G13)/(I14-I13)*(I13-I12))/(I14-I12) -> 36.804814
A14: 10 | B14: 0.0364 | C14: 3075.424 | D14: =Parametros!$B$12+B14 -> 240.0364 | E14: =D14/B14 -> 6594.4066 | F14: =LOG10(E14) -> 3.8191757 | G14: =C14-$C$5 -> 31.269 | H14: =B14*Parametros!$B$12/D14 -> 0.03639448 | I14: =LN(H14) -> -3.3133382 | J14: =((G14-G13)/(I14-I13)*(I15-I14)+(G15-G14)/(I15-I14)*(I14-I13))/(I15-I13) -> 42.109539
A15: 11 | B15: 0.042 | C15: 3081.848 | D15: =Parametros!$B$12+B15 -> 240.042 | E15: =D15/B15 -> 5715.2857 | F15: =LOG10(E15) -> 3.7570379 | G15: =C15-$C$5 -> 37.693 | H15: =B15*Parametros!$B$12/D15 -> 0.041992651 | I15: =LN(H15) -> -3.1702606 | J15: =((G15-G14)/(I15-I14)*(I16-I15)+(G16-G15)/(I16-I15)*(I15-I14))/(I16-I14) -> 47.964466
A16: 12 | B16: 0.0485 | C16: 3089.192 | D16: =Parametros!$B$12+B16 -> 240.0485 | E16: =D16/B16 -> 4949.4536 | F16: =LOG10(E16) -> 3.6945573 | G16: =C16-$C$5 -> 45.037 | H16: =B16*Parametros!$B$12/D16 -> 0.048490201 | I16: =LN(H16) -> -3.0263935 | J16: =((G16-G15)/(I16-I15)*(I17-I16)+(G17-G16)/(I17-I16)*(I16-I15))/(I17-I15) -> 54.612275
A17: 13 | B17: 0.056 | C17: 3097.555 | D17: =Parametros!$B$12+B17 -> 240.056 | E17: =D17/B17 -> 4286.7143 | F17: =LOG10(E17) -> 3.6321245 | G17: =C17-$C$5 -> 53.4 | H17: =B17*Parametros!$B$12/D17 -> 0.055986936 | I17: =LN(H17) -> -2.8826369 | J17: =((G17-G16)/(I17-I16)*(I18-I17)+(G18-G17)/(I18-I17)*(I17-I16))/(I18-I16) -> 62.150705
... A73: 69 | B73: 172.8547 | C73: 3962.909 | D73: =Parametros!$B$12+B73 -> 412.8547 | E73: =D73/B73 -> 2.3884494 | F73: =LOG10(E73) -> 0.37811604 | G73: =C73-$C$5 -> 918.754 | H73: =B73*Parametros!$B$12/D73 -> 100.4836 | I73: =LN(H73) -> 4.6099946 | J73: =((G73-G72)/(I73-I72)*(I74-I73)+(G74-G73)/(I74-I73)*(I73-I72))/(I74-I72) -> 42.980768
A74: 70 | B74: 199.5262 | C74: 3966.385 | D74: =Parametros!$B$12+B74 -> 439.5262 | E74: =D74/B74 -> 2.2028496 | F74: =LOG10(E74) -> 0.34298484 | G74: =C74-$C$5 -> 922.23 | H74: =B74*Parametros!$B$12/D74 -> 108.94979 | I74: =LN(H74) -> 4.6908872

Sheet Resultados
A1: Resultados del análisis de Horner
A2: Datos de ejemplo (sintéticos) con fines didácticos. Celdas azules sobre fondo crema = entradas editables; el resto son fórmulas.
A4: Indicador | B4: Valor | C4: Unidad
A5: Pendiente m (psi por ciclo) | B5: =-SLOPE(INDEX(Datos!$C$5:$C$74,Parametros!$B$13):INDEX(Datos!$C$5:$C$74,Parametros!$B$14),INDEX(Datos!$F$5:$F$74,Parametros!$B$13):INDEX(Datos!$F$5:$F$74,Parametros!$B$14)) -> 103.08726 | C5: psi/ciclo
A6: Permeabilidad k | B6: =162.6*Parametros!B5*Parametros!B6*Parametros!B7/(B5*Parametros!B8) -> 18.927653 | C6: md
A7: Presión extrapolada p* | B7: =INTERCEPT(INDEX(Datos!$C$5:$C$74,Parametros!$B$13):INDEX(Datos!$C$5:$C$74,Parametros!$B$14),INDEX(Datos!$F$5:$F$74,Parametros!$B$13):INDEX(Datos!$F$5:$F$74,Parametros!$B$14)) -> 4003.0731 | C7: psi
A8: Presión a 1 h (p1h, sobre la recta) | B8: =B7+(-B5)*LOG10(Parametros!B12+1) -> 3757.5175 | C8: psi
A9: Presión de fondo fluyente al cierre (pwf) | B9: =Datos!C5 -> 3044.155 | C9: psi
A10: Factor de daño S | B10: =1.151*((B8-B9)/B5-LOG10(B6*1/(Parametros!B9*Parametros!B7*Parametros!B10*Parametros!B11^2))+3.23) -> 2.3057108
A11: Caída por daño Δps = 0,87·m·S | B11: =0.87*B5*B10 -> 206.78979 | C11: psi
A12: Eficiencia de flujo | B12: =(B7-B9-B11)/(B7-B9) -> 0.78435094 | C12: fracción
A15: Valores de referencia del ejemplo: k = 20 md y S = 3. La derivada de la hoja Datos muestra la meseta de flujo radial: k = 70,6·q·B·μ/(h·meseta).
