Workbook

Sheet Portafolio
A1: Suma de P90 frente al P90 del portafolio
A2: 500 sorteos fijos (hoja Sorteos). EUR por pozo lognormal con mediana editable. Datos de ejemplo.
A4: Parámetro | B4: Valor | C4: Unidad
A5: Cantidad de pozos (1 a 30) | B5: 20
A6: Dispersión σ (log natural) | B6: 0.6
A7: EUR mediano por pozo | B7: 100 | C7: Mbbl
A9: P90 del portafolio | B9: =PERCENTILE(Sorteos!AG3:AG502,0.1) -> 1.967322 | C9: MMbbl
A10: P50 del portafolio | B10: =PERCENTILE(Sorteos!AG3:AG502,0.5) -> 2.3872948 | C10: MMbbl
A11: P10 del portafolio | B11: =PERCENTILE(Sorteos!AG3:AG502,0.9) -> 2.8927072 | C11: MMbbl
A12: Suma aritmética de los P90 individuales | B12: =B5*B7*EXP(-1.2816*B6)/1000 -> 0.9269897 | C12: MMbbl
A13: Diferencia: suma de P90 frente al P90 del portafolio | B13: =B12/B9-1 -> -0.52880632
A14: Rango P10 / P90 del portafolio | B14: =B11/B9 -> 1.4703781
A16: La suma aritmética de P90 es la que se usa para reportar a la SEC; la agregación probabilista sirve para planificar y valuar. Con más pozos independientes, el P90 del portafolio se acerca al P50.

Sheet Sorteos
A1: Sorteos normales estándar fijos (valores); total por sorteo en la columna AG (MMbbl)
A2: n pozo → | B2: 1 | C2: 2 | D2: 3 | E2: 4 | F2: 5 | G2: 6 | H2: 7 | I2: 8 | J2: 9 | K2: 10 | L2: 11 | M2: 12 | N2: 13 | O2: 14 | P2: 15 | Q2: 16 | R2: 17 | S2: 18 | T2: 19 | U2: 20 | V2: 21 | W2: 22 | X2: 23 | Y2: 24 | Z2: 25 | AA2: 26 | AB2: 27 | AC2: 28 | AD2: 29 | AE2: 30 | AG2: Total (MMbbl)
A3: 1 | B3: -1.2241 | C3: 0.3776 | D3: 0.995 | E3: -0.5132 | F3: -1.329 | G3: -0.0655 | H3: 0.478 | I3: 1.0982 | J3: -1.2159 | K3: -1.2929 | L3: 0.7059 | M3: 0.4741 | N3: 1.5338 | O3: 0.9825 | P3: -0.1018 | Q3: -0.2742 | R3: 2.5705 | S3: -0.2888 | T3: -0.7849 | U3: -1.1383 | V3: 0.0955 | W3: 0.1453 | X3: -0.3449 | Y3: -0.0622 | Z3: 0.2731 | AA3: 0.6924 | AB3: 1.0968 | AC3: 0.2098 | AD3: -1.7898 | AE3: 0.7017 | AG3: =SUMPRODUCT(($B$2:$AE$2<=Portafolio!$B$5)*EXP(LN(Portafolio!$B$7)+Portafolio!$B$6*B3:AE3))/1000 -> 2.5509283
A4: 2 | B4: -1.4197 | C4: -0.1714 | D4: -1.4738 | E4: 0.0021 | F4: -0.7786 | G4: 0.2139 | H4: 3.3003 | I4: -0.0486 | J4: 0.8423 | K4: -1.3233 | L4: -0.2881 | M4: 0.6625 | N4: -0.0927 | O4: 0.3702 | P4: 0.1033 | Q4: -1.0061 | R4: 0.5637 | S4: -0.812 | T4: 1.8718 | U4: -0.5052 | V4: 0.6861 | W4: 0.0023 | X4: 0.9524 | Y4: -0.6022 | Z4: 0.9989 | AA4: -0.1239 | AB4: 1.2633 | AC4: 0.6242 | AD4: 0.1413 | AE4: -0.7803 | AG4: =SUMPRODUCT(($B$2:$AE$2<=Portafolio!$B$5)*EXP(LN(Portafolio!$B$7)+Portafolio!$B$6*B4:AE4))/1000 -> 2.6796201
A5: 3 | B5: 0.7678 | C5: 0.4682 | D5: 1.6419 | E5: -0.377 | F5: 0.5548 | G5: 0.5079 | H5: 0.283 | I5: 0.2084 | J5: 0.1821 | K5: -0.5984 | L5: -1.0145 | M5: -0.3965 | N5: 0.5908 | O5: 1.5112 | P5: 0.9771 | Q5: 1.0533 | R5: 0.7773 | S5: 0.6985 | T5: 0.1834 | U5: 0.7715 | V5: 1.7737 | W5: -0.3276 | X5: -0.6938 | Y5: 1.9601 | Z5: 0.2447 | AA5: 0.971 | AB5: 0.8739 | AC5: -1.1357 | AD5: 2.4335 | AE5: 1.7758 | AG5: =SUMPRODUCT(($B$2:$AE$2<=Portafolio!$B$5)*EXP(LN(Portafolio!$B$7)+Portafolio!$B$6*B5:AE5))/1000 -> 2.8000911
A6: 4 | B6: 0.1769 | C6: 0.7525 | D6: 0.1269 | E6: -0.8842 | F6: -0.1121 | G6: 0.374 | H6: 1.1158 | I6: 0.7093 | J6: 0.0595 | K6: 1.3548 | L6: -0.7607 | M6: 0.7929 | N6: 1.1122 | O6: -0.292 | P6: -1.7906 | Q6: -0.9063 | R6: 0.237 | S6: 0.5278 | T6: 1.5482 | U6: -1.0042 | V6: 0.002 | W6: 0.6488 | X6: -0.1577 | Y6: -2.3697 | Z6: 0.8065 | AA6: 2.3123 | AB6: 1.0043 | AC6: -0.9174 | AD6: -0.4124 | AE6: 0.2218 | AG6: =SUMPRODUCT(($B$2:$AE$2<=Portafolio!$B$5)*EXP(LN(Portafolio!$B$7)+Portafolio!$B$6*B6:AE6))/1000 -> 2.4868704
A7: 5 | B7: 2.489 | C7: 0.6174 | D7: 0.1136 | E7: 1.5575 | F7: -0.0817 | G7: 1.8614 | H7: -0.685 | I7: -0.4748 | J7: 0.7209 | K7: 1.4244 | L7: 0.6539 | M7: 0.3016 | N7: -1.8216 | O7: -0.7129 | P7: -0.6106 | Q7: -0.5336 | R7: 0.5864 | S7: -0.3352 | T7: 0.7877 | U7: 0.0823 | V7: -0.3328 | W7: 0.1182 | X7: 0.4288 | Y7: 0.8581 | Z7: -0.4775 | AA7: -0.2327 | AB7: -1.3636 | AC7: 1.6038 | AD7: 1.4518 | AE7: -0.1788 | AG7: =SUMPRODUCT(($B$2:$AE$2<=Portafolio!$B$5)*EXP(LN(Portafolio!$B$7)+Portafolio!$B$6*B7:AE7))/1000 -> 2.8810794
A8: 6 | B8: -0.4784 | C8: -1.2359 | D8: 0.1699 | E8: 0.2063 | F8: 2.1817 | G8: 0.2463 | H8: -0.7779 | I8: -2.4446 | J8: 1.4094 | K8: 0.1894 | L8: -1.6093 | M8: 0.1804 | N8: -1.6086 | O8: 3.4804 | P8: 1.1189 | Q8: 0.5725 | R8: -0.1751 | S8: -2.1397 | T8: -0.1264 | U8: -1.5546 | V8: 0.5962 | W8: -2.1389 | X8: -0.9077 | Y8: 1.2196 | Z8: 1.6439 | AA8: -1.1812 | AB8: -1.534 | AC8: 0.8794 | AD8: 0.8531 | AE8: -0.9866 | AG8: =SUMPRODUCT(($B$2:$AE$2<=Portafolio!$B$5)*EXP(LN(Portafolio!$B$7)+Portafolio!$B$6*B8:AE8))/1000 -> 2.8446386
A9: 7 | B9: -0.6943 | C9: -0.694 | D9: -1.1894 | E9: -0.6802 | F9: 1.2507 | G9: 0.6897 | H9: 2.0566 | I9: -0.0863 | J9: -0.1354 | K9: -0.9824 | L9: -0.1238 | M9: -1.3131 | N9: -1.7774 | O9: 0.697 | P9: 1.4401 | Q9: 0.8369 | R9: 1.3324 | S9: 0.2523 | T9: -0.7182 | U9: 0.0863 | V9: -0.374 | W9: -1.1115 | X9: -1.6925 | Y9: -1.4828 | Z9: -0.0055 | AA9: 0.1507 | AB9: -0.4746 | AC9: 1.429 | AD9: 0.179 | AE9: 0.5828 | AG9: =SUMPRODUCT(($B$2:$AE$2<=Portafolio!$B$5)*EXP(LN(Portafolio!$B$7)+Portafolio!$B$6*B9:AE9))/1000 -> 2.4327399
A10: 8 | B10: 1.2186 | C10: -0.8201 | D10: -1.9698 | E10: 0.7524 | F10: -0.6884 | G10: 1.311 | H10: 0.3376 | I10: 1.0067 | J10: 0.7637 | K10: -2.0806 | L10: 0.7192 | M10: -0.6731 | N10: -0.7561 | O10: -0.4351 | P10: 0.7682 | Q10: 0.8844 | R10: 1.0113 | S10: -1.6597 | T10: -0.5906 | U10: -2.3754 | V10: -0.102 | W10: 0.6001 | X10: -0.764 | Y10: 0.2448 | Z10: 0.2314 | AA10: 1.0076 | AB10: -0.8214 | AC10: -0.829 | AD10: -0.7633 | AE10: 1.7526 | AG10: =SUMPRODUCT(($B$2:$AE$2<=Portafolio!$B$5)*EXP(LN(Portafolio!$B$7)+Portafolio!$B$6*B10:AE10))/1000 -> 2.2390333
A11: 9 | B11: 1.0906 | C11: -0.1236 | D11: 0.2256 | E11: 0.1144 | F11: 0.203 | G11: -0.2086 | H11: -0.3342 | I11: -1.2566 | J11: -0.6418 | K11: 1.6504 | L11: 0.5366 | M11: 0.0648 | N11: -0.2148 | O11: 0.0627 | P11: 0.3533 | Q11: -0.6459 | R11: 0.1963 | S11: 0.24 | T11: -0.7486 | U11: -0.789 | V11: -0.999 | W11: -1.0633 | X11: 0.8899 | Y11: -2.3602 | Z11: -0.2668 | AA11: -0.6111 | AB11: -0.6198 | AC11: 0.0976 | AD11: 1.1279 | AE11: 0.0764 | AG11: =SUMPRODUCT(($B$2:$AE$2<=Portafolio!$B$5)*EXP(LN(Portafolio!$B$7)+Portafolio!$B$6*B11:AE11))/1000 -> 2.1534063
A12: 10 | B12: -0.1402 | C12: -0.6124 | D12: -0.129 | E12: 0.9121 | F12: -0.394 | G12: -1.1465 | H12: -1.2641 | I12: -1.1067 | J12: -1.3899 | K12: 1.099 | L12: 0.3552 | M12: -0.2374 | N12: 1.4595 | O12: -0.6579 | P12: 0.753 | Q12: 0.801 | R12: -1.5463 | S12: -1.557 | T12: -0.9275 | U12: 0.9067 | V12: 1.2961 | W12: -1.2276 | X12: 1.0485 | Y12: -0.383 | Z12: -0.3935 | AA12: -0.5511 | AB12: -0.324 | AC12: -1.8183 | AD12: -1.0012 | AE12: -1.2356 | AG12: =SUMPRODUCT(($B$2:$AE$2<=Portafolio!$B$5)*EXP(LN(Portafolio!$B$7)+Portafolio!$B$6*B12:AE12))/1000 -> 2.0360909
A13: 11 | B13: 0.4905 | C13: 2.0891 | D13: 2.7318 | E13: -0.3365 | F13: -1.7214 | G13: -0.4071 | H13: -0.9393 | I13: 1.9833 | J13: 0.571 | K13: -0.7287 | L13: 0.9358 | M13: 0.5359 | N13: -1.6253 | O13: -0.5315 | P13: -0.2393 | Q13: 0.0189 | R13: 0.1321 | S13: -0.339 | T13: 0.1899 | U13: -0.5862 | V13: -0.8965 | W13: 1.5158 | X13: 0.3603 | Y13: 0.4383 | Z13: -1.595 | AA13: -0.1662 | AB13: 0.8192 | AC13: -1.2912 | AD13: 1.0978 | AE13: -0.3894 | AG13: =SUMPRODUCT(($B$2:$AE$2<=Portafolio!$B$5)*EXP(LN(Portafolio!$B$7)+Portafolio!$B$6*B13:AE13))/1000 -> 2.7698973
A14: 12 | B14: 0.4027 | C14: -0.1332 | D14: 0.2185 | E14: 1.2034 | F14: -0.4034 | G14: 1.5644 | H14: -0.782 | I14: -0.9317 | J14: 0.711 | K14: -1.066 | L14: -0.3704 | M14: 0.9071 | N14: 1.2105 | O14: -1.7749 | P14: 0.5059 | Q14: 1.8838 | R14: 1.195 | S14: -0.2401 | T14: -0.6006 | U14: -0.2965 | V14: -1.1528 | W14: -0.2646 | X14: -0.1873 | Y14: -0.1457 | Z14: 1.1826 | AA14: -0.2302 | AB14: -1.4578 | AC14: 1.051 | AD14: -1.0727 | AE14: -0.4472 | AG14: =SUMPRODUCT(($B$2:$AE$2<=Portafolio!$B$5)*EXP(LN(Portafolio!$B$7)+Portafolio!$B$6*B14:AE14))/1000 -> 2.5829509
... A502: 500 | B502: 1.7151 | C502: -0.0351 | D502: 0.7313 | E502: 0.8789 | F502: 2.9489 | G502: -0.3906 | H502: -0.2673 | I502: 0.5337 | J502: 0.7343 | K502: 0.423 | L502: 0.4957 | M502: 1.347 | N502: 1.3355 | O502: 1.014 | P502: -2.2447 | Q502: -0.353 | R502: -0.8017 | S502: -0.5867 | T502: -0.4246 | U502: 2.052 | V502: 0.4755 | W502: -1.1729 | X502: 0.3175 | Y502: 0.9126 | Z502: 1.5981 | AA502: 0.0001 | AB502: -0.1896 | AC502: -0.9278 | AD502: -0.0329 | AE502: -0.2076 | AG502: =SUMPRODUCT(($B$2:$AE$2<=Portafolio!$B$5)*EXP(LN(Portafolio!$B$7)+Portafolio!$B$6*B502:AE502))/1000 -> 3.2999879

Sheet Conciliacion
A1: Conciliación anual de reservas
A2: MMboe. Datos de ejemplo.
A4: Concepto | B4: Año 1 | C4: Año 2 | D4: Año 3
A5: Reservas iniciales | B5: 400 | C5: =B11 -> 389 | D5: =C11 -> 360
A6: Producción | B6: -35 | C6: -36 | D6: -37
A7: Revisiones | B7: 6 | C7: -15 | D7: 4
A8: Extensiones y descubrimientos | B8: 18 | C8: 12 | D8: 25
A9: Compras | B9: 0 | C9: 10 | D9: 0
A10: Ventas | B10: 0 | C10: 0 | D10: -8
A11: Reservas de cierre | B11: =SUM(B5:B10) -> 389 | C11: =SUM(C5:C10) -> 360 | D11: =SUM(D5:D10) -> 344
A12: Adiciones netas | B12: =SUM(B7:B10) -> 24 | C12: =SUM(C7:C10) -> 7 | D12: =SUM(D7:D10) -> 21
A13: Tasa de reposición | B13: =B12/-B6 -> 0.68571429 | C13: =C12/-C6 -> 0.19444444 | D13: =D12/-D6 -> 0.56756757
A14: Relación reservas / producción (años) | B14: =B11/-B6 -> 11.114286 | C14: =C11/-C6 -> 10 | D14: =D11/-D6 -> 9.2972973
A16: Producción y ventas se cargan con signo negativo. Tasa de reposición = adiciones netas / producción (cada empresa define su versión). Tarea: cargá una revisión de −15 y mirá el efecto.
